id_partida,tick,tipo_evento,ganador_final,duracion_final,estrategia_j1,estrategia_j2,elixir_j1,elixir_j2,mano_j1,mano_j2,actor_evento,carta_usada,coste_carta,pos_x,pos_y,id_atacante,id_objetivo,dano_base,vida_restante_obj,id_entidad_destruida
partida_0,1,TROPA_DESPLEGADA,JUGADOR_1,180,EstrategiaMenorCosto,EstrategiaDefensiva,5,1,Bárbaros|Mini P.E.K.K.A|Arqueras|Gigante,Mago|Mago de Hielo|Bárbaros|Caballero,JUGADOR_2,Mini P.E.K.K.A,4,6,28,,,,,
partida_0,2,TROPA_DESPLEGADA,JUGADOR_1,180,EstrategiaMenorCosto,EstrategiaDefensiva,2,1,Bárbaros|Mini P.E.K.K.A|Gigante|Ejército de Esqueletos,Mago|Mago de Hielo|Bárbaros|Caballero,JUGADOR_1,Arqueras,3,3,0,,,,,
partida_0,4,TROPA_DESPLEGADA,JUGADOR_1,180,EstrategiaMenorCosto,EstrategiaDefensiva,0,2,Bárbaros|Mini P.E.K.K.A|Gigante|Valquiria,Mago|Mago de Hielo|Bárbaros|Caballero,JUGADOR_1,Ejército de Esqueletos,3,16,12,,,,,
partida_0,12,TROPA_DESPLEGADA,JUGADOR_1,180,EstrategiaMenorCosto,EstrategiaDefensiva,3,2,Bárbaros|Mini P.E.K.K.A|Gigante|Valquiria,Mago|Mago de Hielo|Bárbaros|Mosquetera,JUGADOR_2,Caballero,3,6,28,,,,,
partida_0,15,TROPA_DESPLEGADA,JUGADOR_1,180,EstrategiaMenorCosto,EstrategiaDefensiva,0,3,Bárbaros|Gigante|Valquiria|Mago,Mago|Mago de Hielo|Bárbaros|Mosquetera,JUGADOR_1,Mini P.E.K.K.A,4,14,13,,,,,
partida_0,21,TROPA_DESPLEGADA,JUGADOR_1,180,EstrategiaMenorCosto,EstrategiaDefensiva,2,2,Bárbaros|Gigante|Valquiria|Mago,Mago|Bárbaros|Mosquetera|Gigante,JUGADOR_2,Mago de Hielo,3,6,28,,,,,
partida_0,27,TROPA_DESPLEGADA,JUGADOR_1,180,EstrategiaMenorCosto,EstrategiaDefensiva,0,4,Bárbaros|Gigante|Mago|Mosquetera,Mago|Bárbaros|Mosquetera|Gigante,JUGADOR_1,Valquiria,4,12,11,,,,,
partida_0,30,TROPA_DESPLEGADA,JUGADOR_1,180,EstrategiaMenorCosto,EstrategiaDefensiva,1,0,Bárbaros|Gigante|Mago|Mosquetera,Mago|Bárbaros|Mosquetera|P.E.K.K.A,JUGADOR_2,Gigante,5,6,28,,,,,
partida_0,39,TROPA_DESPLEGADA,JUGADOR_1,180,EstrategiaMenorCosto,EstrategiaDefensiva,0,3,Bárbaros|Gigante|Mago|Arqueras,Mago|Bárbaros|Mosquetera|P.E.K.K.A,JUGADOR_1,Mosquetera,4,5,1,,,,,
partida_0,45,TROPA_DESPLEGADA,JUGADOR_1,180,EstrategiaMenorCosto,EstrategiaDefensiva,2,0,Bárbaros|Gigante|Mago|Arqueras,Bárbaros|Mosquetera|P.E.K.K.A|Mini P.E.K.K.A,JUGADOR_2,Mago,5,6,28,,,,,
partida_0,48,TROPA_DESPLEGADA,JUGADOR_1,180,EstrategiaMenorCosto,EstrategiaDefensiva,0,1,Bárbaros|Gigante|Mago|Ejército de Esqueletos,Bárbaros|Mosquetera|P.E.K.K.A|Mini P.E.K.K.A,JUGADOR_1,Arqueras,3,12,0,,,,,
partida_0,57,TROPA_DESPLEGADA,JUGADOR_1,180,EstrategiaMenorCosto,EstrategiaDefensiva,0,4,Bárbaros|Gigante|Mago|Mini P.E.K.K.A,Bárbaros|Mosquetera|P.E.K.K.A|Mini P.E.K.K.A,JUGADOR_1,Ejército de Esqueletos,3,16,4,,,,,
partida_0,61,TROPA_DESPLEGADA,JUGADOR_1,180,EstrategiaMenorCosto,EstrategiaDefensiva,1,1,Bárbaros|Gigante|Mago|Mini P.E.K.K.A,Bárbaros|Mosquetera|P.E.K.K.A|Caballero,JUGADOR_2,Mini P.E.K.K.A,4,6,28,,,,,
partida_0,69,TROPA_DESPLEGADA,JUGADOR_1,180,EstrategiaMenorCosto,EstrategiaDefensiva,0,4,Bárbaros|Gigante|Mago|Valquiria,Bárbaros|Mosquetera|P.E.K.K.A|Caballero,JUGADOR_1,Mini P.E.K.K.A,4,11,18,,,,,
partida_0,72,TROPA_DESPLEGADA,JUGADOR_1,180,EstrategiaMenorCosto,EstrategiaDefensiva,1,2,Bárbaros|Gigante|Mago|Valquiria,Bárbaros|Mosquetera|P.E.K.K.A|Mago de Hielo,JUGADOR_2,Caballero,3,6,28,,,,,
partida_0,81,TROPA_DESPLEGADA,JUGADOR_1,180,EstrategiaMenorCosto,EstrategiaDefensiva,0,5,Bárbaros|Gigante|Mago|Mosquetera,Bárbaros|Mosquetera|P.E.K.K.A|Mago de Hielo,JUGADOR_1,Valquiria,4,9,14,,,,,
partida_0,82,TROPA_DESPLEGADA,JUGADOR_1,180,EstrategiaMenorCosto,EstrategiaDefensiva,0,2,Bárbaros|Gigante|Mago|Mosquetera,Bárbaros|Mosquetera|P.E.K.K.A|Gigante,JUGADOR_2,Mago de Hielo,3,6,28,,,,,
partida_0,90,TROPA_DESPLEGADA,JUGADOR_1,180,EstrategiaMenorCosto,EstrategiaDefensiva,3,0,Bárbaros|Gigante|Mago|Mosquetera,Bárbaros|Mosquetera|P.E.K.K.A|Mago,JUGADOR_2,Gigante,5,6,28,,,,,
partida_0,93,TROPA_DESPLEGADA,JUGADOR_1,180,EstrategiaMenorCosto,EstrategiaDefensiva,0,1,Bárbaros|Gigante|Mago|Arqueras,Bárbaros|Mosquetera|P.E.K.K.A|Mago,JUGADOR_1,Mosquetera,4,8,12,,,,,
partida_0,102,TROPA_DESPLEGADA,JUGADOR_1,180,EstrategiaMenorCosto,EstrategiaDefensiva,0,4,Bárbaros|Gigante|Mago|Ejército de Esqueletos,Bárbaros|Mosquetera|P.E.K.K.A|Mago,JUGADOR_1,Arqueras,3,13,3,,,,,
partida_0,106,TROPA_DESPLEGADA,JUGADOR_1,180,EstrategiaMenorCosto,EstrategiaDefensiva,1,1,Bárbaros|Gigante|Mago|Ejército de Esqueletos,Bárbaros|P.E.K.K.A|Mago|Mini P.E.K.K.A,JUGADOR_2,Mosquetera,4,6,28,,,,,
partida_0,111,TROPA_DESPLEGADA,JUGADOR_1,180,EstrategiaMenorCosto,EstrategiaDefensiva,0,3,Bárbaros|Gigante|Mago|Mini P.E.K.K.A,Bárbaros|P.E.K.K.A|Mago|Mini P.E.K.K.A,JUGADOR_1,Ejército de Esqueletos,3,6,1,,,,,
partida_0,117,TROPA_DESPLEGADA,JUGADOR_1,180,EstrategiaMenorCosto,EstrategiaDefensiva,2,1,Bárbaros|Gigante|Mago|Mini P.E.K.K.A,Bárbaros|P.E.K.K.A|Mago|Caballero,JUGADOR_2,Mini P.E.K.K.A,4,6,28,,,,,
partida_0,123,TROPA_DESPLEGADA,JUGADOR_1,180,EstrategiaMenorCosto,EstrategiaDefensiva,0,3,Bárbaros|Gigante|Mago|Valquiria,Bárbaros|P.E.K.K.A|Mago|Caballero,JUGADOR_1,Mini P.E.K.K.A,4,15,3,,,,,
partida_0,130,TROPA_DESPLEGADA,JUGADOR_1,180,EstrategiaMenorCosto,EstrategiaDefensiva,2,2,Bárbaros|Gigante|Mago|Valquiria,Bárbaros|P.E.K.K.A|Mago|Mago de Hielo,JUGADOR_2,Caballero,3,6,28,,,,,
partida_0,135,TROPA_DESPLEGADA,JUGADOR_1,180,EstrategiaMenorCosto,EstrategiaDefensiva,0,4,Bárbaros|Gigante|Mago|Mosquetera,Bárbaros|P.E.K.K.A|Mago|Mago de Hielo,JUGADOR_1,Valquiria,4,9,0,,,,,
partida_0,138,TROPA_DESPLEGADA,JUGADOR_1,180,EstrategiaMenorCosto,EstrategiaDefensiva,1,2,Bárbaros|Gigante|Mago|Mosquetera,Bárbaros|P.E.K.K.A|Mago|Gigante,JUGADOR_2,Mago de Hielo,3,6,28,,,,,
partida_0,147,TROPA_DESPLEGADA,JUGADOR_1,180,EstrategiaMenorCosto,EstrategiaDefensiva,0,5,Bárbaros|Gigante|Mago|Arqueras,Bárbaros|P.E.K.K.A|Mago|Gigante,JUGADOR_1,Mosquetera,4,1,1,,,,,
partida_0,149,TROPA_DESPLEGADA,JUGADOR_1,180,EstrategiaMenorCosto,EstrategiaDefensiva,0,0,Bárbaros|Gigante|Mago|Arqueras,Bárbaros|P.E.K.K.A|Mago|Mosquetera,JUGADOR_2,Gigante,5,6,28,,,,,
partida_0,156,TROPA_DESPLEGADA,JUGADOR_1,180,EstrategiaMenorCosto,EstrategiaDefensiva,0,3,Bárbaros|Gigante|Mago|Ejército de Esqueletos,Bárbaros|P.E.K.K.A|Mago|Mosquetera,JUGADOR_1,Arqueras,3,11,11,,,,,
partida_0,163,TROPA_DESPLEGADA,JUGADOR_1,180,EstrategiaMenorCosto,EstrategiaDefensiva,2,0,Bárbaros|Gigante|Mago|Ejército de Esqueletos,Bárbaros|P.E.K.K.A|Mosquetera|Mini P.E.K.K.A,JUGADOR_2,Mago,5,6,28,,,,,
partida_0,165,TROPA_DESPLEGADA,JUGADOR_1,180,EstrategiaMenorCosto,EstrategiaDefensiva,0,1,Bárbaros|Gigante|Mago|Mini P.E.K.K.A,Bárbaros|P.E.K.K.A|Mosquetera|Mini P.E.K.K.A,JUGADOR_1,Ejército de Esqueletos,3,8,0,,,,,
partida_0,177,TROPA_DESPLEGADA,JUGADOR_1,180,EstrategiaMenorCosto,EstrategiaDefensiva,0,5,Bárbaros|Gigante|Mago|Valquiria,Bárbaros|P.E.K.K.A|Mosquetera|Mini P.E.K.K.A,JUGADOR_1,Mini P.E.K.K.A,4,8,13,,,,,
partida_0,178,TROPA_DESPLEGADA,JUGADOR_1,180,EstrategiaMenorCosto,EstrategiaDefensiva,0,1,Bárbaros|Gigante|Mago|Valquiria,Bárbaros|P.E.K.K.A|Mosquetera|Caballero,JUGADOR_2,Mini P.E.K.K.A,4,6,28,,,,,
partida_0,180,PARTIDA_TERMINADA,JUGADOR_1,180,EstrategiaMenorCosto,EstrategiaDefensiva,1,2,Bárbaros|Gigante|Mago|Valquiria,Bárbaros|P.E.K.K.A|Mosquetera|Caballero,,,,,,,,,,
partida_1,1,TROPA_DESPLEGADA,JUGADOR_2,74,EstrategiaAleatoria,EstrategiaAgresiva,2,5,P.E.K.K.A|Mago|Bárbaros|Gigante,P.E.K.K.A|Arqueras|Mago|Ejército de Esqueletos,JUGADOR_1,Ejército de Esqueletos,3,8,8,,,,,
partida_1,1,TROPA_DESPLEGADA,JUGADOR_2,74,EstrategiaAleatoria,EstrategiaAgresiva,2,0,P.E.K.K.A|Mago|Bárbaros|Gigante,P.E.K.K.A|Arqueras|Ejército de Esqueletos|Bárbaros,JUGADOR_2,Mago,5,0,17,,,,,
partida_1,9,TROPA_DESPLEGADA,JUGADOR_2,74,EstrategiaAleatoria,EstrategiaAgresiva,5,0,P.E.K.K.A|Mago|Bárbaros|Gigante,P.E.K.K.A|Arqueras|Bárbaros|Mini P.E.K.K.A,JUGADOR_2,Ejército de Esqueletos,3,0,17,,,,,
partida_1,10,TROPA_DESPLEGADA,JUGADOR_2,74,EstrategiaAleatoria,EstrategiaAgresiva,0,0,P.E.K.K.A|Mago|Gigante|Caballero,P.E.K.K.A|Arqueras|Bárbaros|Mini P.E.K.K.A,JUGADOR_1,Bárbaros,5,2,8,,,,,
partida_1,20,TROPA_DESPLEGADA,JUGADOR_2,74,EstrategiaAleatoria,EstrategiaAgresiva,0,3,P.E.K.K.A|Mago|Gigante|Valquiria,P.E.K.K.A|Arqueras|Bárbaros|Mini P.E.K.K.A,JUGADOR_1,Caballero,3,14,8,,,,,
partida_1,20,TROPA_DESPLEGADA,JUGADOR_2,74,EstrategiaAleatoria,EstrategiaAgresiva,0,0,P.E.K.K.A|Mago|Gigante|Valquiria,P.E.K.K.A|Bárbaros|Mini P.E.K.K.A|Príncipe,JUGADOR_2,Arqueras,3,0,17,,,,,
partida_1,30,TROPA_DESPLEGADA,JUGADOR_2,74,EstrategiaAleatoria,EstrategiaAgresiva,0,4,P.E.K.K.A|Mago|Gigante|Príncipe,P.E.K.K.A|Bárbaros|Mini P.E.K.K.A|Príncipe,JUGADOR_1,Valquiria,4,13,14,,,,,
partida_1,30,TROPA_DESPLEGADA,JUGADOR_2,74,EstrategiaAleatoria,EstrategiaAgresiva,0,0,P.E.K.K.A|Mago|Gigante|Príncipe,P.E.K.K.A|Bárbaros|Príncipe|Mago de Hielo,JUGADOR_2,Mini P.E.K.K.A,4,0,17,,,,,
partida_1,39,TROPA_DESPLEGADA,JUGADOR_2,74,EstrategiaAleatoria,EstrategiaAgresiva,3,0,P.E.K.K.A|Mago|Gigante|Príncipe,P.E.K.K.A|Bárbaros|Príncipe|Mago,JUGADOR_2,Mago de Hielo,3,0,17,,,,,
partida_1,46,TROPA_DESPLEGADA,JUGADOR_2,74,EstrategiaAleatoria,EstrategiaAgresiva,0,2,P.E.K.K.A|Gigante|Príncipe|Ejército de Esqueletos,P.E.K.K.A|Bárbaros|Príncipe|Mago,JUGADOR_1,Mago,5,5,5,,,,,
partida_1,54,TROPA_DESPLEGADA,JUGADOR_2,74,EstrategiaAleatoria,EstrategiaAgresiva,0,5,P.E.K.K.A|Gigante|Príncipe|Bárbaros,P.E.K.K.A|Bárbaros|Príncipe|Mago,JUGADOR_1,Ejército de Esqueletos,3,0,3,,,,,
partida_1,54,TROPA_DESPLEGADA,JUGADOR_2,74,EstrategiaAleatoria,EstrategiaAgresiva,0,0,P.E.K.K.A|Gigante|Príncipe|Bárbaros,P.E.K.K.A|Bárbaros|Mago|Ejército de Esqueletos,JUGADOR_2,Príncipe,5,0,10,,,,,
partida_1,63,TROPA_DESPLEGADA,JUGADOR_2,74,EstrategiaAleatoria,EstrategiaAgresiva,3,0,P.E.K.K.A|Gigante|Príncipe|Bárbaros,P.E.K.K.A|Bárbaros|Mago|Arqueras,JUGADOR_2,Ejército de Esqueletos,3,0,10,,,,,
partida_1,69,TROPA_DESPLEGADA,JUGADOR_2,74,EstrategiaAleatoria,EstrategiaAgresiva,0,2,P.E.K.K.A|Gigante|Príncipe|Caballero,P.E.K.K.A|Bárbaros|Mago|Arqueras,JUGADOR_1,Bárbaros,5,14,8,,,,,
partida_1,72,TROPA_DESPLEGADA,JUGADOR_2,74,EstrategiaAleatoria,EstrategiaAgresiva,1,0,P.E.K.K.A|Gigante|Príncipe|Caballero,P.E.K.K.A|Bárbaros|Mago|Mini P.E.K.K.A,JUGADOR_2,Arqueras,3,0,10,,,,,
partida_1,74,PARTIDA_TERMINADA,JUGADOR_2,74,EstrategiaAleatoria,EstrategiaAgresiva,1,0,P.E.K.K.A|Gigante|Príncipe|Caballero,P.E.K.K.A|Bárbaros|Mago|Mini P.E.K.K.A,,,,,,,,,,
partida_2,1,TROPA_DESPLEGADA,JUGADOR_1,97,EstrategiaAgresiva,EstrategiaMenorCosto,0,5,Ejército de Esqueletos|Valquiria|Mago de Hielo|Mosquetera,Arqueras|Mosquetera|Valquiria|Príncipe,JUGADOR_1,Gigante,5,0,14,,,,,
partida_2,1,TROPA_DESPLEGADA,JUGADOR_1,97,EstrategiaAgresiva,EstrategiaMenorCosto,0,2,Ejército de Esqueletos|Valquiria|Mago de Hielo|Mosquetera,Mosquetera|Valquiria|Príncipe|Mago de Hielo,JUGADOR_2,Arqueras,3,3,19,,,,,
partida_2,3,TROPA_DESPLEGADA,JUGADOR_1,97,EstrategiaAgresiva,EstrategiaMenorCosto,1,0,Ejército de Esqueletos|Valquiria|Mago de Hielo|Mosquetera,Mosquetera|Valquiria|Príncipe|Gigante,JUGADOR_2,Mago de Hielo,3,10,31,,,,,
partida_2,9,TROPA_DESPLEGADA,JUGADOR_1,97,EstrategiaAgresiva,EstrategiaMenorCosto,0,2,Ejército de Esqueletos|Valquiria|Mosquetera|Mini P.E.K.K.A,Mosquetera|Valquiria|Príncipe|Gigante,JUGADOR_1,Mago de Hielo,3,0,14,,,,,
partida_2,15,TROPA_DESPLEGADA,JUGADOR_1,97,EstrategiaAgresiva,EstrategiaMenorCosto,2,0,Ejército de Esqueletos|Valquiria|Mosquetera|Mini P.E.K.K.A,Valquiria|Príncipe|Gigante|Mini P.E.K.K.A,JUGADOR_2,Mosquetera,4,7,21,,,,,
partida_2,18,TROPA_DESPLEGADA,JUGADOR_1,97,EstrategiaAgresiva,EstrategiaMenorCosto,0,1,Valquiria|Mosquetera|Mini P.E.K.K.A|Bárbaros,Valquiria|Príncipe|Gigante|Mini P.E.K.K.A,JUGADOR_1,Ejército de Esqueletos,3,0,14,,,,,
partida_2,27,TROPA_DESPLEGADA,JUGADOR_1,97,EstrategiaAgresiva,EstrategiaMenorCosto,3,0,Valquiria|Mosquetera|Mini P.E.K.K.A|Bárbaros,Príncipe|Gigante|Mini P.E.K.K.A|P.E.K.K.A,JUGADOR_2,Valquiria,4,17,22,,,,,
partida_2,30,TROPA_DESPLEGADA,JUGADOR_1,97,EstrategiaAgresiva,EstrategiaMenorCosto,0,1,Valquiria|Mosquetera|Bárbaros|P.E.K.K.A,Príncipe|Gigante|Mini P.E.K.K.A|P.E.K.K.A,JUGADOR_1,Mini P.E.K.K.A,4,0,14,,,,,
partida_2,39,TROPA_DESPLEGADA,JUGADOR_1,97,EstrategiaAgresiva,EstrategiaMenorCosto,3,0,Valquiria|Mosquetera|Bárbaros|P.E.K.K.A,Príncipe|Gigante|P.E.K.K.A|Arqueras,JUGADOR_2,Mini P.E.K.K.A,4,16,27,,,,,
partida_2,42,TROPA_DESPLEGADA,JUGADOR_1,97,EstrategiaAgresiva,EstrategiaMenorCosto,0,1,Mosquetera|Bárbaros|P.E.K.K.A|Gigante,Príncipe|Gigante|P.E.K.K.A|Arqueras,JUGADOR_1,Valquiria,4,0,14,,,,,
partida_2,51,TROPA_DESPLEGADA,JUGADOR_1,97,EstrategiaAgresiva,EstrategiaMenorCosto,3,1,Mosquetera|Bárbaros|P.E.K.K.A|Gigante,Príncipe|Gigante|P.E.K.K.A|Mago de Hielo,JUGADOR_2,Arqueras,3,14,17,,,,,
partida_2,54,TROPA_DESPLEGADA,JUGADOR_1,97,EstrategiaAgresiva,EstrategiaMenorCosto,0,2,Bárbaros|P.E.K.K.A|Gigante|Mago de Hielo,Príncipe|Gigante|P.E.K.K.A|Mago de Hielo,JUGADOR_1,Mosquetera,4,0,21,,,,,
partida_2,57,TROPA_DESPLEGADA,JUGADOR_1,97,EstrategiaAgresiva,EstrategiaMenorCosto,1,0,Bárbaros|P.E.K.K.A|Gigante|Mago de Hielo,Príncipe|Gigante|P.E.K.K.A|Mosquetera,JUGADOR_2,Mago de Hielo,3,16,20,,,,,
partida_2,63,TROPA_DESPLEGADA,JUGADOR_1,97,EstrategiaAgresiva,EstrategiaMenorCosto,0,2,Bárbaros|P.E.K.K.A|Gigante|Ejército de Esqueletos,Príncipe|Gigante|P.E.K.K.A|Mosquetera,JUGADOR_1,Mago de Hielo,3,0,21,,,,,
partida_2,69,TROPA_DESPLEGADA,JUGADOR_1,97,EstrategiaAgresiva,EstrategiaMenorCosto,2,0,Bárbaros|P.E.K.K.A|Gigante|Ejército de Esqueletos,Príncipe|Gigante|P.E.K.K.A|Valquiria,JUGADOR_2,Mosquetera,4,6,28,,,,,
partida_2,72,TROPA_DESPLEGADA,JUGADOR_1,97,EstrategiaAgresiva,EstrategiaMenorCosto,0,1,Bárbaros|P.E.K.K.A|Gigante|Mini P.E.K.K.A,Príncipe|Gigante|P.E.K.K.A|Valquiria,JUGADOR_1,Ejército de Esqueletos,3,0,21,,,,,
partida_2,81,TROPA_DESPLEGADA,JUGADOR_1,97,EstrategiaAgresiva,EstrategiaMenorCosto,3,0,Bárbaros|P.E.K.K.A|Gigante|Mini P.E.K.K.A,Príncipe|Gigante|P.E.K.K.A|Mini P.E.K.K.A,JUGADOR_2,Valquiria,4,16,27,,,,,
partida_2,85,TROPA_DESPLEGADA,JUGADOR_1,97,EstrategiaAgresiva,EstrategiaMenorCosto,0,1,Bárbaros|P.E.K.K.A|Gigante|Valquiria,Príncipe|Gigante|P.E.K.K.A|Mini P.E.K.K.A,JUGADOR_1,Mini P.E.K.K.A,4,0,21,,,,,
partida_2,93,TROPA_DESPLEGADA,JUGADOR_1,97,EstrategiaAgresiva,EstrategiaMenorCosto,3,0,Bárbaros|P.E.K.K.A|Gigante|Valquiria,Príncipe|Gigante|P.E.K.K.A|Arqueras,JUGADOR_2,Mini P.E.K.K.A,4,16,12,,,,,
partida_2,96,TROPA_DESPLEGADA,JUGADOR_1,97,EstrategiaAgresiva,EstrategiaMenorCosto,0,1,Bárbaros|P.E.K.K.A|Gigante|Mosquetera,Príncipe|Gigante|P.E.K.K.A|Arqueras,JUGADOR_1,Valquiria,4,0,21,,,,,
partida_2,97,PARTIDA_TERMINADA,JUGADOR_1,97,EstrategiaAgresiva,EstrategiaMenorCosto,0,1,Bárbaros|P.E.K.K.A|Gigante|Mosquetera,Príncipe|Gigante|P.E.K.K.A|Arqueras,,,,,,,,,,
partida_3,1,TROPA_DESPLEGADA,JUGADOR_1,39,EstrategiaAleatoria,EstrategiaDefensiva,0,5,P.E.K.K.A|Valquiria|Mosquetera|Mini P.E.K.K.A,Caballero|Mago de Hielo|Gigante|Príncipe,JUGADOR_1,Mago,5,2,14,,,,,
partida_3,4,TROPA_DESPLEGADA,JUGADOR_1,39,EstrategiaAleatoria,EstrategiaDefensiva,1,1,P.E.K.K.A|Valquiria|Mosquetera|Mini P.E.K.K.A,Caballero|Mago de Hielo|Príncipe|Mosquetera,JUGADOR_2,Gigante,5,6,28,,,,,
partida_3,13,TROPA_DESPLEGADA,JUGADOR_1,39,EstrategiaAleatoria,EstrategiaDefensiva,0,4,P.E.K.K.A|Valquiria|Mosquetera|Ejército de Esqueletos,Caballero|Mago de Hielo|Príncipe|Mosquetera,JUGADOR_1,Mini P.E.K.K.A,4,15,11,,,,,
partida_3,16,TROPA_DESPLEGADA,JUGADOR_1,39,EstrategiaAleatoria,EstrategiaDefensiva,1,0,P.E.K.K.A|Valquiria|Mosquetera|Ejército de Esqueletos,Caballero|Mago de Hielo|Mosquetera|Valquiria,JUGADOR_2,Príncipe,5,6,28,,,,,
partida_3,22,TROPA_DESPLEGADA,JUGADOR_1,39,EstrategiaAleatoria,EstrategiaDefensiva,0,2,P.E.K.K.A|Valquiria|Mosquetera|Arqueras,Caballero|Mago de Hielo|Mosquetera|Valquiria,JUGADOR_1,Ejército de Esqueletos,3,17,12,,,,,
partida_3,32,TROPA_DESPLEGADA,JUGADOR_1,39,EstrategiaAleatoria,EstrategiaDefensiva,0,5,P.E.K.K.A|Valquiria|Mosquetera|Príncipe,Caballero|Mago de Hielo|Mosquetera|Valquiria,JUGADOR_1,Arqueras,3,16,3,,,,,
partida_3,32,TROPA_DESPLEGADA,JUGADOR_1,39,EstrategiaAleatoria,EstrategiaDefensiva,0,1,P.E.K.K.A|Valquiria|Mosquetera|Príncipe,Caballero|Mago de Hielo|Mosquetera|Mago,JUGADOR_2,Valquiria,4,6,28,,,,,
partida_3,39,PARTIDA_TERMINADA,JUGADOR_1,39,EstrategiaAleatoria,EstrategiaDefensiva,3,4,P.E.K.K.A|Valquiria|Mosquetera|Príncipe,Caballero|Mago de Hielo|Mosquetera|Mago,,,,,,,,,,
partida_4,1,TROPA_DESPLEGADA,JUGADOR_2,180,EstrategiaMenorCosto,EstrategiaMenorCosto,2,5,Bárbaros|Caballero|Ejército de Esqueletos|P.E.K.K.A,Arqueras|Caballero|Mago de Hielo|P.E.K.K.A,JUGADOR_1,Mago de Hielo,3,4,0,,,,,
partida_4,1,TROPA_DESPLEGADA,JUGADOR_2,180,EstrategiaMenorCosto,EstrategiaMenorCosto,2,2,Bárbaros|Caballero|Ejército de Esqueletos|P.E.K.K.A,Caballero|Mago de Hielo|P.E.K.K.A|Mini P.E.K.K.A,JUGADOR_2,Arqueras,3,9,20,,,,,
partida_4,3,TROPA_DESPLEGADA,JUGADOR_2,180,EstrategiaMenorCosto,EstrategiaMenorCosto,0,3,Bárbaros|Ejército de Esqueletos|P.E.K.K.A|Mago,Caballero|Mago de Hielo|P.E.K.K.A|Mini P.E.K.K.A,JUGADOR_1,Caballero,3,13,13,,,,,
partida_4,3,TROPA_DESPLEGADA,JUGADOR_2,180,EstrategiaMenorCosto,EstrategiaMenorCosto,0,0,Bárbaros|Ejército de Esqueletos|P.E.K.K.A|Mago,Mago de Hielo|P.E.K.K.A|Mini P.E.K.K.A|Bárbaros,JUGADOR_2,Caballero,3,11,18,,,,,
partida_4,12,TROPA_DESPLEGADA,JUGADOR_2,180,EstrategiaMenorCosto,EstrategiaMenorCosto,0,3,Bárbaros|P.E.K.K.A|Mago|Príncipe,Mago de Hielo|P.E.K.K.A|Mini P.E.K.K.A|Bárbaros,JUGADOR_1,Ejército de Esqueletos,3,5,0,,,,,
partida_4,12,TROPA_DESPLEGADA,JUGADOR_2,180,EstrategiaMenorCosto,EstrategiaMenorCosto,0,0,Bárbaros|P.E.K.K.A|Mago|Príncipe,P.E.K.K.A|Mini P.E.K.K.A|Bárbaros|Mago,JUGADOR_2,Mago de Hielo,3,4,27,,,,,
partida_4,24,TROPA_DESPLEGADA,JUGADOR_2,180,EstrategiaMenorCosto,EstrategiaMenorCosto,4,0,Bárbaros|P.E.K.K.A|Mago|Príncipe,P.E.K.K.A|Bárbaros|Mago|Príncipe,JUGADOR_2,Mini P.E.K.K.A,4,13,21,,,,,
partida_4,27,TROPA_DESPLEGADA,JUGADOR_2,180,EstrategiaMenorCosto,EstrategiaMenorCosto,0,1,P.E.K.K.A|Mago|Príncipe|Arqueras,P.E.K.K.A|Bárbaros|Mago|Príncipe,JUGADOR_1,Bárbaros,5,15,14,,,,,
partida_4,36,TROPA_DESPLEGADA,JUGADOR_2,180,EstrategiaMenorCosto,EstrategiaMenorCosto,0,4,P.E.K.K.A|Mago|Príncipe|Mago de Hielo,P.E.K.K.A|Bárbaros|Mago|Príncipe,JUGADOR_1,Arqueras,3,2,10,,,,,
partida_4,39,TROPA_DESPLEGADA,JUGADOR_2,180,EstrategiaMenorCosto,EstrategiaMenorCosto,1,0,P.E.K.K.A|Mago|Príncipe|Mago de Hielo,P.E.K.K.A|Mago|Príncipe|Arqueras,JUGADOR_2,Bárbaros,5,12,23,,,,,
partida_4,45,TROPA_DESPLEGADA,JUGADOR_2,180,EstrategiaMenorCosto,EstrategiaMenorCosto,0,2,P.E.K.K.A|Mago|Príncipe|Caballero,P.E.K.K.A|Mago|Príncipe|Arqueras,JUGADOR_1,Mago de Hielo,3,6,3,,,,,
partida_4,48,TROPA_DESPLEGADA,JUGADOR_2,180,EstrategiaMenorCosto,EstrategiaMenorCosto,1,0,P.E.K.K.A|Mago|Príncipe|Caballero,P.E.K.K.A|Mago|Príncipe|Caballero,JUGADOR_2,Arqueras,3,6,20,,,,,
partida_4,54,TROPA_DESPLEGADA,JUGADOR_2,180,EstrategiaMenorCosto,EstrategiaMenorCosto,0,2,P.E.K.K.A|Mago|Príncipe|Ejército de Esqueletos,P.E.K.K.A|Mago|Príncipe|Caballero,JUGADOR_1,Caballero,3,11,5,,,,,
partida_4,57,TROPA_DESPLEGADA,JUGADOR_2,180,EstrategiaMenorCosto,EstrategiaMenorCosto,1,0,P.E.K.K.A|Mago|Príncipe|Ejército de Esqueletos,P.E.K.K.A|Mago|Príncipe|Mago de Hielo,JUGADOR_2,Caballero,3,12,23,,,,,
partida_4,63,TROPA_DESPLEGADA,JUGADOR_2,180,EstrategiaMenorCosto,EstrategiaMenorCosto,0,2,P.E.K.K.A|Mago|Príncipe|Bárbaros,P.E.K.K.A|Mago|Príncipe|Mago de Hielo,JUGADOR_1,Ejército de Esqueletos,3,11,6,,,,,
partida_4,66,TROPA_DESPLEGADA,JUGADOR_2,180,EstrategiaMenorCosto,EstrategiaMenorCosto,1,0,P.E.K.K.A|Mago|Príncipe|Bárbaros,P.E.K.K.A|Mago|Príncipe|Mini P.E.K.K.A,JUGADOR_2,Mago de Hielo,3,13,17,,,,,
partida_4,78,TROPA_DESPLEGADA,JUGADOR_2,180,EstrategiaMenorCosto,EstrategiaMenorCosto,0,4,P.E.K.K.A|Príncipe|Bárbaros|Arqueras,P.E.K.K.A|Mago|Príncipe|Mini P.E.K.K.A,JUGADOR_1,Mago,5,4,0,,,,,
partida_4,78,TROPA_DESPLEGADA,JUGADOR_2,180,EstrategiaMenorCosto,EstrategiaMenorCosto,0,0,P.E.K.K.A|Príncipe|Bárbaros|Arqueras,P.E.K.K.A|Mago|Príncipe|Bárbaros,JUGADOR_2,Mini P.E.K.K.A,4,0,19,,,,,
partida_4,87,TROPA_DESPLEGADA,JUGADOR_2,180,EstrategiaMenorCosto,EstrategiaMenorCosto,0,3,P.E.K.K.A|Príncipe|Bárbaros|Mago de Hielo,P.E.K.K.A|Mago|Príncipe|Bárbaros,JUGADOR_1,Arqueras,3,10,5,,,,,
partida_4,93,TROPA_DESPLEGADA,JUGADOR_2,180,EstrategiaMenorCosto,EstrategiaMenorCosto,2,0,P.E.K.K.A|Príncipe|Bárbaros|Mago de Hielo,P.E.K.K.A|Príncipe|Bárbaros|Arqueras,JUGADOR_2,Mago,5,5,26,,,,,
partida_4,96,TROPA_DESPLEGADA,JUGADOR_2,180,EstrategiaMenorCosto,EstrategiaMenorCosto,0,1,P.E.K.K.A|Príncipe|Bárbaros|Caballero,P.E.K.K.A|Príncipe|Bárbaros|Arqueras,JUGADOR_1,Mago de Hielo,3,0,11,,,,,
partida_4,102,TROPA_DESPLEGADA,JUGADOR_2,180,EstrategiaMenorCosto,EstrategiaMenorCosto,2,0,P.E.K.K.A|Príncipe|Bárbaros|Caballero,P.E.K.K.A|Príncipe|Bárbaros|Caballero,JUGADOR_2,Arqueras,3,4,17,,,,,
partida_4,108,TROPA_DESPLEGADA,JUGADOR_2,180,EstrategiaMenorCosto,EstrategiaMenorCosto,1,2,P.E.K.K.A|Príncipe|Bárbaros|Ejército de Esqueletos,P.E.K.K.A|Príncipe|Bárbaros|Caballero,JUGADOR_1,Caballero,3,14,8,,,,,
partida_4,111,TROPA_DESPLEGADA,JUGADOR_2,180,EstrategiaMenorCosto,EstrategiaMenorCosto,2,0,P.E.K.K.A|Príncipe|Bárbaros|Ejército de Esqueletos,P.E.K.K.A|Príncipe|Bárbaros|Mago de Hielo,JUGADOR_2,Caballero,3,7,17,,,,,
partida_4,114,TROPA_DESPLEGADA,JUGADOR_2,180,EstrategiaMenorCosto,EstrategiaMenorCosto,0,1,P.E.K.K.A|Príncipe|Bárbaros|Mago,P.E.K.K.A|Príncipe|Bárbaros|Mago de Hielo,JUGADOR_1,Ejército de Esqueletos,3,17,5,,,,,
partida_4,120,TROPA_DESPLEGADA,JUGADOR_2,180,EstrategiaMenorCosto,EstrategiaMenorCosto,2,0,P.E.K.K.A|Príncipe|Bárbaros|Mago,P.E.K.K.A|Príncipe|Bárbaros|Mini P.E.K.K.A,JUGADOR_2,Mago de Hielo,3,1,10,,,,,
partida_4,129,TROPA_DESPLEGADA,JUGADOR_2,180,EstrategiaMenorCosto,EstrategiaMenorCosto,0,3,P.E.K.K.A|Bárbaros|Mago|Arqueras,P.E.K.K.A|Príncipe|Bárbaros|Mini P.E.K.K.A,JUGADOR_1,Príncipe,5,8,7,,,,,
partida_4,132,TROPA_DESPLEGADA,JUGADOR_2,180,EstrategiaMenorCosto,EstrategiaMenorCosto,1,0,P.E.K.K.A|Bárbaros|Mago|Arqueras,P.E.K.K.A|Príncipe|Bárbaros|Mago,JUGADOR_2,Mini P.E.K.K.A,4,8,18,,,,,
partida_4,138,TROPA_DESPLEGADA,JUGADOR_2,180,EstrategiaMenorCosto,EstrategiaMenorCosto,0,2,P.E.K.K.A|Bárbaros|Mago|Mago de Hielo,P.E.K.K.A|Príncipe|Bárbaros|Mago,JUGADOR_1,Arqueras,3,12,8,,,,,
partida_4,147,TROPA_DESPLEGADA,JUGADOR_2,180,EstrategiaMenorCosto,EstrategiaMenorCosto,0,5,P.E.K.K.A|Bárbaros|Mago|Caballero,P.E.K.K.A|Príncipe|Bárbaros|Mago,JUGADOR_1,Mago de Hielo,3,15,2,,,,,
partida_4,147,TROPA_DESPLEGADA,JUGADOR_2,180,EstrategiaMenorCosto,EstrategiaMenorCosto,0,0,P.E.K.K.A|Bárbaros|Mago|Caballero,P.E.K.K.A|Bárbaros|Mago|Arqueras,JUGADOR_2,Príncipe,5,7,21,,,,,
partida_4,156,TROPA_DESPLEGADA,JUGADOR_2,180,EstrategiaMenorCosto,EstrategiaMenorCosto,0,3,P.E.K.K.A|Bárbaros|Mago|Ejército de Esqueletos,P.E.K.K.A|Bárbaros|Mago|Arqueras,JUGADOR_1,Caballero,3,5,4,,,,,
partida_4,156,TROPA_DESPLEGADA,JUGADOR_2,180,EstrategiaMenorCosto,EstrategiaMenorCosto,0,0,P.E.K.K.A|Bárbaros|Mago|Ejército de Esqueletos,P.E.K.K.A|Bárbaros|Mago|Caballero,JUGADOR_2,Arqueras,3,16,11,,,,,
partida_4,165,TROPA_DESPLEGADA,JUGADOR_2,180,EstrategiaMenorCosto,EstrategiaMenorCosto,0,3,P.E.K.K.A|Bárbaros|Mago|Príncipe,P.E.K.K.A|Bárbaros|Mago|Caballero,JUGADOR_1,Ejército de Esqueletos,3,5,7,,,,,
partida_4,165,TROPA_DESPLEGADA,JUGADOR_2,180,EstrategiaMenorCosto,EstrategiaMenorCosto,0,0,P.E.K.K.A|Bárbaros|Mago|Príncipe,P.E.K.K.A|Bárbaros|Mago|Mago de Hielo,JUGADOR_2,Caballero,3,15,10,,,,,
partida_4,174,TROPA_DESPLEGADA,JUGADOR_2,180,EstrategiaMenorCosto,EstrategiaMenorCosto,3,0,P.E.K.K.A|Bárbaros|Mago|Príncipe,P.E.K.K.A|Bárbaros|Mago|Mini P.E.K.K.A,JUGADOR_2,Mago de Hielo,3,16,10,,,,,
partida_4,180,TROPA_DESPLEGADA,JUGADOR_2,180,EstrategiaMenorCosto,EstrategiaMenorCosto,0,2,P.E.K.K.A|Mago|Príncipe|Arqueras,P.E.K.K.A|Bárbaros|Mago|Mini P.E.K.K.A,JUGADOR_1,Bárbaros,5,8,8,,,,,
partida_4,180,PARTIDA_TERMINADA,JUGADOR_2,180,EstrategiaMenorCosto,EstrategiaMenorCosto,0,2,P.E.K.K.A|Mago|Príncipe|Arqueras,P.E.K.K.A|Bárbaros|Mago|Mini P.E.K.K.A,,,,,,,,,,
partida_5,1,TROPA_DESPLEGADA,JUGADOR_2,180,EstrategiaMenorCosto,EstrategiaAleatoria,2,5,Mago|P.E.K.K.A|Mini P.E.K.K.A|Arqueras,Mago|Príncipe|Mosquetera|Bárbaros,JUGADOR_1,Caballero,3,7,13,,,,,
partida_5,3,TROPA_DESPLEGADA,JUGADOR_2,180,EstrategiaMenorCosto,EstrategiaAleatoria,3,1,Mago|P.E.K.K.A|Mini P.E.K.K.A|Arqueras,Príncipe|Mosquetera|Bárbaros|P.E.K.K.A,JUGADOR_2,Mago,5,5,29,,,,,
partida_5,4,TROPA_DESPLEGADA,JUGADOR_2,180,EstrategiaMenorCosto,EstrategiaAleatoria,0,1,Mago|P.E.K.K.A|Mini P.E.K.K.A|Valquiria,Príncipe|Mosquetera|Bárbaros|P.E.K.K.A,JUGADOR_1,Arqueras,3,5,0,,,,,
partida_5,12,TROPA_DESPLEGADA,JUGADOR_2,180,EstrategiaMenorCosto,EstrategiaAleatoria,3,0,Mago|P.E.K.K.A|Mini P.E.K.K.A|Valquiria,Príncipe|Bárbaros|P.E.K.K.A|Gigante,JUGADOR_2,Mosquetera,4,11,25,,,,,
partida_5,15,TROPA_DESPLEGADA,JUGADOR_2,180,EstrategiaMenorCosto,EstrategiaAleatoria,0,1,Mago|P.E.K.K.A|Valquiria|Gigante,Príncipe|Bárbaros|P.E.K.K.A|Gigante,JUGADOR_1,Mini P.E.K.K.A,4,15,2,,,,,
partida_5,27,TROPA_DESPLEGADA,JUGADOR_2,180,EstrategiaMenorCosto,EstrategiaAleatoria,0,5,Mago|P.E.K.K.A|Gigante|Príncipe,Príncipe|Bárbaros|P.E.K.K.A|Gigante,JUGADOR_1,Valquiria,4,12,8,,,,,
partida_5,29,TROPA_DESPLEGADA,JUGADOR_2,180,EstrategiaMenorCosto,EstrategiaAleatoria,0,0,Mago|P.E.K.K.A|Gigante|Príncipe,Príncipe|Bárbaros|P.E.K.K.A|Mini P.E.K.K.A,JUGADOR_2,Gigante,5,11,22,,,,,
partida_5,39,TROPA_DESPLEGADA,JUGADOR_2,180,EstrategiaMenorCosto,EstrategiaAleatoria,4,0,Mago|P.E.K.K.A|Gigante|Príncipe,Príncipe|Bárbaros|P.E.K.K.A|Mago de Hielo,JUGADOR_2,Mini P.E.K.K.A,4,15,31,,,,,
partida_5,42,TROPA_DESPLEGADA,JUGADOR_2,180,EstrategiaMenorCosto,EstrategiaAleatoria,0,1,P.E.K.K.A|Gigante|Príncipe|Caballero,Príncipe|Bárbaros|P.E.K.K.A|Mago de Hielo,JUGADOR_1,Mago,5,5,7,,,,,
partida_5,48,TROPA_DESPLEGADA,JUGADOR_2,180,EstrategiaMenorCosto,EstrategiaAleatoria,2,0,P.E.K.K.A|Gigante|Príncipe|Caballero,Príncipe|Bárbaros|P.E.K.K.A|Mago,JUGADOR_2,Mago de Hielo,3,16,17,,,,,
partida_5,51,TROPA_DESPLEGADA,JUGADOR_2,180,EstrategiaMenorCosto,EstrategiaAleatoria,0,1,P.E.K.K.A|Gigante|Príncipe|Arqueras,Príncipe|Bárbaros|P.E.K.K.A|Mago,JUGADOR_1,Caballero,3,1,12,,,,,
partida_5,60,TROPA_DESPLEGADA,JUGADOR_2,180,EstrategiaMenorCosto,EstrategiaAleatoria,0,4,P.E.K.K.A|Gigante|Príncipe|Mini P.E.K.K.A,Príncipe|Bárbaros|P.E.K.K.A|Mago,JUGADOR_1,Arqueras,3,3,12,,,,,
partida_5,63,TROPA_DESPLEGADA,JUGADOR_2,180,EstrategiaMenorCosto,EstrategiaAleatoria,1,0,P.E.K.K.A|Gigante|Príncipe|Mini P.E.K.K.A,Príncipe|Bárbaros|P.E.K.K.A|Mosquetera,JUGADOR_2,Mago,5,6,23,,,,,
partida_5,72,TROPA_DESPLEGADA,JUGADOR_2,180,EstrategiaMenorCosto,EstrategiaAleatoria,0,3,P.E.K.K.A|Gigante|Príncipe|Valquiria,Príncipe|Bárbaros|P.E.K.K.A|Mosquetera,JUGADOR_1,Mini P.E.K.K.A,4,10,6,,,,,
partida_5,75,TROPA_DESPLEGADA,JUGADOR_2,180,EstrategiaMenorCosto,EstrategiaAleatoria,1,0,P.E.K.K.A|Gigante|Príncipe|Valquiria,Príncipe|Bárbaros|P.E.K.K.A|Gigante,JUGADOR_2,Mosquetera,4,17,21,,,,,
partida_5,84,TROPA_DESPLEGADA,JUGADOR_2,180,EstrategiaMenorCosto,EstrategiaAleatoria,0,3,P.E.K.K.A|Gigante|Príncipe|Mago,Príncipe|Bárbaros|P.E.K.K.A|Gigante,JUGADOR_1,Valquiria,4,7,5,,,,,
partida_5,93,TROPA_DESPLEGADA,JUGADOR_2,180,EstrategiaMenorCosto,EstrategiaAleatoria,3,1,P.E.K.K.A|Gigante|Príncipe|Mago,Príncipe|Bárbaros|P.E.K.K.A|Mini P.E.K.K.A,JUGADOR_2,Gigante,5,12,21,,,,,
partida_5,99,TROPA_DESPLEGADA,JUGADOR_2,180,EstrategiaMenorCosto,EstrategiaAleatoria,0,3,P.E.K.K.A|Príncipe|Mago|Caballero,Príncipe|Bárbaros|P.E.K.K.A|Mini P.E.K.K.A,JUGADOR_1,Gigante,5,8,11,,,,,
partida_5,103,TROPA_DESPLEGADA,JUGADOR_2,180,EstrategiaMenorCosto,EstrategiaAleatoria,1,0,P.E.K.K.A|Príncipe|Mago|Caballero,Príncipe|Bárbaros|P.E.K.K.A|Mago de Hielo,JUGADOR_2,Mini P.E.K.K.A,4,2,20,,,,,
partida_5,108,TROPA_DESPLEGADA,JUGADOR_2,180,EstrategiaMenorCosto,EstrategiaAleatoria,0,2,P.E.K.K.A|Príncipe|Mago|Arqueras,Príncipe|Bárbaros|P.E.K.K.A|Mago de Hielo,JUGADOR_1,Caballero,3,0,6,,,,,
partida_5,111,TROPA_DESPLEGADA,JUGADOR_2,180,EstrategiaMenorCosto,EstrategiaAleatoria,1,0,P.E.K.K.A|Príncipe|Mago|Arqueras,Príncipe|Bárbaros|P.E.K.K.A|Mago,JUGADOR_2,Mago de Hielo,3,6,20,,,,,
partida_5,117,TROPA_DESPLEGADA,JUGADOR_2,180,EstrategiaMenorCosto,EstrategiaAleatoria,0,2,P.E.K.K.A|Príncipe|Mago|Mini P.E.K.K.A,Príncipe|Bárbaros|P.E.K.K.A|Mago,JUGADOR_1,Arqueras,3,0,7,,,,,
partida_5,126,TROPA_DESPLEGADA,JUGADOR_2,180,EstrategiaMenorCosto,EstrategiaAleatoria,3,0,P.E.K.K.A|Príncipe|Mago|Mini P.E.K.K.A,Príncipe|Bárbaros|P.E.K.K.A|Mosquetera,JUGADOR_2,Mago,5,10,26,,,,,
partida_5,129,TROPA_DESPLEGADA,JUGADOR_2,180,EstrategiaMenorCosto,EstrategiaAleatoria,0,1,P.E.K.K.A|Príncipe|Mago|Valquiria,Príncipe|Bárbaros|P.E.K.K.A|Mosquetera,JUGADOR_1,Mini P.E.K.K.A,4,2,2,,,,,
partida_5,139,TROPA_DESPLEGADA,JUGADOR_2,180,EstrategiaMenorCosto,EstrategiaAleatoria,3,0,P.E.K.K.A|Príncipe|Mago|Valquiria,Príncipe|Bárbaros|P.E.K.K.A|Gigante,JUGADOR_2,Mosquetera,4,1,28,,,,,
partida_5,141,TROPA_DESPLEGADA,JUGADOR_2,180,EstrategiaMenorCosto,EstrategiaAleatoria,0,1,P.E.K.K.A|Príncipe|Mago|Gigante,Príncipe|Bárbaros|P.E.K.K.A|Gigante,JUGADOR_1,Valquiria,4,11,1,,,,,
partida_5,154,TROPA_DESPLEGADA,JUGADOR_2,180,EstrategiaMenorCosto,EstrategiaAleatoria,4,0,P.E.K.K.A|Príncipe|Mago|Gigante,Príncipe|P.E.K.K.A|Gigante|Mini P.E.K.K.A,JUGADOR_2,Bárbaros,5,12,10,,,,,
partida_5,156,TROPA_DESPLEGADA,JUGADOR_2,180,EstrategiaMenorCosto,EstrategiaAleatoria,0,1,P.E.K.K.A|Mago|Gigante|Caballero,Príncipe|P.E.K.K.A|Gigante|Mini P.E.K.K.A,JUGADOR_1,Príncipe,5,4,1,,,,,
partida_5,165,TROPA_DESPLEGADA,JUGADOR_2,180,EstrategiaMenorCosto,EstrategiaAleatoria,0,4,P.E.K.K.A|Mago|Gigante|Arqueras,Príncipe|P.E.K.K.A|Gigante|Mini P.E.K.K.A,JUGADOR_1,Caballero,3,15,1,,,,,
partida_5,166,TROPA_DESPLEGADA,JUGADOR_2,180,EstrategiaMenorCosto,EstrategiaAleatoria,0,0,P.E.K.K.A|Mago|Gigante|Arqueras,Príncipe|P.E.K.K.A|Gigante|Mago de Hielo,JUGADOR_2,Mini P.E.K.K.A,4,17,22,,,,,
partida_5,174,TROPA_DESPLEGADA,JUGADOR_2,180,EstrategiaMenorCosto,EstrategiaAleatoria,0,3,P.E.K.K.A|Mago|Gigante|Mini P.E.K.K.A,Príncipe|P.E.K.K.A|Gigante|Mago de Hielo,JUGADOR_1,Arqueras,3,11,9,,,,,
partida_5,176,TROPA_DESPLEGADA,JUGADOR_2,180,EstrategiaMenorCosto,EstrategiaAleatoria,0,0,P.E.K.K.A|Mago|Gigante|Mini P.E.K.K.A,Príncipe|P.E.K.K.A|Gigante|Mago,JUGADOR_2,Mago de Hielo,3,17,12,,,,,
partida_5,180,PARTIDA_TERMINADA,JUGADOR_2,180,EstrategiaMenorCosto,EstrategiaAleatoria,2,2,P.E.K.K.A|Mago|Gigante|Mini P.E.K.K.A,Príncipe|P.E.K.K.A|Gigante|Mago,,,,,,,,,,
partida_6,1,TROPA_DESPLEGADA,JUGADOR_2,106,EstrategiaDefensiva,EstrategiaAleatoria,0,5,Arqueras|Valquiria|P.E.K.K.A|Caballero,Mago|Príncipe|P.E.K.K.A|Caballero,JUGADOR_1,Gigante,5,6,2,,,,,
partida_6,2,TROPA_DESPLEGADA,JUGADOR_2,106,EstrategiaDefensiva,EstrategiaAleatoria,0,0,Arqueras|Valquiria|P.E.K.K.A|Caballero,Príncipe|P.E.K.K.A|Caballero|Valquiria,JUGADOR_2,Mago,5,12,17,,,,,
partida_6,10,TROPA_DESPLEGADA,JUGADOR_2,106,EstrategiaDefensiva,EstrategiaAleatoria,3,0,Arqueras|Valquiria|P.E.K.K.A|Caballero,Príncipe|P.E.K.K.A|Valquiria|Bárbaros,JUGADOR_2,Caballero,3,17,23,,,,,
partida_6,15,TROPA_DESPLEGADA,JUGADOR_2,106,EstrategiaDefensiva,EstrategiaAleatoria,1,2,Arqueras|P.E.K.K.A|Caballero|Ejército de Esqueletos,Príncipe|P.E.K.K.A|Valquiria|Bárbaros,JUGADOR_1,Valquiria,4,6,2,,,,,
partida_6,22,TROPA_DESPLEGADA,JUGADOR_2,106,EstrategiaDefensiva,EstrategiaAleatoria,3,0,Arqueras|P.E.K.K.A|Caballero|Ejército de Esqueletos,Príncipe|P.E.K.K.A|Bárbaros|Ejército de Esqueletos,JUGADOR_2,Valquiria,4,8,26,,,,,
partida_6,27,TROPA_DESPLEGADA,JUGADOR_2,106,EstrategiaDefensiva,EstrategiaAleatoria,2,2,Arqueras|P.E.K.K.A|Ejército de Esqueletos|Mosquetera,Príncipe|P.E.K.K.A|Bárbaros|Ejército de Esqueletos,JUGADOR_1,Caballero,3,6,2,,,,,
partida_6,30,TROPA_DESPLEGADA,JUGADOR_2,106,EstrategiaDefensiva,EstrategiaAleatoria,3,0,Arqueras|P.E.K.K.A|Ejército de Esqueletos|Mosquetera,Príncipe|P.E.K.K.A|Bárbaros|Gigante,JUGADOR_2,Ejército de Esqueletos,3,11,10,,,,,
partida_6,36,TROPA_DESPLEGADA,JUGADOR_2,106,EstrategiaDefensiva,EstrategiaAleatoria,1,2,Arqueras|P.E.K.K.A|Ejército de Esqueletos|Príncipe,Príncipe|P.E.K.K.A|Bárbaros|Gigante,JUGADOR_1,Mosquetera,4,6,2,,,,,
partida_6,46,TROPA_DESPLEGADA,JUGADOR_2,106,EstrategiaDefensiva,EstrategiaAleatoria,4,0,Arqueras|P.E.K.K.A|Ejército de Esqueletos|Príncipe,Príncipe|P.E.K.K.A|Bárbaros|Mago,JUGADOR_2,Gigante,5,16,20,,,,,
partida_6,52,TROPA_DESPLEGADA,JUGADOR_2,106,EstrategiaDefensiva,EstrategiaAleatoria,1,2,Arqueras|P.E.K.K.A|Ejército de Esqueletos|Gigante,Príncipe|P.E.K.K.A|Bárbaros|Mago,JUGADOR_1,Príncipe,5,6,2,,,,,
partida_6,62,TROPA_DESPLEGADA,JUGADOR_2,106,EstrategiaDefensiva,EstrategiaAleatoria,4,0,Arqueras|P.E.K.K.A|Ejército de Esqueletos|Gigante,Príncipe|P.E.K.K.A|Bárbaros|Caballero,JUGADOR_2,Mago,5,11,27,,,,,
partida_6,64,TROPA_DESPLEGADA,JUGADOR_2,106,EstrategiaDefensiva,EstrategiaAleatoria,0,1,Arqueras|P.E.K.K.A|Ejército de Esqueletos|Valquiria,Príncipe|P.E.K.K.A|Bárbaros|Caballero,JUGADOR_1,Gigante,5,6,2,,,,,
partida_6,69,TROPA_DESPLEGADA,JUGADOR_2,106,EstrategiaDefensiva,EstrategiaAleatoria,2,0,Arqueras|P.E.K.K.A|Ejército de Esqueletos|Valquiria,Príncipe|P.E.K.K.A|Bárbaros|Valquiria,JUGADOR_2,Caballero,3,5,27,,,,,
partida_6,79,TROPA_DESPLEGADA,JUGADOR_2,106,EstrategiaDefensiva,EstrategiaAleatoria,1,3,Arqueras|P.E.K.K.A|Ejército de Esqueletos|Caballero,Príncipe|P.E.K.K.A|Bárbaros|Valquiria,JUGADOR_1,Valquiria,4,6,2,,,,,
partida_6,81,TROPA_DESPLEGADA,JUGADOR_2,106,EstrategiaDefensiva,EstrategiaAleatoria,2,0,Arqueras|P.E.K.K.A|Ejército de Esqueletos|Caballero,Príncipe|P.E.K.K.A|Bárbaros|Ejército de Esqueletos,JUGADOR_2,Valquiria,4,11,27,,,,,
partida_6,90,TROPA_DESPLEGADA,JUGADOR_2,106,EstrategiaDefensiva,EstrategiaAleatoria,5,0,Arqueras|P.E.K.K.A|Ejército de Esqueletos|Caballero,Príncipe|P.E.K.K.A|Bárbaros|Gigante,JUGADOR_2,Ejército de Esqueletos,3,5,31,,,,,
partida_6,91,TROPA_DESPLEGADA,JUGADOR_2,106,EstrategiaDefensiva,EstrategiaAleatoria,2,0,Arqueras|P.E.K.K.A|Ejército de Esqueletos|Mosquetera,Príncipe|P.E.K.K.A|Bárbaros|Gigante,JUGADOR_1,Caballero,3,6,2,,,,,
partida_6,100,TROPA_DESPLEGADA,JUGADOR_2,106,EstrategiaDefensiva,EstrategiaAleatoria,1,3,Arqueras|P.E.K.K.A|Ejército de Esqueletos|Príncipe,Príncipe|P.E.K.K.A|Bárbaros|Gigante,JUGADOR_1,Mosquetera,4,6,2,,,,,
partida_6,106,TROPA_DESPLEGADA,JUGADOR_2,106,EstrategiaDefensiva,EstrategiaAleatoria,3,0,Arqueras|P.E.K.K.A|Ejército de Esqueletos|Príncipe,P.E.K.K.A|Bárbaros|Gigante|Mago,JUGADOR_2,Príncipe,5,16,24,,,,,
partida_6,106,PARTIDA_TERMINADA,JUGADOR_2,106,EstrategiaDefensiva,EstrategiaAleatoria,3,0,Arqueras|P.E.K.K.A|Ejército de Esqueletos|Príncipe,P.E.K.K.A|Bárbaros|Gigante|Mago,,,,,,,,,,
partida_7,1,TROPA_DESPLEGADA,JUGADOR_2,88,EstrategiaMenorCosto,EstrategiaMenorCosto,2,5,Arqueras|P.E.K.K.A|Gigante|Bárbaros,P.E.K.K.A|Gigante|Mago|Mago de Hielo,JUGADOR_1,Ejército de Esqueletos,3,16,2,,,,,
partida_7,1,TROPA_DESPLEGADA,JUGADOR_2,88,EstrategiaMenorCosto,EstrategiaMenorCosto,2,2,Arqueras|P.E.K.K.A|Gigante|Bárbaros,P.E.K.K.A|Gigante|Mago|Mini P.E.K.K.A,JUGADOR_2,Mago de Hielo,3,2,21,,,,,
partida_7,3,TROPA_DESPLEGADA,JUGADOR_2,88,EstrategiaMenorCosto,EstrategiaMenorCosto,0,3,P.E.K.K.A|Gigante|Bárbaros|Valquiria,P.E.K.K.A|Gigante|Mago|Mini P.E.K.K.A,JUGADOR_1,Arqueras,3,8,9,,,,,
partida_7,6,TROPA_DESPLEGADA,JUGADOR_2,88,EstrategiaMenorCosto,EstrategiaMenorCosto,1,0,P.E.K.K.A|Gigante|Bárbaros|Valquiria,P.E.K.K.A|Gigante|Mago|Príncipe,JUGADOR_2,Mini P.E.K.K.A,4,14,22,,,,,
partida_7,15,TROPA_DESPLEGADA,JUGADOR_2,88,EstrategiaMenorCosto,EstrategiaMenorCosto,0,3,P.E.K.K.A|Gigante|Bárbaros|Caballero,P.E.K.K.A|Gigante|Mago|Príncipe,JUGADOR_1,Valquiria,4,1,4,,,,,
partida_7,22,TROPA_DESPLEGADA,JUGADOR_2,88,EstrategiaMenorCosto,EstrategiaMenorCosto,2,0,P.E.K.K.A|Gigante|Bárbaros|Caballero,P.E.K.K.A|Mago|Príncipe|Ejército de Esqueletos,JUGADOR_2,Gigante,5,14,31,,,,,
partida_7,24,TROPA_DESPLEGADA,JUGADOR_2,88,EstrategiaMenorCosto,EstrategiaMenorCosto,0,1,P.E.K.K.A|Gigante|Bárbaros|Mago de Hielo,P.E.K.K.A|Mago|Príncipe|Ejército de Esqueletos,JUGADOR_1,Caballero,3,11,3,,,,,
partida_7,30,TROPA_DESPLEGADA,JUGADOR_2,88,EstrategiaMenorCosto,EstrategiaMenorCosto,2,0,P.E.K.K.A|Gigante|Bárbaros|Mago de Hielo,P.E.K.K.A|Mago|Príncipe|Bárbaros,JUGADOR_2,Ejército de Esqueletos,3,2,31,,,,,
partida_7,33,TROPA_DESPLEGADA,JUGADOR_2,88,EstrategiaMenorCosto,EstrategiaMenorCosto,0,1,P.E.K.K.A|Gigante|Bárbaros|Ejército de Esqueletos,P.E.K.K.A|Mago|Príncipe|Bárbaros,JUGADOR_1,Mago de Hielo,3,8,6,,,,,
partida_7,42,TROPA_DESPLEGADA,JUGADOR_2,88,EstrategiaMenorCosto,EstrategiaMenorCosto,0,4,P.E.K.K.A|Gigante|Bárbaros|Arqueras,P.E.K.K.A|Mago|Príncipe|Bárbaros,JUGADOR_1,Ejército de Esqueletos,3,11,4,,,,,
partida_7,45,TROPA_DESPLEGADA,JUGADOR_2,88,EstrategiaMenorCosto,EstrategiaMenorCosto,1,0,P.E.K.K.A|Gigante|Bárbaros|Arqueras,P.E.K.K.A|Príncipe|Bárbaros|Mago de Hielo,JUGADOR_2,Mago,5,17,26,,,,,
partida_7,52,TROPA_DESPLEGADA,JUGADOR_2,88,EstrategiaMenorCosto,EstrategiaMenorCosto,0,2,P.E.K.K.A|Gigante|Bárbaros|Valquiria,P.E.K.K.A|Príncipe|Bárbaros|Mago de Hielo,JUGADOR_1,Arqueras,3,4,2,,,,,
partida_7,54,TROPA_DESPLEGADA,JUGADOR_2,88,EstrategiaMenorCosto,EstrategiaMenorCosto,1,0,P.E.K.K.A|Gigante|Bárbaros|Valquiria,P.E.K.K.A|Príncipe|Bárbaros|Mini P.E.K.K.A,JUGADOR_2,Mago de Hielo,3,1,30,,,,,
partida_7,63,TROPA_DESPLEGADA,JUGADOR_2,88,EstrategiaMenorCosto,EstrategiaMenorCosto,0,3,P.E.K.K.A|Gigante|Bárbaros|Caballero,P.E.K.K.A|Príncipe|Bárbaros|Mini P.E.K.K.A,JUGADOR_1,Valquiria,4,5,4,,,,,
partida_7,66,TROPA_DESPLEGADA,JUGADOR_2,88,EstrategiaMenorCosto,EstrategiaMenorCosto,1,0,P.E.K.K.A|Gigante|Bárbaros|Caballero,P.E.K.K.A|Príncipe|Bárbaros|Gigante,JUGADOR_2,Mini P.E.K.K.A,4,7,17,,,,,
partida_7,73,TROPA_DESPLEGADA,JUGADOR_2,88,EstrategiaMenorCosto,EstrategiaMenorCosto,0,2,P.E.K.K.A|Gigante|Bárbaros|Mago de Hielo,P.E.K.K.A|Príncipe|Bárbaros|Gigante,JUGADOR_1,Caballero,3,3,8,,,,,
partida_7,81,TROPA_DESPLEGADA,JUGADOR_2,88,EstrategiaMenorCosto,EstrategiaMenorCosto,0,5,P.E.K.K.A|Gigante|Bárbaros|Ejército de Esqueletos,P.E.K.K.A|Príncipe|Bárbaros|Gigante,JUGADOR_1,Mago de Hielo,3,1,6,,,,,
partida_7,81,TROPA_DESPLEGADA,JUGADOR_2,88,EstrategiaMenorCosto,EstrategiaMenorCosto,0,0,P.E.K.K.A|Gigante|Bárbaros|Ejército de Esqueletos,P.E.K.K.A|Bárbaros|Gigante|Ejército de Esqueletos,JUGADOR_2,Príncipe,5,3,12,,,,,
partida_7,88,PARTIDA_TERMINADA,JUGADOR_2,88,EstrategiaMenorCosto,EstrategiaMenorCosto,2,2,P.E.K.K.A|Gigante|Bárbaros|Ejército de Esqueletos,P.E.K.K.A|Bárbaros|Gigante|Ejército de Esqueletos,,,,,,,,,,
partida_8,1,TROPA_DESPLEGADA,JUGADOR_1,49,EstrategiaAgresiva,EstrategiaAleatoria,5,2,Mago de Hielo|Mini P.E.K.K.A|Arqueras|P.E.K.K.A,Mago|Mosquetera|Mago de Hielo|Valquiria,JUGADOR_2,Caballero,3,10,24,,,,,
partida_8,3,TROPA_DESPLEGADA,JUGADOR_1,49,EstrategiaAgresiva,EstrategiaAleatoria,6,0,Mago de Hielo|Mini P.E.K.K.A|Arqueras|P.E.K.K.A,Mago|Mosquetera|Valquiria|Arqueras,JUGADOR_2,Mago de Hielo,3,12,27,,,,,
partida_8,4,TROPA_DESPLEGADA,JUGADOR_1,49,EstrategiaAgresiva,EstrategiaAleatoria,2,0,Mago de Hielo|Arqueras|P.E.K.K.A|Ejército de Esqueletos,Mago|Mosquetera|Valquiria|Arqueras,JUGADOR_1,Mini P.E.K.K.A,4,0,14,,,,,
partida_8,7,TROPA_DESPLEGADA,JUGADOR_1,49,EstrategiaAgresiva,EstrategiaAleatoria,0,1,Arqueras|P.E.K.K.A|Ejército de Esqueletos|Gigante,Mago|Mosquetera|Valquiria|Arqueras,JUGADOR_1,Mago de Hielo,3,0,14,,,,,
partida_8,13,TROPA_DESPLEGADA,JUGADOR_1,49,EstrategiaAgresiva,EstrategiaAleatoria,2,0,Arqueras|P.E.K.K.A|Ejército de Esqueletos|Gigante,Mago|Mosquetera|Valquiria|Ejército de Esqueletos,JUGADOR_2,Arqueras,3,17,26,,,,,
partida_8,16,TROPA_DESPLEGADA,JUGADOR_1,49,EstrategiaAgresiva,EstrategiaAleatoria,0,1,Arqueras|P.E.K.K.A|Gigante|Mago,Mago|Mosquetera|Valquiria|Ejército de Esqueletos,JUGADOR_1,Ejército de Esqueletos,3,0,14,,,,,
partida_8,21,TROPA_DESPLEGADA,JUGADOR_1,49,EstrategiaAgresiva,EstrategiaAleatoria,2,0,Arqueras|P.E.K.K.A|Gigante|Mago,Mago|Mosquetera|Valquiria|Gigante,JUGADOR_2,Ejército de Esqueletos,3,1,27,,,,,
partida_8,24,TROPA_DESPLEGADA,JUGADOR_1,49,EstrategiaAgresiva,EstrategiaAleatoria,0,1,P.E.K.K.A|Gigante|Mago|Bárbaros,Mago|Mosquetera|Valquiria|Gigante,JUGADOR_1,Arqueras,3,0,21,,,,,
partida_8,33,TROPA_DESPLEGADA,JUGADOR_1,49,EstrategiaAgresiva,EstrategiaAleatoria,3,0,P.E.K.K.A|Gigante|Mago|Bárbaros,Mago|Valquiria|Gigante|Caballero,JUGADOR_2,Mosquetera,4,14,22,,,,,
partida_8,39,TROPA_DESPLEGADA,JUGADOR_1,49,EstrategiaAgresiva,EstrategiaAleatoria,0,2,P.E.K.K.A|Gigante|Bárbaros|Mini P.E.K.K.A,Mago|Valquiria|Gigante|Caballero,JUGADOR_1,Mago,5,0,21,,,,,
partida_8,42,TROPA_DESPLEGADA,JUGADOR_1,49,EstrategiaAgresiva,EstrategiaAleatoria,1,0,P.E.K.K.A|Gigante|Bárbaros|Mini P.E.K.K.A,Mago|Valquiria|Gigante|Mago de Hielo,JUGADOR_2,Caballero,3,6,24,,,,,
partida_8,49,PARTIDA_TERMINADA,JUGADOR_1,49,EstrategiaAgresiva,EstrategiaAleatoria,3,2,P.E.K.K.A|Gigante|Bárbaros|Mini P.E.K.K.A,Mago|Valquiria|Gigante|Mago de Hielo,,,,,,,,,,
partida_9,1,TROPA_DESPLEGADA,JUGADOR_2,116,EstrategiaDefensiva,EstrategiaMenorCosto,0,5,Bárbaros|Mini P.E.K.K.A|Mosquetera|Mago de Hielo,Mago de Hielo|P.E.K.K.A|Arqueras|Príncipe,JUGADOR_1,Gigante,5,6,2,,,,,
partida_9,2,TROPA_DESPLEGADA,JUGADOR_2,116,EstrategiaDefensiva,EstrategiaMenorCosto,0,2,Bárbaros|Mini P.E.K.K.A|Mosquetera|Mago de Hielo,P.E.K.K.A|Arqueras|Príncipe|Ejército de Esqueletos,JUGADOR_2,Mago de Hielo,3,17,27,,,,,
partida_9,3,TROPA_DESPLEGADA,JUGADOR_2,116,EstrategiaDefensiva,EstrategiaMenorCosto,1,0,Bárbaros|Mini P.E.K.K.A|Mosquetera|Mago de Hielo,P.E.K.K.A|Príncipe|Ejército de Esqueletos|Mini P.E.K.K.A,JUGADOR_2,Arqueras,3,17,30,,,,,
partida_9,12,TROPA_DESPLEGADA,JUGADOR_2,116,EstrategiaDefensiva,EstrategiaMenorCosto,4,0,Bárbaros|Mini P.E.K.K.A|Mosquetera|Mago de Hielo,P.E.K.K.A|Príncipe|Mini P.E.K.K.A|Caballero,JUGADOR_2,Ejército de Esqueletos,3,14,28,,,,,
partida_9,16,TROPA_DESPLEGADA,JUGADOR_2,116,EstrategiaDefensiva,EstrategiaMenorCosto,1,1,Bárbaros|Mosquetera|Mago de Hielo|Ejército de Esqueletos,P.E.K.K.A|Príncipe|Mini P.E.K.K.A|Caballero,JUGADOR_1,Mini P.E.K.K.A,4,6,2,,,,,
partida_9,21,TROPA_DESPLEGADA,JUGADOR_2,116,EstrategiaDefensiva,EstrategiaMenorCosto,3,0,Bárbaros|Mosquetera|Mago de Hielo|Ejército de Esqueletos,P.E.K.K.A|Príncipe|Mini P.E.K.K.A|Mago,JUGADOR_2,Caballero,3,14,22,,,,,
partida_9,29,TROPA_DESPLEGADA,JUGADOR_2,116,EstrategiaDefensiva,EstrategiaMenorCosto,2,2,Bárbaros|Mosquetera|Ejército de Esqueletos|Mago,P.E.K.K.A|Príncipe|Mini P.E.K.K.A|Mago,JUGADOR_1,Mago de Hielo,3,6,2,,,,,
partida_9,33,TROPA_DESPLEGADA,JUGADOR_2,116,EstrategiaDefensiva,EstrategiaMenorCosto,4,0,Bárbaros|Mosquetera|Ejército de Esqueletos|Mago,P.E.K.K.A|Príncipe|Mago|Mago de Hielo,JUGADOR_2,Mini P.E.K.K.A,4,9,31,,,,,
partida_9,37,TROPA_DESPLEGADA,JUGADOR_2,116,EstrategiaDefensiva,EstrategiaMenorCosto,1,1,Bárbaros|Ejército de Esqueletos|Mago|Valquiria,P.E.K.K.A|Príncipe|Mago|Mago de Hielo,JUGADOR_1,Mosquetera,4,6,2,,,,,
partida_9,42,TROPA_DESPLEGADA,JUGADOR_2,116,EstrategiaDefensiva,EstrategiaMenorCosto,3,0,Bárbaros|Ejército de Esqueletos|Mago|Valquiria,P.E.K.K.A|Príncipe|Mago|Arqueras,JUGADOR_2,Mago de Hielo,3,1,28,,,,,
partida_9,48,TROPA_DESPLEGADA,JUGADOR_2,116,EstrategiaDefensiva,EstrategiaMenorCosto,1,2,Bárbaros|Ejército de Esqueletos|Mago|Gigante,P.E.K.K.A|Príncipe|Mago|Arqueras,JUGADOR_1,Valquiria,4,6,2,,,,,
partida_9,51,TROPA_DESPLEGADA,JUGADOR_2,116,EstrategiaDefensiva,EstrategiaMenorCosto,2,0,Bárbaros|Ejército de Esqueletos|Mago|Gigante,P.E.K.K.A|Príncipe|Mago|Ejército de Esqueletos,JUGADOR_2,Arqueras,3,0,22,,,,,
partida_9,60,TROPA_DESPLEGADA,JUGADOR_2,116,EstrategiaDefensiva,EstrategiaMenorCosto,5,0,Bárbaros|Ejército de Esqueletos|Mago|Gigante,P.E.K.K.A|Príncipe|Mago|Caballero,JUGADOR_2,Ejército de Esqueletos,3,4,31,,,,,
partida_9,61,TROPA_DESPLEGADA,JUGADOR_2,116,EstrategiaDefensiva,EstrategiaMenorCosto,0,0,Bárbaros|Ejército de Esqueletos|Mago|Mini P.E.K.K.A,P.E.K.K.A|Príncipe|Mago|Caballero,JUGADOR_1,Gigante,5,6,2,,,,,
partida_9,69,TROPA_DESPLEGADA,JUGADOR_2,116,EstrategiaDefensiva,EstrategiaMenorCosto,3,0,Bárbaros|Ejército de Esqueletos|Mago|Mini P.E.K.K.A,P.E.K.K.A|Príncipe|Mago|Mini P.E.K.K.A,JUGADOR_2,Caballero,3,13,17,,,,,
partida_9,76,TROPA_DESPLEGADA,JUGADOR_2,116,EstrategiaDefensiva,EstrategiaMenorCosto,1,2,Bárbaros|Ejército de Esqueletos|Mago|Mago de Hielo,P.E.K.K.A|Príncipe|Mago|Mini P.E.K.K.A,JUGADOR_1,Mini P.E.K.K.A,4,6,2,,,,,
partida_9,81,TROPA_DESPLEGADA,JUGADOR_2,116,EstrategiaDefensiva,EstrategiaMenorCosto,3,0,Bárbaros|Ejército de Esqueletos|Mago|Mago de Hielo,P.E.K.K.A|Príncipe|Mago|Mago de Hielo,JUGADOR_2,Mini P.E.K.K.A,4,17,27,,,,,
partida_9,87,TROPA_DESPLEGADA,JUGADOR_2,116,EstrategiaDefensiva,EstrategiaMenorCosto,2,2,Bárbaros|Ejército de Esqueletos|Mago|Mosquetera,P.E.K.K.A|Príncipe|Mago|Mago de Hielo,JUGADOR_1,Mago de Hielo,3,6,2,,,,,
partida_9,90,TROPA_DESPLEGADA,JUGADOR_2,116,EstrategiaDefensiva,EstrategiaMenorCosto,3,0,Bárbaros|Ejército de Esqueletos|Mago|Mosquetera,P.E.K.K.A|Príncipe|Mago|Arqueras,JUGADOR_2,Mago de Hielo,3,15,17,,,,,
partida_9,97,TROPA_DESPLEGADA,JUGADOR_2,116,EstrategiaDefensiva,EstrategiaMenorCosto,0,2,Bárbaros|Ejército de Esqueletos|Mosquetera|Valquiria,P.E.K.K.A|Príncipe|Mago|Arqueras,JUGADOR_1,Mago,5,6,2,,,,,
partida_9,99,TROPA_DESPLEGADA,JUGADOR_2,116,EstrategiaDefensiva,EstrategiaMenorCosto,1,0,Bárbaros|Ejército de Esqueletos|Mosquetera|Valquiria,P.E.K.K.A|Príncipe|Mago|Ejército de Esqueletos,JUGADOR_2,Arqueras,3,11,21,,,,,
partida_9,109,TROPA_DESPLEGADA,JUGADOR_2,116,EstrategiaDefensiva,EstrategiaMenorCosto,4,0,Bárbaros|Ejército de Esqueletos|Mosquetera|Valquiria,P.E.K.K.A|Príncipe|Mago|Caballero,JUGADOR_2,Ejército de Esqueletos,3,0,21,,,,,
partida_9,115,TROPA_DESPLEGADA,JUGADOR_2,116,EstrategiaDefensiva,EstrategiaMenorCosto,2,2,Bárbaros|Ejército de Esqueletos|Mosquetera|Gigante,P.E.K.K.A|Príncipe|Mago|Caballero,JUGADOR_1,Valquiria,4,6,2,,,,,
partida_9,116,PARTIDA_TERMINADA,JUGADOR_2,116,EstrategiaDefensiva,EstrategiaMenorCosto,2,2,Bárbaros|Ejército de Esqueletos|Mosquetera|Gigante,P.E.K.K.A|Príncipe|Mago|Caballero,,,,,,,,,,
partida_10,1,TROPA_DESPLEGADA,JUGADOR_1,180,EstrategiaAleatoria,EstrategiaDefensiva,0,5,Gigante|Mini P.E.K.K.A|Mago|Príncipe,Caballero|Mago de Hielo|Arqueras|Gigante,JUGADOR_1,Bárbaros,5,16,2,,,,,
partida_10,1,TROPA_DESPLEGADA,JUGADOR_1,180,EstrategiaAleatoria,EstrategiaDefensiva,0,0,Gigante|Mini P.E.K.K.A|Mago|Príncipe,Caballero|Mago de Hielo|Arqueras|Príncipe,JUGADOR_2,Gigante,5,6,28,,,,,
partida_10,12,TROPA_DESPLEGADA,JUGADOR_1,180,EstrategiaAleatoria,EstrategiaDefensiva,0,4,Gigante|Mago|Príncipe|P.E.K.K.A,Caballero|Mago de Hielo|Arqueras|Príncipe,JUGADOR_1,Mini P.E.K.K.A,4,8,13,,,,,
partida_10,18,TROPA_DESPLEGADA,JUGADOR_1,180,EstrategiaAleatoria,EstrategiaDefensiva,2,1,Gigante|Mago|Príncipe|P.E.K.K.A,Caballero|Mago de Hielo|Arqueras|Ejército de Esqueletos,JUGADOR_2,Príncipe,5,6,28,,,,,
partida_10,27,TROPA_DESPLEGADA,JUGADOR_1,180,EstrategiaAleatoria,EstrategiaDefensiva,0,4,Gigante|Príncipe|P.E.K.K.A|Valquiria,Caballero|Mago de Hielo|Arqueras|Ejército de Esqueletos,JUGADOR_1,Mago,5,16,14,,,,,
partida_10,33,TROPA_DESPLEGADA,JUGADOR_1,180,EstrategiaAleatoria,EstrategiaDefensiva,2,3,Gigante|Príncipe|P.E.K.K.A|Valquiria,Mago de Hielo|Arqueras|Ejército de Esqueletos|Bárbaros,JUGADOR_2,Caballero,3,6,28,,,,,
partida_10,39,TROPA_DESPLEGADA,JUGADOR_1,180,EstrategiaAleatoria,EstrategiaDefensiva,0,5,Gigante|Príncipe|P.E.K.K.A|Arqueras,Mago de Hielo|Arqueras|Ejército de Esqueletos|Bárbaros,JUGADOR_1,Valquiria,4,0,10,,,,,
partida_10,39,TROPA_DESPLEGADA,JUGADOR_1,180,EstrategiaAleatoria,EstrategiaDefensiva,0,2,Gigante|Príncipe|P.E.K.K.A|Arqueras,Arqueras|Ejército de Esqueletos|Bárbaros|Mago,JUGADOR_2,Mago de Hielo,3,6,28,,,,,
partida_10,48,TROPA_DESPLEGADA,JUGADOR_1,180,EstrategiaAleatoria,EstrategiaDefensiva,0,5,Gigante|Príncipe|P.E.K.K.A|Bárbaros,Arqueras|Ejército de Esqueletos|Bárbaros|Mago,JUGADOR_1,Arqueras,3,6,4,,,,,
partida_10,48,TROPA_DESPLEGADA,JUGADOR_1,180,EstrategiaAleatoria,EstrategiaDefensiva,0,0,Gigante|Príncipe|P.E.K.K.A|Bárbaros,Arqueras|Ejército de Esqueletos|Bárbaros|Gigante,JUGADOR_2,Mago,5,6,28,,,,,
partida_10,63,TROPA_DESPLEGADA,JUGADOR_1,180,EstrategiaAleatoria,EstrategiaDefensiva,0,5,Gigante|P.E.K.K.A|Bárbaros|Mini P.E.K.K.A,Arqueras|Ejército de Esqueletos|Bárbaros|Gigante,JUGADOR_1,Príncipe,5,3,14,,,,,
partida_10,64,TROPA_DESPLEGADA,JUGADOR_1,180,EstrategiaAleatoria,EstrategiaDefensiva,0,0,Gigante|P.E.K.K.A|Bárbaros|Mini P.E.K.K.A,Arqueras|Ejército de Esqueletos|Bárbaros|Príncipe,JUGADOR_2,Gigante,5,6,28,,,,,
partida_10,75,TROPA_DESPLEGADA,JUGADOR_1,180,EstrategiaAleatoria,EstrategiaDefensiva,0,4,Gigante|P.E.K.K.A|Bárbaros|Mago,Arqueras|Ejército de Esqueletos|Bárbaros|Príncipe,JUGADOR_1,Mini P.E.K.K.A,4,12,7,,,,,
partida_10,78,TROPA_DESPLEGADA,JUGADOR_1,180,EstrategiaAleatoria,EstrategiaDefensiva,1,0,Gigante|P.E.K.K.A|Bárbaros|Mago,Arqueras|Ejército de Esqueletos|Bárbaros|Caballero,JUGADOR_2,Príncipe,5,6,28,,,,,
partida_10,90,TROPA_DESPLEGADA,JUGADOR_1,180,EstrategiaAleatoria,EstrategiaDefensiva,0,4,Gigante|P.E.K.K.A|Bárbaros|Valquiria,Arqueras|Ejército de Esqueletos|Bárbaros|Caballero,JUGADOR_1,Mago,5,14,9,,,,,
partida_10,93,TROPA_DESPLEGADA,JUGADOR_1,180,EstrategiaAleatoria,EstrategiaDefensiva,1,2,Gigante|P.E.K.K.A|Bárbaros|Valquiria,Arqueras|Ejército de Esqueletos|Bárbaros|Mago de Hielo,JUGADOR_2,Caballero,3,6,28,,,,,
partida_10,102,TROPA_DESPLEGADA,JUGADOR_1,180,EstrategiaAleatoria,EstrategiaDefensiva,0,5,Gigante|P.E.K.K.A|Bárbaros|Arqueras,Arqueras|Ejército de Esqueletos|Bárbaros|Mago de Hielo,JUGADOR_1,Valquiria,4,9,7,,,,,
partida_10,107,TROPA_DESPLEGADA,JUGADOR_1,180,EstrategiaAleatoria,EstrategiaDefensiva,1,3,Gigante|P.E.K.K.A|Bárbaros|Arqueras,Arqueras|Ejército de Esqueletos|Bárbaros|Mago,JUGADOR_2,Mago de Hielo,3,6,28,,,,,
partida_10,111,TROPA_DESPLEGADA,JUGADOR_1,180,EstrategiaAleatoria,EstrategiaDefensiva,3,0,Gigante|P.E.K.K.A|Bárbaros|Arqueras,Arqueras|Ejército de Esqueletos|Bárbaros|Gigante,JUGADOR_2,Mago,5,6,28,,,,,
partida_10,112,TROPA_DESPLEGADA,JUGADOR_1,180,EstrategiaAleatoria,EstrategiaDefensiva,0,0,Gigante|P.E.K.K.A|Bárbaros|Príncipe,Arqueras|Ejército de Esqueletos|Bárbaros|Gigante,JUGADOR_1,Arqueras,3,0,17,,,,,
partida_10,126,TROPA_DESPLEGADA,JUGADOR_1,180,EstrategiaAleatoria,EstrategiaDefensiva,0,5,P.E.K.K.A|Bárbaros|Príncipe|Mini P.E.K.K.A,Arqueras|Ejército de Esqueletos|Bárbaros|Gigante,JUGADOR_1,Gigante,5,0,4,,,,,
partida_10,126,TROPA_DESPLEGADA,JUGADOR_1,180,EstrategiaAleatoria,EstrategiaDefensiva,0,0,P.E.K.K.A|Bárbaros|Príncipe|Mini P.E.K.K.A,Arqueras|Ejército de Esqueletos|Bárbaros|Príncipe,JUGADOR_2,Gigante,5,6,28,,,,,
partida_10,141,TROPA_DESPLEGADA,JUGADOR_1,180,EstrategiaAleatoria,EstrategiaDefensiva,0,5,P.E.K.K.A|Bárbaros|Mini P.E.K.K.A|Mago,Arqueras|Ejército de Esqueletos|Bárbaros|Príncipe,JUGADOR_1,Príncipe,5,5,8,,,,,
partida_10,141,TROPA_DESPLEGADA,JUGADOR_1,180,EstrategiaAleatoria,EstrategiaDefensiva,0,0,P.E.K.K.A|Bárbaros|Mini P.E.K.K.A|Mago,Arqueras|Ejército de Esqueletos|Bárbaros|Caballero,JUGADOR_2,Príncipe,5,6,28,,,,,
partida_10,154,TROPA_DESPLEGADA,JUGADOR_1,180,EstrategiaAleatoria,EstrategiaDefensiva,0,4,P.E.K.K.A|Bárbaros|Mago|Valquiria,Arqueras|Ejército de Esqueletos|Bárbaros|Caballero,JUGADOR_1,Mini P.E.K.K.A,4,4,12,,,,,
partida_10,159,TROPA_DESPLEGADA,JUGADOR_1,180,EstrategiaAleatoria,EstrategiaDefensiva,2,3,P.E.K.K.A|Bárbaros|Mago|Valquiria,Arqueras|Ejército de Esqueletos|Bárbaros|Mago de Hielo,JUGADOR_2,Caballero,3,6,28,,,,,
partida_10,168,TROPA_DESPLEGADA,JUGADOR_1,180,EstrategiaAleatoria,EstrategiaDefensiva,0,6,P.E.K.K.A|Mago|Valquiria|Arqueras,Arqueras|Ejército de Esqueletos|Bárbaros|Mago de Hielo,JUGADOR_1,Bárbaros,5,1,21,,,,,
partida_10,168,TROPA_DESPLEGADA,JUGADOR_1,180,EstrategiaAleatoria,EstrategiaDefensiva,0,3,P.E.K.K.A|Mago|Valquiria|Arqueras,Arqueras|Ejército de Esqueletos|Bárbaros|Mago,JUGADOR_2,Mago de Hielo,3,6,28,,,,,
partida_10,178,TROPA_DESPLEGADA,JUGADOR_1,180,EstrategiaAleatoria,EstrategiaDefensiva,0,6,P.E.K.K.A|Mago|Valquiria|Gigante,Arqueras|Ejército de Esqueletos|Bárbaros|Mago,JUGADOR_1,Arqueras,3,5,6,,,,,
partida_10,179,TROPA_DESPLEGADA,JUGADOR_1,180,EstrategiaAleatoria,EstrategiaDefensiva,0,1,P.E.K.K.A|Mago|Valquiria|Gigante,Arqueras|Ejército de Esqueletos|Bárbaros|Gigante,JUGADOR_2,Mago,5,6,28,,,,,
partida_10,180,PARTIDA_TERMINADA,JUGADOR_1,180,EstrategiaAleatoria,EstrategiaDefensiva,1,2,P.E.K.K.A|Mago|Valquiria|Gigante,Arqueras|Ejército de Esqueletos|Bárbaros|Gigante,,,,,,,,,,
partida_11,1,TROPA_DESPLEGADA,JUGADOR_2,184,EstrategiaAleatoria,EstrategiaDefensiva,1,5,Arqueras|Mosquetera|P.E.K.K.A|Gigante,Ejército de Esqueletos|Caballero|Mago de Hielo|Bárbaros,JUGADOR_1,Mini P.E.K.K.A,4,15,0,,,,,
partida_11,4,TROPA_DESPLEGADA,JUGADOR_2,184,EstrategiaAleatoria,EstrategiaDefensiva,2,3,Arqueras|Mosquetera|P.E.K.K.A|Gigante,Ejército de Esqueletos|Mago de Hielo|Bárbaros|Mago,JUGADOR_2,Caballero,3,6,28,,,,,
partida_11,6,TROPA_DESPLEGADA,JUGADOR_2,184,EstrategiaAleatoria,EstrategiaDefensiva,0,4,Mosquetera|P.E.K.K.A|Gigante|Bárbaros,Ejército de Esqueletos|Mago de Hielo|Bárbaros|Mago,JUGADOR_1,Arqueras,3,8,0,,,,,
partida_11,13,TROPA_DESPLEGADA,JUGADOR_2,184,EstrategiaAleatoria,EstrategiaDefensiva,2,3,Mosquetera|P.E.K.K.A|Gigante|Bárbaros,Ejército de Esqueletos|Bárbaros|Mago|P.E.K.K.A,JUGADOR_2,Mago de Hielo,3,6,28,,,,,
partida_11,19,TROPA_DESPLEGADA,JUGADOR_2,184,EstrategiaAleatoria,EstrategiaDefensiva,0,5,P.E.K.K.A|Gigante|Bárbaros|Príncipe,Ejército de Esqueletos|Bárbaros|Mago|P.E.K.K.A,JUGADOR_1,Mosquetera,4,10,6,,,,,
partida_11,22,TROPA_DESPLEGADA,JUGADOR_2,184,EstrategiaAleatoria,EstrategiaDefensiva,1,1,P.E.K.K.A|Gigante|Bárbaros|Príncipe,Ejército de Esqueletos|Bárbaros|P.E.K.K.A|Mosquetera,JUGADOR_2,Mago,5,6,28,,,,,
partida_11,33,TROPA_DESPLEGADA,JUGADOR_2,184,EstrategiaAleatoria,EstrategiaDefensiva,0,5,P.E.K.K.A|Gigante|Príncipe|Caballero,Ejército de Esqueletos|Bárbaros|P.E.K.K.A|Mosquetera,JUGADOR_1,Bárbaros,5,4,11,,,,,
partida_11,35,TROPA_DESPLEGADA,JUGADOR_2,184,EstrategiaAleatoria,EstrategiaDefensiva,0,1,P.E.K.K.A|Gigante|Príncipe|Caballero,Ejército de Esqueletos|Bárbaros|P.E.K.K.A|Valquiria,JUGADOR_2,Mosquetera,4,6,28,,,,,
partida_11,42,TROPA_DESPLEGADA,JUGADOR_2,184,EstrategiaAleatoria,EstrategiaDefensiva,0,4,P.E.K.K.A|Gigante|Príncipe|Mini P.E.K.K.A,Ejército de Esqueletos|Bárbaros|P.E.K.K.A|Valquiria,JUGADOR_1,Caballero,3,3,11,,,,,
partida_11,46,TROPA_DESPLEGADA,JUGADOR_2,184,EstrategiaAleatoria,EstrategiaDefensiva,1,1,P.E.K.K.A|Gigante|Príncipe|Mini P.E.K.K.A,Ejército de Esqueletos|Bárbaros|P.E.K.K.A|Caballero,JUGADOR_2,Valquiria,4,6,28,,,,,
partida_11,54,TROPA_DESPLEGADA,JUGADOR_2,184,EstrategiaAleatoria,EstrategiaDefensiva,0,4,P.E.K.K.A|Gigante|Príncipe|Arqueras,Ejército de Esqueletos|Bárbaros|P.E.K.K.A|Caballero,JUGADOR_1,Mini P.E.K.K.A,4,11,3,,,,,
partida_11,64,TROPA_DESPLEGADA,JUGADOR_2,184,EstrategiaAleatoria,EstrategiaDefensiva,0,7,P.E.K.K.A|Gigante|Príncipe|Mosquetera,Ejército de Esqueletos|Bárbaros|P.E.K.K.A|Caballero,JUGADOR_1,Arqueras,3,16,6,,,,,
partida_11,64,TROPA_DESPLEGADA,JUGADOR_2,184,EstrategiaAleatoria,EstrategiaDefensiva,0,0,P.E.K.K.A|Gigante|Príncipe|Mosquetera,Ejército de Esqueletos|Bárbaros|Caballero|Mago de Hielo,JUGADOR_2,P.E.K.K.A,7,6,28,,,,,
partida_11,77,TROPA_DESPLEGADA,JUGADOR_2,184,EstrategiaAleatoria,EstrategiaDefensiva,0,4,P.E.K.K.A|Gigante|Príncipe|Bárbaros,Ejército de Esqueletos|Bárbaros|Caballero|Mago de Hielo,JUGADOR_1,Mosquetera,4,2,1,,,,,
partida_11,78,TROPA_DESPLEGADA,JUGADOR_2,184,EstrategiaAleatoria,EstrategiaDefensiva,1,2,P.E.K.K.A|Gigante|Príncipe|Bárbaros,Ejército de Esqueletos|Bárbaros|Mago de Hielo|Mago,JUGADOR_2,Caballero,3,6,28,,,,,
partida_11,90,TROPA_DESPLEGADA,JUGADOR_2,184,EstrategiaAleatoria,EstrategiaDefensiva,5,3,P.E.K.K.A|Gigante|Príncipe|Bárbaros,Ejército de Esqueletos|Bárbaros|Mago|Mosquetera,JUGADOR_2,Mago de Hielo,3,6,28,,,,,
partida_11,91,TROPA_DESPLEGADA,JUGADOR_2,184,EstrategiaAleatoria,EstrategiaDefensiva,0,3,P.E.K.K.A|Gigante|Príncipe|Caballero,Ejército de Esqueletos|Bárbaros|Mago|Mosquetera,JUGADOR_1,Bárbaros,5,5,5,,,,,
partida_11,96,TROPA_DESPLEGADA,JUGADOR_2,184,EstrategiaAleatoria,EstrategiaDefensiva,2,0,P.E.K.K.A|Gigante|Príncipe|Caballero,Ejército de Esqueletos|Bárbaros|Mosquetera|Valquiria,JUGADOR_2,Mago,5,6,28,,,,,
partida_11,99,TROPA_DESPLEGADA,JUGADOR_2,184,EstrategiaAleatoria,EstrategiaDefensiva,0,1,P.E.K.K.A|Gigante|Príncipe|Mini P.E.K.K.A,Ejército de Esqueletos|Bárbaros|Mosquetera|Valquiria,JUGADOR_1,Caballero,3,11,11,,,,,
partida_11,111,TROPA_DESPLEGADA,JUGADOR_2,184,EstrategiaAleatoria,EstrategiaDefensiva,4,1,P.E.K.K.A|Gigante|Príncipe|Mini P.E.K.K.A,Ejército de Esqueletos|Bárbaros|Mosquetera|P.E.K.K.A,JUGADOR_2,Valquiria,4,6,28,,,,,
partida_11,112,TROPA_DESPLEGADA,JUGADOR_2,184,EstrategiaAleatoria,EstrategiaDefensiva,0,1,P.E.K.K.A|Gigante|Príncipe|Arqueras,Ejército de Esqueletos|Bárbaros|Mosquetera|P.E.K.K.A,JUGADOR_1,Mini P.E.K.K.A,4,9,8,,,,,
partida_11,121,TROPA_DESPLEGADA,JUGADOR_2,184,EstrategiaAleatoria,EstrategiaDefensiva,0,4,P.E.K.K.A|Gigante|Príncipe|Mosquetera,Ejército de Esqueletos|Bárbaros|Mosquetera|P.E.K.K.A,JUGADOR_1,Arqueras,3,17,11,,,,,
partida_11,125,TROPA_DESPLEGADA,JUGADOR_2,184,EstrategiaAleatoria,EstrategiaDefensiva,1,1,P.E.K.K.A|Gigante|Príncipe|Mosquetera,Ejército de Esqueletos|Bárbaros|P.E.K.K.A|Caballero,JUGADOR_2,Mosquetera,4,6,28,,,,,
partida_11,132,TROPA_DESPLEGADA,JUGADOR_2,184,EstrategiaAleatoria,EstrategiaDefensiva,0,4,P.E.K.K.A|Gigante|Príncipe|Bárbaros,Ejército de Esqueletos|Bárbaros|P.E.K.K.A|Caballero,JUGADOR_1,Mosquetera,4,9,11,,,,,
partida_11,137,TROPA_DESPLEGADA,JUGADOR_2,184,EstrategiaAleatoria,EstrategiaDefensiva,1,2,P.E.K.K.A|Gigante|Príncipe|Bárbaros,Ejército de Esqueletos|Bárbaros|P.E.K.K.A|Mago de Hielo,JUGADOR_2,Caballero,3,6,28,,,,,
partida_11,144,TROPA_DESPLEGADA,JUGADOR_2,184,EstrategiaAleatoria,EstrategiaDefensiva,4,2,P.E.K.K.A|Gigante|Príncipe|Bárbaros,Ejército de Esqueletos|Bárbaros|P.E.K.K.A|Mago,JUGADOR_2,Mago de Hielo,3,6,28,,,,,
partida_11,148,TROPA_DESPLEGADA,JUGADOR_2,184,EstrategiaAleatoria,EstrategiaDefensiva,0,3,P.E.K.K.A|Gigante|Bárbaros|Caballero,Ejército de Esqueletos|Bárbaros|P.E.K.K.A|Mago,JUGADOR_1,Príncipe,5,17,10,,,,,
partida_11,153,TROPA_DESPLEGADA,JUGADOR_2,184,EstrategiaAleatoria,EstrategiaDefensiva,2,0,P.E.K.K.A|Gigante|Bárbaros|Caballero,Ejército de Esqueletos|Bárbaros|P.E.K.K.A|Valquiria,JUGADOR_2,Mago,5,6,28,,,,,
partida_11,157,TROPA_DESPLEGADA,JUGADOR_2,184,EstrategiaAleatoria,EstrategiaDefensiva,0,1,P.E.K.K.A|Gigante|Bárbaros|Mini P.E.K.K.A,Ejército de Esqueletos|Bárbaros|P.E.K.K.A|Valquiria,JUGADOR_1,Caballero,3,16,3,,,,,
partida_11,169,TROPA_DESPLEGADA,JUGADOR_2,184,EstrategiaAleatoria,EstrategiaDefensiva,4,1,P.E.K.K.A|Gigante|Bárbaros|Mini P.E.K.K.A,Ejército de Esqueletos|Bárbaros|P.E.K.K.A|Mosquetera,JUGADOR_2,Valquiria,4,6,28,,,,,
partida_11,170,TROPA_DESPLEGADA,JUGADOR_2,184,EstrategiaAleatoria,EstrategiaDefensiva,0,1,P.E.K.K.A|Gigante|Bárbaros|Arqueras,Ejército de Esqueletos|Bárbaros|P.E.K.K.A|Mosquetera,JUGADOR_1,Mini P.E.K.K.A,4,13,1,,,,,
partida_11,178,TROPA_DESPLEGADA,JUGADOR_2,184,EstrategiaAleatoria,EstrategiaDefensiva,0,4,P.E.K.K.A|Gigante|Bárbaros|Mosquetera,Ejército de Esqueletos|Bárbaros|P.E.K.K.A|Mosquetera,JUGADOR_1,Arqueras,3,14,15,,,,,
partida_11,180,TROPA_DESPLEGADA,JUGADOR_2,184,EstrategiaAleatoria,EstrategiaDefensiva,1,1,P.E.K.K.A|Gigante|Bárbaros|Mosquetera,Ejército de Esqueletos|Bárbaros|P.E.K.K.A|Caballero,JUGADOR_2,Mosquetera,4,6,28,,,,,
partida_11,184,PARTIDA_TERMINADA,JUGADOR_2,184,EstrategiaAleatoria,EstrategiaDefensiva,2,2,P.E.K.K.A|Gigante|Bárbaros|Mosquetera,Ejército de Esqueletos|Bárbaros|P.E.K.K.A|Caballero,,,,,,,,,,
partida_12,1,TROPA_DESPLEGADA,JUGADOR_2,226,EstrategiaDefensiva,EstrategiaMenorCosto,0,5,P.E.K.K.A|Mosquetera|Caballero|Arqueras,Mosquetera|Valquiria|P.E.K.K.A|Ejército de Esqueletos,JUGADOR_1,Gigante,5,6,2,,,,,
partida_12,1,TROPA_DESPLEGADA,JUGADOR_2,226,EstrategiaDefensiva,EstrategiaMenorCosto,0,2,P.E.K.K.A|Mosquetera|Caballero|Arqueras,Mosquetera|Valquiria|P.E.K.K.A|Caballero,JUGADOR_2,Ejército de Esqueletos,3,14,21,,,,,
partida_12,3,TROPA_DESPLEGADA,JUGADOR_2,226,EstrategiaDefensiva,EstrategiaMenorCosto,1,0,P.E.K.K.A|Mosquetera|Caballero|Arqueras,Mosquetera|Valquiria|P.E.K.K.A|Mago de Hielo,JUGADOR_2,Caballero,3,17,17,,,,,
partida_12,12,TROPA_DESPLEGADA,JUGADOR_2,226,EstrategiaDefensiva,EstrategiaMenorCosto,4,0,P.E.K.K.A|Mosquetera|Caballero|Arqueras,Mosquetera|Valquiria|P.E.K.K.A|Mago,JUGADOR_2,Mago de Hielo,3,5,17,,,,,
partida_12,18,TROPA_DESPLEGADA,JUGADOR_2,226,EstrategiaDefensiva,EstrategiaMenorCosto,3,2,P.E.K.K.A|Mosquetera|Arqueras|Mago de Hielo,Mosquetera|Valquiria|P.E.K.K.A|Mago,JUGADOR_1,Caballero,3,6,2,,,,,
partida_12,24,TROPA_DESPLEGADA,JUGADOR_2,226,EstrategiaDefensiva,EstrategiaMenorCosto,2,4,P.E.K.K.A|Mosquetera|Arqueras|Bárbaros,Mosquetera|Valquiria|P.E.K.K.A|Mago,JUGADOR_1,Mago de Hielo,3,6,2,,,,,
partida_12,24,TROPA_DESPLEGADA,JUGADOR_2,226,EstrategiaDefensiva,EstrategiaMenorCosto,2,0,P.E.K.K.A|Mosquetera|Arqueras|Bárbaros,Valquiria|P.E.K.K.A|Mago|Gigante,JUGADOR_2,Mosquetera,4,2,20,,,,,
partida_12,33,TROPA_DESPLEGADA,JUGADOR_2,226,EstrategiaDefensiva,EstrategiaMenorCosto,1,3,P.E.K.K.A|Arqueras|Bárbaros|Ejército de Esqueletos,Valquiria|P.E.K.K.A|Mago|Gigante,JUGADOR_1,Mosquetera,4,6,2,,,,,
partida_12,36,TROPA_DESPLEGADA,JUGADOR_2,226,EstrategiaDefensiva,EstrategiaMenorCosto,2,0,P.E.K.K.A|Arqueras|Bárbaros|Ejército de Esqueletos,P.E.K.K.A|Mago|Gigante|Ejército de Esqueletos,JUGADOR_2,Valquiria,4,8,31,,,,,
partida_12,45,TROPA_DESPLEGADA,JUGADOR_2,226,EstrategiaDefensiva,EstrategiaMenorCosto,5,0,P.E.K.K.A|Arqueras|Bárbaros|Ejército de Esqueletos,P.E.K.K.A|Mago|Gigante|Caballero,JUGADOR_2,Ejército de Esqueletos,3,10,22,,,,,
partida_12,46,TROPA_DESPLEGADA,JUGADOR_2,226,EstrategiaDefensiva,EstrategiaMenorCosto,0,0,P.E.K.K.A|Arqueras|Ejército de Esqueletos|Gigante,P.E.K.K.A|Mago|Gigante|Caballero,JUGADOR_1,Bárbaros,5,6,2,,,,,
partida_12,54,TROPA_DESPLEGADA,JUGADOR_2,226,EstrategiaDefensiva,EstrategiaMenorCosto,3,0,P.E.K.K.A|Arqueras|Ejército de Esqueletos|Gigante,P.E.K.K.A|Mago|Gigante|Mago de Hielo,JUGADOR_2,Caballero,3,0,27,,,,,
partida_12,61,TROPA_DESPLEGADA,JUGADOR_2,226,EstrategiaDefensiva,EstrategiaMenorCosto,0,2,P.E.K.K.A|Arqueras|Ejército de Esqueletos|Caballero,P.E.K.K.A|Mago|Gigante|Mago de Hielo,JUGADOR_1,Gigante,5,6,2,,,,,
partida_12,64,TROPA_DESPLEGADA,JUGADOR_2,226,EstrategiaDefensiva,EstrategiaMenorCosto,1,0,P.E.K.K.A|Arqueras|Ejército de Esqueletos|Caballero,P.E.K.K.A|Mago|Gigante|Mosquetera,JUGADOR_2,Mago de Hielo,3,2,31,,,,,
partida_12,75,TROPA_DESPLEGADA,JUGADOR_2,226,EstrategiaDefensiva,EstrategiaMenorCosto,5,0,P.E.K.K.A|Arqueras|Ejército de Esqueletos|Caballero,P.E.K.K.A|Mago|Gigante|Valquiria,JUGADOR_2,Mosquetera,4,5,30,,,,,
partida_12,77,TROPA_DESPLEGADA,JUGADOR_2,226,EstrategiaDefensiva,EstrategiaMenorCosto,2,0,P.E.K.K.A|Arqueras|Ejército de Esqueletos|Mago de Hielo,P.E.K.K.A|Mago|Gigante|Valquiria,JUGADOR_1,Caballero,3,6,2,,,,,
partida_12,85,TROPA_DESPLEGADA,JUGADOR_2,226,EstrategiaDefensiva,EstrategiaMenorCosto,2,3,P.E.K.K.A|Arqueras|Ejército de Esqueletos|Mosquetera,P.E.K.K.A|Mago|Gigante|Valquiria,JUGADOR_1,Mago de Hielo,3,6,2,,,,,
partida_12,87,TROPA_DESPLEGADA,JUGADOR_2,226,EstrategiaDefensiva,EstrategiaMenorCosto,3,0,P.E.K.K.A|Arqueras|Ejército de Esqueletos|Mosquetera,P.E.K.K.A|Mago|Gigante|Ejército de Esqueletos,JUGADOR_2,Valquiria,4,8,26,,,,,
partida_12,95,TROPA_DESPLEGADA,JUGADOR_2,226,EstrategiaDefensiva,EstrategiaMenorCosto,1,2,P.E.K.K.A|Arqueras|Ejército de Esqueletos|Bárbaros,P.E.K.K.A|Mago|Gigante|Ejército de Esqueletos,JUGADOR_1,Mosquetera,4,6,2,,,,,
partida_12,96,TROPA_DESPLEGADA,JUGADOR_2,226,EstrategiaDefensiva,EstrategiaMenorCosto,2,0,P.E.K.K.A|Arqueras|Ejército de Esqueletos|Bárbaros,P.E.K.K.A|Mago|Gigante|Caballero,JUGADOR_2,Ejército de Esqueletos,3,3,22,,,,,
partida_12,105,TROPA_DESPLEGADA,JUGADOR_2,226,EstrategiaDefensiva,EstrategiaMenorCosto,5,0,P.E.K.K.A|Arqueras|Ejército de Esqueletos|Bárbaros,P.E.K.K.A|Mago|Gigante|Mago de Hielo,JUGADOR_2,Caballero,3,0,30,,,,,
partida_12,107,TROPA_DESPLEGADA,JUGADOR_2,226,EstrategiaDefensiva,EstrategiaMenorCosto,0,0,P.E.K.K.A|Arqueras|Ejército de Esqueletos|Gigante,P.E.K.K.A|Mago|Gigante|Mago de Hielo,JUGADOR_1,Bárbaros,5,6,2,,,,,
partida_12,114,TROPA_DESPLEGADA,JUGADOR_2,226,EstrategiaDefensiva,EstrategiaMenorCosto,3,0,P.E.K.K.A|Arqueras|Ejército de Esqueletos|Gigante,P.E.K.K.A|Mago|Gigante|Mosquetera,JUGADOR_2,Mago de Hielo,3,10,17,,,,,
partida_12,123,TROPA_DESPLEGADA,JUGADOR_2,226,EstrategiaDefensiva,EstrategiaMenorCosto,1,3,P.E.K.K.A|Arqueras|Ejército de Esqueletos|Caballero,P.E.K.K.A|Mago|Gigante|Mosquetera,JUGADOR_1,Gigante,5,6,2,,,,,
partida_12,126,TROPA_DESPLEGADA,JUGADOR_2,226,EstrategiaDefensiva,EstrategiaMenorCosto,2,0,P.E.K.K.A|Arqueras|Ejército de Esqueletos|Caballero,P.E.K.K.A|Mago|Gigante|Valquiria,JUGADOR_2,Mosquetera,4,17,19,,,,,
partida_12,138,TROPA_DESPLEGADA,JUGADOR_2,226,EstrategiaDefensiva,EstrategiaMenorCosto,6,0,P.E.K.K.A|Arqueras|Ejército de Esqueletos|Caballero,P.E.K.K.A|Mago|Gigante|Ejército de Esqueletos,JUGADOR_2,Valquiria,4,2,11,,,,,
partida_12,139,TROPA_DESPLEGADA,JUGADOR_2,226,EstrategiaDefensiva,EstrategiaMenorCosto,3,0,P.E.K.K.A|Arqueras|Ejército de Esqueletos|Mago de Hielo,P.E.K.K.A|Mago|Gigante|Ejército de Esqueletos,JUGADOR_1,Caballero,3,6,2,,,,,
partida_12,146,TROPA_DESPLEGADA,JUGADOR_2,226,EstrategiaDefensiva,EstrategiaMenorCosto,2,2,P.E.K.K.A|Arqueras|Ejército de Esqueletos|Mosquetera,P.E.K.K.A|Mago|Gigante|Ejército de Esqueletos,JUGADOR_1,Mago de Hielo,3,6,2,,,,,
partida_12,147,TROPA_DESPLEGADA,JUGADOR_2,226,EstrategiaDefensiva,EstrategiaMenorCosto,3,0,P.E.K.K.A|Arqueras|Ejército de Esqueletos|Mosquetera,P.E.K.K.A|Mago|Gigante|Caballero,JUGADOR_2,Ejército de Esqueletos,3,7,31,,,,,
partida_12,154,TROPA_DESPLEGADA,JUGADOR_2,226,EstrategiaDefensiva,EstrategiaMenorCosto,1,2,P.E.K.K.A|Arqueras|Ejército de Esqueletos|Bárbaros,P.E.K.K.A|Mago|Gigante|Caballero,JUGADOR_1,Mosquetera,4,6,2,,,,,
partida_12,156,TROPA_DESPLEGADA,JUGADOR_2,226,EstrategiaDefensiva,EstrategiaMenorCosto,2,0,P.E.K.K.A|Arqueras|Ejército de Esqueletos|Bárbaros,P.E.K.K.A|Mago|Gigante|Mago de Hielo,JUGADOR_2,Caballero,3,11,19,,,,,
partida_12,165,TROPA_DESPLEGADA,JUGADOR_2,226,EstrategiaDefensiva,EstrategiaMenorCosto,5,0,P.E.K.K.A|Arqueras|Ejército de Esqueletos|Bárbaros,P.E.K.K.A|Mago|Gigante|Mosquetera,JUGADOR_2,Mago de Hielo,3,16,20,,,,,
partida_12,166,TROPA_DESPLEGADA,JUGADOR_2,226,EstrategiaDefensiva,EstrategiaMenorCosto,0,0,P.E.K.K.A|Arqueras|Ejército de Esqueletos|Gigante,P.E.K.K.A|Mago|Gigante|Mosquetera,JUGADOR_1,Bárbaros,5,6,2,,,,,
partida_12,177,TROPA_DESPLEGADA,JUGADOR_2,226,EstrategiaDefensiva,EstrategiaMenorCosto,4,0,P.E.K.K.A|Arqueras|Ejército de Esqueletos|Gigante,P.E.K.K.A|Mago|Gigante|Valquiria,JUGADOR_2,Mosquetera,4,0,13,,,,,
partida_12,182,TROPA_DESPLEGADA,JUGADOR_2,226,EstrategiaDefensiva,EstrategiaMenorCosto,0,1,P.E.K.K.A|Arqueras|Ejército de Esqueletos|Caballero,P.E.K.K.A|Mago|Gigante|Valquiria,JUGADOR_1,Gigante,5,6,2,,,,,
partida_12,189,TROPA_DESPLEGADA,JUGADOR_2,226,EstrategiaDefensiva,EstrategiaMenorCosto,3,0,P.E.K.K.A|Arqueras|Ejército de Esqueletos|Caballero,P.E.K.K.A|Mago|Gigante|Ejército de Esqueletos,JUGADOR_2,Valquiria,4,5,12,,,,,
partida_12,197,TROPA_DESPLEGADA,JUGADOR_2,226,EstrategiaDefensiva,EstrategiaMenorCosto,2,2,P.E.K.K.A|Arqueras|Ejército de Esqueletos|Mago de Hielo,P.E.K.K.A|Mago|Gigante|Ejército de Esqueletos,JUGADOR_1,Caballero,3,6,2,,,,,
partida_12,198,TROPA_DESPLEGADA,JUGADOR_2,226,EstrategiaDefensiva,EstrategiaMenorCosto,3,0,P.E.K.K.A|Arqueras|Ejército de Esqueletos|Mago de Hielo,P.E.K.K.A|Mago|Gigante|Caballero,JUGADOR_2,Ejército de Esqueletos,3,10,12,,,,,
partida_12,204,TROPA_DESPLEGADA,JUGADOR_2,226,EstrategiaDefensiva,EstrategiaMenorCosto,2,2,P.E.K.K.A|Arqueras|Ejército de Esqueletos|Mosquetera,P.E.K.K.A|Mago|Gigante|Caballero,JUGADOR_1,Mago de Hielo,3,6,2,,,,,
partida_12,207,TROPA_DESPLEGADA,JUGADOR_2,226,EstrategiaDefensiva,EstrategiaMenorCosto,3,0,P.E.K.K.A|Arqueras|Ejército de Esqueletos|Mosquetera,P.E.K.K.A|Mago|Gigante|Mago de Hielo,JUGADOR_2,Caballero,3,2,10,,,,,
partida_12,213,TROPA_DESPLEGADA,JUGADOR_2,226,EstrategiaDefensiva,EstrategiaMenorCosto,1,2,P.E.K.K.A|Arqueras|Ejército de Esqueletos|Bárbaros,P.E.K.K.A|Mago|Gigante|Mago de Hielo,JUGADOR_1,Mosquetera,4,6,2,,,,,
partida_12,216,TROPA_DESPLEGADA,JUGADOR_2,226,EstrategiaDefensiva,EstrategiaMenorCosto,2,0,P.E.K.K.A|Arqueras|Ejército de Esqueletos|Bárbaros,P.E.K.K.A|Mago|Gigante|Mosquetera,JUGADOR_2,Mago de Hielo,3,17,29,,,,,
partida_12,225,TROPA_DESPLEGADA,JUGADOR_2,226,EstrategiaDefensiva,EstrategiaMenorCosto,0,3,P.E.K.K.A|Arqueras|Ejército de Esqueletos|Gigante,P.E.K.K.A|Mago|Gigante|Mosquetera,JUGADOR_1,Bárbaros,5,6,2,,,,,
partida_12,226,PARTIDA_TERMINADA,JUGADOR_2,226,EstrategiaDefensiva,EstrategiaMenorCosto,0,3,P.E.K.K.A|Arqueras|Ejército de Esqueletos|Gigante,P.E.K.K.A|Mago|Gigante|Mosquetera,,,,,,,,,,
partida_12,226,PARTIDA_TERMINADA,JUGADOR_2,226,EstrategiaDefensiva,EstrategiaMenorCosto,0,3,P.E.K.K.A|Arqueras|Ejército de Esqueletos|Gigante,P.E.K.K.A|Mago|Gigante|Mosquetera,,,,,,,,,,
partida_13,1,TROPA_DESPLEGADA,JUGADOR_1,180,EstrategiaMenorCosto,EstrategiaMenorCosto,2,5,Gigante|P.E.K.K.A|Ejército de Esqueletos|Valquiria,Príncipe|Arqueras|Gigante|Mago,JUGADOR_1,Arqueras,3,9,7,,,,,
partida_13,1,TROPA_DESPLEGADA,JUGADOR_1,180,EstrategiaMenorCosto,EstrategiaMenorCosto,2,2,Gigante|P.E.K.K.A|Ejército de Esqueletos|Valquiria,Príncipe|Gigante|Mago|P.E.K.K.A,JUGADOR_2,Arqueras,3,3,28,,,,,
partida_13,3,TROPA_DESPLEGADA,JUGADOR_1,180,EstrategiaMenorCosto,EstrategiaMenorCosto,0,3,Gigante|P.E.K.K.A|Valquiria|Príncipe,Príncipe|Gigante|Mago|P.E.K.K.A,JUGADOR_1,Ejército de Esqueletos,3,13,0,,,,,
partida_13,9,TROPA_DESPLEGADA,JUGADOR_1,180,EstrategiaMenorCosto,EstrategiaMenorCosto,2,0,Gigante|P.E.K.K.A|Valquiria|Príncipe,Gigante|Mago|P.E.K.K.A|Ejército de Esqueletos,JUGADOR_2,Príncipe,5,17,22,,,,,
partida_13,15,TROPA_DESPLEGADA,JUGADOR_1,180,EstrategiaMenorCosto,EstrategiaMenorCosto,0,2,Gigante|P.E.K.K.A|Príncipe|Caballero,Gigante|Mago|P.E.K.K.A|Ejército de Esqueletos,JUGADOR_1,Valquiria,4,14,13,,,,,
partida_13,18,TROPA_DESPLEGADA,JUGADOR_1,180,EstrategiaMenorCosto,EstrategiaMenorCosto,1,0,Gigante|P.E.K.K.A|Príncipe|Caballero,Gigante|Mago|P.E.K.K.A|Bárbaros,JUGADOR_2,Ejército de Esqueletos,3,12,28,,,,,
partida_13,24,TROPA_DESPLEGADA,JUGADOR_1,180,EstrategiaMenorCosto,EstrategiaMenorCosto,0,2,Gigante|P.E.K.K.A|Príncipe|Mago de Hielo,Gigante|Mago|P.E.K.K.A|Bárbaros,JUGADOR_1,Caballero,3,16,8,,,,,
partida_13,33,TROPA_DESPLEGADA,JUGADOR_1,180,EstrategiaMenorCosto,EstrategiaMenorCosto,0,5,Gigante|P.E.K.K.A|Príncipe|Arqueras,Gigante|Mago|P.E.K.K.A|Bárbaros,JUGADOR_1,Mago de Hielo,3,9,6,,,,,
partida_13,33,TROPA_DESPLEGADA,JUGADOR_1,180,EstrategiaMenorCosto,EstrategiaMenorCosto,0,0,Gigante|P.E.K.K.A|Príncipe|Arqueras,Mago|P.E.K.K.A|Bárbaros|Valquiria,JUGADOR_2,Gigante,5,0,30,,,,,
partida_13,42,TROPA_DESPLEGADA,JUGADOR_1,180,EstrategiaMenorCosto,EstrategiaMenorCosto,0,3,Gigante|P.E.K.K.A|Príncipe|Ejército de Esqueletos,Mago|P.E.K.K.A|Bárbaros|Valquiria,JUGADOR_1,Arqueras,3,2,4,,,,,
partida_13,45,TROPA_DESPLEGADA,JUGADOR_1,180,EstrategiaMenorCosto,EstrategiaMenorCosto,1,0,Gigante|P.E.K.K.A|Príncipe|Ejército de Esqueletos,Mago|P.E.K.K.A|Bárbaros|Arqueras,JUGADOR_2,Valquiria,4,4,29,,,,,
partida_13,51,TROPA_DESPLEGADA,JUGADOR_1,180,EstrategiaMenorCosto,EstrategiaMenorCosto,0,2,Gigante|P.E.K.K.A|Príncipe|Valquiria,Mago|P.E.K.K.A|Bárbaros|Arqueras,JUGADOR_1,Ejército de Esqueletos,3,13,13,,,,,
partida_13,54,TROPA_DESPLEGADA,JUGADOR_1,180,EstrategiaMenorCosto,EstrategiaMenorCosto,1,0,Gigante|P.E.K.K.A|Príncipe|Valquiria,Mago|P.E.K.K.A|Bárbaros|Príncipe,JUGADOR_2,Arqueras,3,5,17,,,,,
partida_13,66,TROPA_DESPLEGADA,JUGADOR_1,180,EstrategiaMenorCosto,EstrategiaMenorCosto,1,4,Gigante|P.E.K.K.A|Príncipe|Caballero,Mago|P.E.K.K.A|Bárbaros|Príncipe,JUGADOR_1,Valquiria,4,2,2,,,,,
partida_13,69,TROPA_DESPLEGADA,JUGADOR_1,180,EstrategiaMenorCosto,EstrategiaMenorCosto,2,0,Gigante|P.E.K.K.A|Príncipe|Caballero,P.E.K.K.A|Bárbaros|Príncipe|Ejército de Esqueletos,JUGADOR_2,Mago,5,5,24,,,,,
partida_13,72,TROPA_DESPLEGADA,JUGADOR_1,180,EstrategiaMenorCosto,EstrategiaMenorCosto,0,1,Gigante|P.E.K.K.A|Príncipe|Mago de Hielo,P.E.K.K.A|Bárbaros|Príncipe|Ejército de Esqueletos,JUGADOR_1,Caballero,3,9,10,,,,,
partida_13,79,TROPA_DESPLEGADA,JUGADOR_1,180,EstrategiaMenorCosto,EstrategiaMenorCosto,2,0,Gigante|P.E.K.K.A|Príncipe|Mago de Hielo,P.E.K.K.A|Bárbaros|Príncipe|Gigante,JUGADOR_2,Ejército de Esqueletos,3,6,28,,,,,
partida_13,81,TROPA_DESPLEGADA,JUGADOR_1,180,EstrategiaMenorCosto,EstrategiaMenorCosto,0,1,Gigante|P.E.K.K.A|Príncipe|Arqueras,P.E.K.K.A|Bárbaros|Príncipe|Gigante,JUGADOR_1,Mago de Hielo,3,11,10,,,,,
partida_13,90,TROPA_DESPLEGADA,JUGADOR_1,180,EstrategiaMenorCosto,EstrategiaMenorCosto,0,4,Gigante|P.E.K.K.A|Príncipe|Ejército de Esqueletos,P.E.K.K.A|Bárbaros|Príncipe|Gigante,JUGADOR_1,Arqueras,3,12,11,,,,,
partida_13,93,TROPA_DESPLEGADA,JUGADOR_1,180,EstrategiaMenorCosto,EstrategiaMenorCosto,1,0,Gigante|P.E.K.K.A|Príncipe|Ejército de Esqueletos,P.E.K.K.A|Príncipe|Gigante|Valquiria,JUGADOR_2,Bárbaros,5,11,19,,,,,
partida_13,99,TROPA_DESPLEGADA,JUGADOR_1,180,EstrategiaMenorCosto,EstrategiaMenorCosto,0,2,Gigante|P.E.K.K.A|Príncipe|Valquiria,P.E.K.K.A|Príncipe|Gigante|Valquiria,JUGADOR_1,Ejército de Esqueletos,3,11,8,,,,,
partida_13,105,TROPA_DESPLEGADA,JUGADOR_1,180,EstrategiaMenorCosto,EstrategiaMenorCosto,2,0,Gigante|P.E.K.K.A|Príncipe|Valquiria,P.E.K.K.A|Príncipe|Gigante|Arqueras,JUGADOR_2,Valquiria,4,12,22,,,,,
partida_13,111,TROPA_DESPLEGADA,JUGADOR_1,180,EstrategiaMenorCosto,EstrategiaMenorCosto,0,2,Gigante|P.E.K.K.A|Príncipe|Caballero,P.E.K.K.A|Príncipe|Gigante|Arqueras,JUGADOR_1,Valquiria,4,4,9,,,,,
partida_13,114,TROPA_DESPLEGADA,JUGADOR_1,180,EstrategiaMenorCosto,EstrategiaMenorCosto,1,0,Gigante|P.E.K.K.A|Príncipe|Caballero,P.E.K.K.A|Príncipe|Gigante|Mago,JUGADOR_2,Arqueras,3,8,25,,,,,
partida_13,120,TROPA_DESPLEGADA,JUGADOR_1,180,EstrategiaMenorCosto,EstrategiaMenorCosto,0,2,Gigante|P.E.K.K.A|Príncipe|Mago de Hielo,P.E.K.K.A|Príncipe|Gigante|Mago,JUGADOR_1,Caballero,3,7,11,,,,,
partida_13,129,TROPA_DESPLEGADA,JUGADOR_1,180,EstrategiaMenorCosto,EstrategiaMenorCosto,0,5,Gigante|P.E.K.K.A|Príncipe|Arqueras,P.E.K.K.A|Príncipe|Gigante|Mago,JUGADOR_1,Mago de Hielo,3,12,2,,,,,
partida_13,129,TROPA_DESPLEGADA,JUGADOR_1,180,EstrategiaMenorCosto,EstrategiaMenorCosto,0,0,Gigante|P.E.K.K.A|Príncipe|Arqueras,P.E.K.K.A|Gigante|Mago|Ejército de Esqueletos,JUGADOR_2,Príncipe,5,17,30,,,,,
partida_13,138,TROPA_DESPLEGADA,JUGADOR_1,180,EstrategiaMenorCosto,EstrategiaMenorCosto,0,3,Gigante|P.E.K.K.A|Príncipe|Ejército de Esqueletos,P.E.K.K.A|Gigante|Mago|Ejército de Esqueletos,JUGADOR_1,Arqueras,3,16,0,,,,,
partida_13,138,TROPA_DESPLEGADA,JUGADOR_1,180,EstrategiaMenorCosto,EstrategiaMenorCosto,0,0,Gigante|P.E.K.K.A|Príncipe|Ejército de Esqueletos,P.E.K.K.A|Gigante|Mago|Bárbaros,JUGADOR_2,Ejército de Esqueletos,3,9,17,,,,,
partida_13,147,TROPA_DESPLEGADA,JUGADOR_1,180,EstrategiaMenorCosto,EstrategiaMenorCosto,0,3,Gigante|P.E.K.K.A|Príncipe|Valquiria,P.E.K.K.A|Gigante|Mago|Bárbaros,JUGADOR_1,Ejército de Esqueletos,3,11,11,,,,,
partida_13,153,TROPA_DESPLEGADA,JUGADOR_1,180,EstrategiaMenorCosto,EstrategiaMenorCosto,2,0,Gigante|P.E.K.K.A|Príncipe|Valquiria,P.E.K.K.A|Mago|Bárbaros|Valquiria,JUGADOR_2,Gigante,5,5,23,,,,,
partida_13,159,TROPA_DESPLEGADA,JUGADOR_1,180,EstrategiaMenorCosto,EstrategiaMenorCosto,0,2,Gigante|P.E.K.K.A|Príncipe|Caballero,P.E.K.K.A|Mago|Bárbaros|Valquiria,JUGADOR_1,Valquiria,4,1,2,,,,,
partida_13,165,TROPA_DESPLEGADA,JUGADOR_1,180,EstrategiaMenorCosto,EstrategiaMenorCosto,2,0,Gigante|P.E.K.K.A|Príncipe|Caballero,P.E.K.K.A|Mago|Bárbaros|Arqueras,JUGADOR_2,Valquiria,4,17,25,,,,,
partida_13,168,TROPA_DESPLEGADA,JUGADOR_1,180,EstrategiaMenorCosto,EstrategiaMenorCosto,0,1,Gigante|P.E.K.K.A|Príncipe|Mago de Hielo,P.E.K.K.A|Mago|Bárbaros|Arqueras,JUGADOR_1,Caballero,3,2,11,,,,,
partida_13,174,TROPA_DESPLEGADA,JUGADOR_1,180,EstrategiaMenorCosto,EstrategiaMenorCosto,2,0,Gigante|P.E.K.K.A|Príncipe|Mago de Hielo,P.E.K.K.A|Mago|Bárbaros|Príncipe,JUGADOR_2,Arqueras,3,6,29,,,,,
partida_13,177,TROPA_DESPLEGADA,JUGADOR_1,180,EstrategiaMenorCosto,EstrategiaMenorCosto,0,1,Gigante|P.E.K.K.A|Príncipe|Arqueras,P.E.K.K.A|Mago|Bárbaros|Príncipe,JUGADOR_1,Mago de Hielo,3,6,13,,,,,
partida_13,180,PARTIDA_TERMINADA,JUGADOR_1,180,EstrategiaMenorCosto,EstrategiaMenorCosto,1,2,Gigante|P.E.K.K.A|Príncipe|Arqueras,P.E.K.K.A|Mago|Bárbaros|Príncipe,,,,,,,,,,
partida_14,1,TROPA_DESPLEGADA,JUGADOR_1,124,EstrategiaAleatoria,EstrategiaMenorCosto,5,2,Caballero|Gigante|Bárbaros|Arqueras,Mini P.E.K.K.A|Arqueras|Gigante|Bárbaros,JUGADOR_2,Mago de Hielo,3,9,17,,,,,
partida_14,3,TROPA_DESPLEGADA,JUGADOR_1,124,EstrategiaAleatoria,EstrategiaMenorCosto,6,0,Caballero|Gigante|Bárbaros|Arqueras,Mini P.E.K.K.A|Gigante|Bárbaros|Príncipe,JUGADOR_2,Arqueras,3,3,28,,,,,
partida_14,5,TROPA_DESPLEGADA,JUGADOR_1,124,EstrategiaAleatoria,EstrategiaMenorCosto,1,0,Caballero|Bárbaros|Arqueras|Mosquetera,Mini P.E.K.K.A|Gigante|Bárbaros|Príncipe,JUGADOR_1,Gigante,5,14,12,,,,,
partida_14,10,TROPA_DESPLEGADA,JUGADOR_1,124,EstrategiaAleatoria,EstrategiaMenorCosto,0,2,Bárbaros|Arqueras|Mosquetera|Mini P.E.K.K.A,Mini P.E.K.K.A|Gigante|Bárbaros|Príncipe,JUGADOR_1,Caballero,3,12,14,,,,,
partida_14,15,TROPA_DESPLEGADA,JUGADOR_1,124,EstrategiaAleatoria,EstrategiaMenorCosto,2,0,Bárbaros|Arqueras|Mosquetera|Mini P.E.K.K.A,Gigante|Bárbaros|Príncipe|Ejército de Esqueletos,JUGADOR_2,Mini P.E.K.K.A,4,0,28,,,,,
partida_14,21,TROPA_DESPLEGADA,JUGADOR_1,124,EstrategiaAleatoria,EstrategiaMenorCosto,1,2,Bárbaros|Mosquetera|Mini P.E.K.K.A|Mago,Gigante|Bárbaros|Príncipe|Ejército de Esqueletos,JUGADOR_1,Arqueras,3,6,2,,,,,
partida_14,24,TROPA_DESPLEGADA,JUGADOR_1,124,EstrategiaAleatoria,EstrategiaMenorCosto,2,0,Bárbaros|Mosquetera|Mini P.E.K.K.A|Mago,Gigante|Bárbaros|Príncipe|P.E.K.K.A,JUGADOR_2,Ejército de Esqueletos,3,0,20,,,,,
partida_14,30,TROPA_DESPLEGADA,JUGADOR_1,124,EstrategiaAleatoria,EstrategiaMenorCosto,0,2,Bárbaros|Mini P.E.K.K.A|Mago|Valquiria,Gigante|Bárbaros|Príncipe|P.E.K.K.A,JUGADOR_1,Mosquetera,4,4,1,,,,,
partida_14,39,TROPA_DESPLEGADA,JUGADOR_1,124,EstrategiaAleatoria,EstrategiaMenorCosto,3,0,Bárbaros|Mini P.E.K.K.A|Mago|Valquiria,Bárbaros|Príncipe|P.E.K.K.A|Mago de Hielo,JUGADOR_2,Gigante,5,1,22,,,,,
partida_14,42,TROPA_DESPLEGADA,JUGADOR_1,124,EstrategiaAleatoria,EstrategiaMenorCosto,0,1,Bárbaros|Mago|Valquiria|Gigante,Bárbaros|Príncipe|P.E.K.K.A|Mago de Hielo,JUGADOR_1,Mini P.E.K.K.A,4,11,5,,,,,
partida_14,48,TROPA_DESPLEGADA,JUGADOR_1,124,EstrategiaAleatoria,EstrategiaMenorCosto,2,0,Bárbaros|Mago|Valquiria|Gigante,Bárbaros|Príncipe|P.E.K.K.A|Arqueras,JUGADOR_2,Mago de Hielo,3,15,28,,,,,
partida_14,55,TROPA_DESPLEGADA,JUGADOR_1,124,EstrategiaAleatoria,EstrategiaMenorCosto,0,2,Bárbaros|Mago|Gigante|Caballero,Bárbaros|Príncipe|P.E.K.K.A|Arqueras,JUGADOR_1,Valquiria,4,16,10,,,,,
partida_14,58,TROPA_DESPLEGADA,JUGADOR_1,124,EstrategiaAleatoria,EstrategiaMenorCosto,1,0,Bárbaros|Mago|Gigante|Caballero,Bárbaros|Príncipe|P.E.K.K.A|Mini P.E.K.K.A,JUGADOR_2,Arqueras,3,6,30,,,,,
partida_14,63,TROPA_DESPLEGADA,JUGADOR_1,124,EstrategiaAleatoria,EstrategiaMenorCosto,0,2,Bárbaros|Mago|Gigante|Arqueras,Bárbaros|Príncipe|P.E.K.K.A|Mini P.E.K.K.A,JUGADOR_1,Caballero,3,10,10,,,,,
partida_14,69,TROPA_DESPLEGADA,JUGADOR_1,124,EstrategiaAleatoria,EstrategiaMenorCosto,2,0,Bárbaros|Mago|Gigante|Arqueras,Bárbaros|Príncipe|P.E.K.K.A|Ejército de Esqueletos,JUGADOR_2,Mini P.E.K.K.A,4,4,18,,,,,
partida_14,75,TROPA_DESPLEGADA,JUGADOR_1,124,EstrategiaAleatoria,EstrategiaMenorCosto,1,2,Bárbaros|Mago|Gigante|Mosquetera,Bárbaros|Príncipe|P.E.K.K.A|Ejército de Esqueletos,JUGADOR_1,Arqueras,3,16,3,,,,,
partida_14,78,TROPA_DESPLEGADA,JUGADOR_1,124,EstrategiaAleatoria,EstrategiaMenorCosto,2,0,Bárbaros|Mago|Gigante|Mosquetera,Bárbaros|Príncipe|P.E.K.K.A|Gigante,JUGADOR_2,Ejército de Esqueletos,3,6,28,,,,,
partida_14,85,TROPA_DESPLEGADA,JUGADOR_1,124,EstrategiaAleatoria,EstrategiaMenorCosto,0,2,Bárbaros|Mago|Gigante|Mini P.E.K.K.A,Bárbaros|Príncipe|P.E.K.K.A|Gigante,JUGADOR_1,Mosquetera,4,14,2,,,,,
partida_14,93,TROPA_DESPLEGADA,JUGADOR_1,124,EstrategiaAleatoria,EstrategiaMenorCosto,3,0,Bárbaros|Mago|Gigante|Mini P.E.K.K.A,Príncipe|P.E.K.K.A|Gigante|Mago de Hielo,JUGADOR_2,Bárbaros,5,13,20,,,,,
partida_14,102,TROPA_DESPLEGADA,JUGADOR_1,124,EstrategiaAleatoria,EstrategiaMenorCosto,6,0,Bárbaros|Mago|Gigante|Mini P.E.K.K.A,Príncipe|P.E.K.K.A|Gigante|Arqueras,JUGADOR_2,Mago de Hielo,3,16,30,,,,,
partida_14,104,TROPA_DESPLEGADA,JUGADOR_1,124,EstrategiaAleatoria,EstrategiaMenorCosto,2,0,Bárbaros|Mago|Gigante|Valquiria,Príncipe|P.E.K.K.A|Gigante|Arqueras,JUGADOR_1,Mini P.E.K.K.A,4,0,13,,,,,
partida_14,108,TROPA_DESPLEGADA,JUGADOR_1,124,EstrategiaAleatoria,EstrategiaMenorCosto,0,2,Bárbaros|Mago|Gigante|Caballero,Príncipe|P.E.K.K.A|Gigante|Arqueras,JUGADOR_1,Valquiria,4,10,21,,,,,
partida_14,111,TROPA_DESPLEGADA,JUGADOR_1,124,EstrategiaAleatoria,EstrategiaMenorCosto,1,0,Bárbaros|Mago|Gigante|Caballero,Príncipe|P.E.K.K.A|Gigante|Mini P.E.K.K.A,JUGADOR_2,Arqueras,3,17,23,,,,,
partida_14,117,TROPA_DESPLEGADA,JUGADOR_1,124,EstrategiaAleatoria,EstrategiaMenorCosto,0,2,Bárbaros|Mago|Gigante|Arqueras,Príncipe|P.E.K.K.A|Gigante|Mini P.E.K.K.A,JUGADOR_1,Caballero,3,5,19,,,,,
partida_14,123,TROPA_DESPLEGADA,JUGADOR_1,124,EstrategiaAleatoria,EstrategiaMenorCosto,2,0,Bárbaros|Mago|Gigante|Arqueras,Príncipe|P.E.K.K.A|Gigante|Ejército de Esqueletos,JUGADOR_2,Mini P.E.K.K.A,4,11,23,,,,,
partida_14,124,PARTIDA_TERMINADA,JUGADOR_1,124,EstrategiaAleatoria,EstrategiaMenorCosto,2,0,Bárbaros|Mago|Gigante|Arqueras,Príncipe|P.E.K.K.A|Gigante|Ejército de Esqueletos,,,,,,,,,,
partida_15,1,TROPA_DESPLEGADA,JUGADOR_1,64,EstrategiaMenorCosto,EstrategiaAgresiva,2,5,Mago|P.E.K.K.A|Gigante|Mago de Hielo,Ejército de Esqueletos|Arqueras|Valquiria|Bárbaros,JUGADOR_1,Caballero,3,7,7,,,,,
partida_15,2,TROPA_DESPLEGADA,JUGADOR_1,64,EstrategiaMenorCosto,EstrategiaAgresiva,2,1,Mago|P.E.K.K.A|Gigante|Mago de Hielo,Ejército de Esqueletos|Arqueras|Bárbaros|Gigante,JUGADOR_2,Valquiria,4,0,17,,,,,
partida_15,3,TROPA_DESPLEGADA,JUGADOR_1,64,EstrategiaMenorCosto,EstrategiaAgresiva,0,2,Mago|P.E.K.K.A|Gigante|Mini P.E.K.K.A,Ejército de Esqueletos|Arqueras|Bárbaros|Gigante,JUGADOR_1,Mago de Hielo,3,9,9,,,,,
partida_15,7,TROPA_DESPLEGADA,JUGADOR_1,64,EstrategiaMenorCosto,EstrategiaAgresiva,1,0,Mago|P.E.K.K.A|Gigante|Mini P.E.K.K.A,Arqueras|Bárbaros|Gigante|Caballero,JUGADOR_2,Ejército de Esqueletos,3,0,17,,,,,
partida_15,15,TROPA_DESPLEGADA,JUGADOR_1,64,EstrategiaMenorCosto,EstrategiaAgresiva,0,3,Mago|P.E.K.K.A|Gigante|Arqueras,Arqueras|Bárbaros|Gigante|Caballero,JUGADOR_1,Mini P.E.K.K.A,4,9,7,,,,,
partida_15,16,TROPA_DESPLEGADA,JUGADOR_1,64,EstrategiaMenorCosto,EstrategiaAgresiva,0,0,Mago|P.E.K.K.A|Gigante|Arqueras,Arqueras|Bárbaros|Gigante|P.E.K.K.A,JUGADOR_2,Caballero,3,0,17,,,,,
partida_15,24,TROPA_DESPLEGADA,JUGADOR_1,64,EstrategiaMenorCosto,EstrategiaAgresiva,0,3,Mago|P.E.K.K.A|Gigante|Bárbaros,Arqueras|Bárbaros|Gigante|P.E.K.K.A,JUGADOR_1,Arqueras,3,0,13,,,,,
partida_15,25,TROPA_DESPLEGADA,JUGADOR_1,64,EstrategiaMenorCosto,EstrategiaAgresiva,0,0,Mago|P.E.K.K.A|Gigante|Bárbaros,Bárbaros|Gigante|P.E.K.K.A|Mago,JUGADOR_2,Arqueras,3,0,17,,,,,
partida_15,39,TROPA_DESPLEGADA,JUGADOR_1,64,EstrategiaMenorCosto,EstrategiaAgresiva,0,5,P.E.K.K.A|Gigante|Bárbaros|Caballero,Bárbaros|Gigante|P.E.K.K.A|Mago,JUGADOR_1,Mago,5,0,12,,,,,
partida_15,39,TROPA_DESPLEGADA,JUGADOR_1,64,EstrategiaMenorCosto,EstrategiaAgresiva,0,0,P.E.K.K.A|Gigante|Bárbaros|Caballero,Bárbaros|Gigante|P.E.K.K.A|Valquiria,JUGADOR_2,Mago,5,0,17,,,,,
partida_15,48,TROPA_DESPLEGADA,JUGADOR_1,64,EstrategiaMenorCosto,EstrategiaAgresiva,0,3,P.E.K.K.A|Gigante|Bárbaros|Mago de Hielo,Bárbaros|Gigante|P.E.K.K.A|Valquiria,JUGADOR_1,Caballero,3,1,2,,,,,
partida_15,52,TROPA_DESPLEGADA,JUGADOR_1,64,EstrategiaMenorCosto,EstrategiaAgresiva,1,0,P.E.K.K.A|Gigante|Bárbaros|Mago de Hielo,Bárbaros|Gigante|P.E.K.K.A|Ejército de Esqueletos,JUGADOR_2,Valquiria,4,0,22,,,,,
partida_15,57,TROPA_DESPLEGADA,JUGADOR_1,64,EstrategiaMenorCosto,EstrategiaAgresiva,0,2,P.E.K.K.A|Gigante|Bárbaros|Mini P.E.K.K.A,Bárbaros|Gigante|P.E.K.K.A|Ejército de Esqueletos,JUGADOR_1,Mago de Hielo,3,5,4,,,,,
partida_15,60,TROPA_DESPLEGADA,JUGADOR_1,64,EstrategiaMenorCosto,EstrategiaAgresiva,1,0,P.E.K.K.A|Gigante|Bárbaros|Mini P.E.K.K.A,Bárbaros|Gigante|P.E.K.K.A|Caballero,JUGADOR_2,Ejército de Esqueletos,3,0,22,,,,,
partida_15,64,PARTIDA_TERMINADA,JUGADOR_1,64,EstrategiaMenorCosto,EstrategiaAgresiva,2,1,P.E.K.K.A|Gigante|Bárbaros|Mini P.E.K.K.A,Bárbaros|Gigante|P.E.K.K.A|Caballero,,,,,,,,,,
partida_16,1,TROPA_DESPLEGADA,JUGADOR_1,47,EstrategiaAgresiva,EstrategiaMenorCosto,5,0,Gigante|Mini P.E.K.K.A|Arqueras|Caballero,Gigante|Bárbaros|P.E.K.K.A|Mosquetera,JUGADOR_2,Mago,5,17,28,,,,,
partida_16,2,TROPA_DESPLEGADA,JUGADOR_1,47,EstrategiaAgresiva,EstrategiaMenorCosto,1,0,Gigante|Arqueras|Caballero|Mago,Gigante|Bárbaros|P.E.K.K.A|Mosquetera,JUGADOR_1,Mini P.E.K.K.A,4,0,14,,,,,
partida_16,6,TROPA_DESPLEGADA,JUGADOR_1,47,EstrategiaAgresiva,EstrategiaMenorCosto,0,2,Gigante|Arqueras|Mago|Mago de Hielo,Gigante|Bárbaros|P.E.K.K.A|Mosquetera,JUGADOR_1,Caballero,3,0,14,,,,,
partida_16,12,TROPA_DESPLEGADA,JUGADOR_1,47,EstrategiaAgresiva,EstrategiaMenorCosto,2,0,Gigante|Arqueras|Mago|Mago de Hielo,Gigante|Bárbaros|P.E.K.K.A|Ejército de Esqueletos,JUGADOR_2,Mosquetera,4,12,19,,,,,
partida_16,19,TROPA_DESPLEGADA,JUGADOR_1,47,EstrategiaAgresiva,EstrategiaMenorCosto,1,2,Gigante|Arqueras|Mago|Ejército de Esqueletos,Gigante|Bárbaros|P.E.K.K.A|Ejército de Esqueletos,JUGADOR_1,Mago de Hielo,3,0,21,,,,,
partida_16,21,TROPA_DESPLEGADA,JUGADOR_1,47,EstrategiaAgresiva,EstrategiaMenorCosto,2,0,Gigante|Arqueras|Mago|Ejército de Esqueletos,Gigante|Bárbaros|P.E.K.K.A|Arqueras,JUGADOR_2,Ejército de Esqueletos,3,16,28,,,,,
partida_16,25,TROPA_DESPLEGADA,JUGADOR_1,47,EstrategiaAgresiva,EstrategiaMenorCosto,0,1,Gigante|Arqueras|Mago|Valquiria,Gigante|Bárbaros|P.E.K.K.A|Arqueras,JUGADOR_1,Ejército de Esqueletos,3,0,21,,,,,
partida_16,30,TROPA_DESPLEGADA,JUGADOR_1,47,EstrategiaAgresiva,EstrategiaMenorCosto,2,0,Gigante|Arqueras|Mago|Valquiria,Gigante|Bárbaros|P.E.K.K.A|Valquiria,JUGADOR_2,Arqueras,3,11,17,,,,,
partida_16,33,TROPA_DESPLEGADA,JUGADOR_1,47,EstrategiaAgresiva,EstrategiaMenorCosto,0,1,Gigante|Mago|Valquiria|Mini P.E.K.K.A,Gigante|Bárbaros|P.E.K.K.A|Valquiria,JUGADOR_1,Arqueras,3,0,21,,,,,
partida_16,42,TROPA_DESPLEGADA,JUGADOR_1,47,EstrategiaAgresiva,EstrategiaMenorCosto,3,0,Gigante|Mago|Valquiria|Mini P.E.K.K.A,Gigante|Bárbaros|P.E.K.K.A|Mago,JUGADOR_2,Valquiria,4,14,29,,,,,
partida_16,45,TROPA_DESPLEGADA,JUGADOR_1,47,EstrategiaAgresiva,EstrategiaMenorCosto,0,1,Gigante|Mago|Valquiria|Caballero,Gigante|Bárbaros|P.E.K.K.A|Mago,JUGADOR_1,Mini P.E.K.K.A,4,0,21,,,,,
partida_16,47,PARTIDA_TERMINADA,JUGADOR_1,47,EstrategiaAgresiva,EstrategiaMenorCosto,0,1,Gigante|Mago|Valquiria|Caballero,Gigante|Bárbaros|P.E.K.K.A|Mago,,,,,,,,,,
partida_17,1,TROPA_DESPLEGADA,JUGADOR_2,142,EstrategiaAgresiva,EstrategiaAgresiva,0,5,P.E.K.K.A|Caballero|Ejército de Esqueletos|Gigante,Bárbaros|Mago|Príncipe|P.E.K.K.A,JUGADOR_1,Príncipe,5,0,14,,,,,
partida_17,1,TROPA_DESPLEGADA,JUGADOR_2,142,EstrategiaAgresiva,EstrategiaAgresiva,0,0,P.E.K.K.A|Caballero|Ejército de Esqueletos|Gigante,Bárbaros|Mago|P.E.K.K.A|Mosquetera,JUGADOR_2,Príncipe,5,0,17,,,,,
partida_17,10,TROPA_DESPLEGADA,JUGADOR_2,142,EstrategiaAgresiva,EstrategiaAgresiva,0,3,P.E.K.K.A|Ejército de Esqueletos|Gigante|Arqueras,Bárbaros|Mago|P.E.K.K.A|Mosquetera,JUGADOR_1,Caballero,3,0,14,,,,,
partida_17,13,TROPA_DESPLEGADA,JUGADOR_2,142,EstrategiaAgresiva,EstrategiaAgresiva,1,0,P.E.K.K.A|Ejército de Esqueletos|Gigante|Arqueras,Bárbaros|Mago|P.E.K.K.A|Gigante,JUGADOR_2,Mosquetera,4,0,17,,,,,
partida_17,18,TROPA_DESPLEGADA,JUGADOR_2,142,EstrategiaAgresiva,EstrategiaAgresiva,0,2,P.E.K.K.A|Gigante|Arqueras|Mosquetera,Bárbaros|Mago|P.E.K.K.A|Gigante,JUGADOR_1,Ejército de Esqueletos,3,0,14,,,,,
partida_17,27,TROPA_DESPLEGADA,JUGADOR_2,142,EstrategiaAgresiva,EstrategiaAgresiva,0,5,P.E.K.K.A|Gigante|Mosquetera|Valquiria,Bárbaros|Mago|P.E.K.K.A|Gigante,JUGADOR_1,Arqueras,3,0,14,,,,,
partida_17,27,TROPA_DESPLEGADA,JUGADOR_2,142,EstrategiaAgresiva,EstrategiaAgresiva,0,0,P.E.K.K.A|Gigante|Mosquetera|Valquiria,Bárbaros|P.E.K.K.A|Gigante|Caballero,JUGADOR_2,Mago,5,0,17,,,,,
partida_17,37,TROPA_DESPLEGADA,JUGADOR_2,142,EstrategiaAgresiva,EstrategiaAgresiva,3,0,P.E.K.K.A|Gigante|Mosquetera|Valquiria,Bárbaros|P.E.K.K.A|Gigante|Arqueras,JUGADOR_2,Caballero,3,0,17,,,,,
partida_17,39,TROPA_DESPLEGADA,JUGADOR_2,142,EstrategiaAgresiva,EstrategiaAgresiva,0,1,P.E.K.K.A|Gigante|Mosquetera|Príncipe,Bárbaros|P.E.K.K.A|Gigante|Arqueras,JUGADOR_1,Valquiria,4,0,14,,,,,
partida_17,45,TROPA_DESPLEGADA,JUGADOR_2,142,EstrategiaAgresiva,EstrategiaAgresiva,2,0,P.E.K.K.A|Gigante|Mosquetera|Príncipe,Bárbaros|P.E.K.K.A|Gigante|Príncipe,JUGADOR_2,Arqueras,3,0,17,,,,,
partida_17,51,TROPA_DESPLEGADA,JUGADOR_2,142,EstrategiaAgresiva,EstrategiaAgresiva,0,2,P.E.K.K.A|Gigante|Príncipe|Caballero,Bárbaros|P.E.K.K.A|Gigante|Príncipe,JUGADOR_1,Mosquetera,4,0,14,,,,,
partida_17,60,TROPA_DESPLEGADA,JUGADOR_2,142,EstrategiaAgresiva,EstrategiaAgresiva,0,5,P.E.K.K.A|Gigante|Príncipe|Ejército de Esqueletos,Bárbaros|P.E.K.K.A|Gigante|Príncipe,JUGADOR_1,Caballero,3,0,14,,,,,
partida_17,60,TROPA_DESPLEGADA,JUGADOR_2,142,EstrategiaAgresiva,EstrategiaAgresiva,0,0,P.E.K.K.A|Gigante|Príncipe|Ejército de Esqueletos,Bárbaros|P.E.K.K.A|Gigante|Mosquetera,JUGADOR_2,Príncipe,5,0,17,,,,,
partida_17,71,TROPA_DESPLEGADA,JUGADOR_2,142,EstrategiaAgresiva,EstrategiaAgresiva,0,3,P.E.K.K.A|Gigante|Príncipe|Arqueras,Bárbaros|P.E.K.K.A|Gigante|Mosquetera,JUGADOR_1,Ejército de Esqueletos,3,0,14,,,,,
partida_17,74,TROPA_DESPLEGADA,JUGADOR_2,142,EstrategiaAgresiva,EstrategiaAgresiva,1,0,P.E.K.K.A|Gigante|Príncipe|Arqueras,Bárbaros|P.E.K.K.A|Gigante|Mago,JUGADOR_2,Mosquetera,4,0,17,,,,,
partida_17,78,TROPA_DESPLEGADA,JUGADOR_2,142,EstrategiaAgresiva,EstrategiaAgresiva,0,2,P.E.K.K.A|Gigante|Príncipe|Valquiria,Bárbaros|P.E.K.K.A|Gigante|Mago,JUGADOR_1,Arqueras,3,0,14,,,,,
partida_17,89,TROPA_DESPLEGADA,JUGADOR_2,142,EstrategiaAgresiva,EstrategiaAgresiva,3,0,P.E.K.K.A|Gigante|Príncipe|Valquiria,Bárbaros|P.E.K.K.A|Gigante|Caballero,JUGADOR_2,Mago,5,0,10,,,,,
partida_17,90,TROPA_DESPLEGADA,JUGADOR_2,142,EstrategiaAgresiva,EstrategiaAgresiva,0,1,P.E.K.K.A|Gigante|Príncipe|Mosquetera,Bárbaros|P.E.K.K.A|Gigante|Caballero,JUGADOR_1,Valquiria,4,0,9,,,,,
partida_17,96,TROPA_DESPLEGADA,JUGADOR_2,142,EstrategiaAgresiva,EstrategiaAgresiva,2,0,P.E.K.K.A|Gigante|Príncipe|Mosquetera,Bárbaros|P.E.K.K.A|Gigante|Arqueras,JUGADOR_2,Caballero,3,0,10,,,,,
partida_17,102,TROPA_DESPLEGADA,JUGADOR_2,142,EstrategiaAgresiva,EstrategiaAgresiva,0,2,P.E.K.K.A|Gigante|Príncipe|Caballero,Bárbaros|P.E.K.K.A|Gigante|Arqueras,JUGADOR_1,Mosquetera,4,0,9,,,,,
partida_17,105,TROPA_DESPLEGADA,JUGADOR_2,142,EstrategiaAgresiva,EstrategiaAgresiva,1,0,P.E.K.K.A|Gigante|Príncipe|Caballero,Bárbaros|P.E.K.K.A|Gigante|Príncipe,JUGADOR_2,Arqueras,3,0,10,,,,,
partida_17,112,TROPA_DESPLEGADA,JUGADOR_2,142,EstrategiaAgresiva,EstrategiaAgresiva,0,2,P.E.K.K.A|Gigante|Príncipe|Ejército de Esqueletos,Bárbaros|P.E.K.K.A|Gigante|Príncipe,JUGADOR_1,Caballero,3,0,9,,,,,
partida_17,120,TROPA_DESPLEGADA,JUGADOR_2,142,EstrategiaAgresiva,EstrategiaAgresiva,3,0,P.E.K.K.A|Gigante|Príncipe|Ejército de Esqueletos,Bárbaros|P.E.K.K.A|Gigante|Mosquetera,JUGADOR_2,Príncipe,5,0,10,,,,,
partida_17,121,TROPA_DESPLEGADA,JUGADOR_2,142,EstrategiaAgresiva,EstrategiaAgresiva,0,0,P.E.K.K.A|Gigante|Príncipe|Arqueras,Bárbaros|P.E.K.K.A|Gigante|Mosquetera,JUGADOR_1,Ejército de Esqueletos,3,0,9,,,,,
partida_17,129,TROPA_DESPLEGADA,JUGADOR_2,142,EstrategiaAgresiva,EstrategiaAgresiva,0,3,P.E.K.K.A|Gigante|Príncipe|Valquiria,Bárbaros|P.E.K.K.A|Gigante|Mosquetera,JUGADOR_1,Arqueras,3,0,9,,,,,
partida_17,133,TROPA_DESPLEGADA,JUGADOR_2,142,EstrategiaAgresiva,EstrategiaAgresiva,1,0,P.E.K.K.A|Gigante|Príncipe|Valquiria,Bárbaros|P.E.K.K.A|Gigante|Mago,JUGADOR_2,Mosquetera,4,0,10,,,,,
partida_17,141,TROPA_DESPLEGADA,JUGADOR_2,142,EstrategiaAgresiva,EstrategiaAgresiva,0,3,P.E.K.K.A|Gigante|Príncipe|Mosquetera,Bárbaros|P.E.K.K.A|Gigante|Mago,JUGADOR_1,Valquiria,4,0,9,,,,,
partida_17,142,PARTIDA_TERMINADA,JUGADOR_2,142,EstrategiaAgresiva,EstrategiaAgresiva,0,3,P.E.K.K.A|Gigante|Príncipe|Mosquetera,Bárbaros|P.E.K.K.A|Gigante|Mago,,,,,,,,,,
partida_18,1,TROPA_DESPLEGADA,JUGADOR_2,133,EstrategiaMenorCosto,EstrategiaAgresiva,2,5,P.E.K.K.A|Gigante|Valquiria|Bárbaros,Bárbaros|Gigante|Arqueras|Mago de Hielo,JUGADOR_1,Caballero,3,5,10,,,,,
partida_18,4,TROPA_DESPLEGADA,JUGADOR_2,133,EstrategiaMenorCosto,EstrategiaAgresiva,3,1,P.E.K.K.A|Gigante|Valquiria|Bárbaros,Bárbaros|Arqueras|Mago de Hielo|Caballero,JUGADOR_2,Gigante,5,0,17,,,,,
partida_18,6,TROPA_DESPLEGADA,JUGADOR_2,133,EstrategiaMenorCosto,EstrategiaAgresiva,0,2,P.E.K.K.A|Gigante|Bárbaros|Arqueras,Bárbaros|Arqueras|Mago de Hielo|Caballero,JUGADOR_1,Valquiria,4,0,0,,,,,
partida_18,9,TROPA_DESPLEGADA,JUGADOR_2,133,EstrategiaMenorCosto,EstrategiaAgresiva,1,0,P.E.K.K.A|Gigante|Bárbaros|Arqueras,Bárbaros|Arqueras|Mago de Hielo|P.E.K.K.A,JUGADOR_2,Caballero,3,0,17,,,,,
partida_18,16,TROPA_DESPLEGADA,JUGADOR_2,133,EstrategiaMenorCosto,EstrategiaAgresiva,0,2,P.E.K.K.A|Gigante|Bárbaros|Mosquetera,Bárbaros|Arqueras|Mago de Hielo|P.E.K.K.A,JUGADOR_1,Arqueras,3,2,3,,,,,
partida_18,18,TROPA_DESPLEGADA,JUGADOR_2,133,EstrategiaMenorCosto,EstrategiaAgresiva,1,0,P.E.K.K.A|Gigante|Bárbaros|Mosquetera,Bárbaros|Arqueras|P.E.K.K.A|Mosquetera,JUGADOR_2,Mago de Hielo,3,0,17,,,,,
partida_18,27,TROPA_DESPLEGADA,JUGADOR_2,133,EstrategiaMenorCosto,EstrategiaAgresiva,0,3,P.E.K.K.A|Gigante|Bárbaros|Príncipe,Bárbaros|Arqueras|P.E.K.K.A|Mosquetera,JUGADOR_1,Mosquetera,4,5,12,,,,,
partida_18,28,TROPA_DESPLEGADA,JUGADOR_2,133,EstrategiaMenorCosto,EstrategiaAgresiva,0,0,P.E.K.K.A|Gigante|Bárbaros|Príncipe,Bárbaros|P.E.K.K.A|Mosquetera|Príncipe,JUGADOR_2,Arqueras,3,0,17,,,,,
partida_18,39,TROPA_DESPLEGADA,JUGADOR_2,133,EstrategiaMenorCosto,EstrategiaAgresiva,4,0,P.E.K.K.A|Gigante|Bárbaros|Príncipe,Bárbaros|P.E.K.K.A|Príncipe|Gigante,JUGADOR_2,Mosquetera,4,0,17,,,,,
partida_18,42,TROPA_DESPLEGADA,JUGADOR_2,133,EstrategiaMenorCosto,EstrategiaAgresiva,0,1,P.E.K.K.A|Bárbaros|Príncipe|Caballero,Bárbaros|P.E.K.K.A|Príncipe|Gigante,JUGADOR_1,Gigante,5,16,14,,,,,
partida_18,51,TROPA_DESPLEGADA,JUGADOR_2,133,EstrategiaMenorCosto,EstrategiaAgresiva,0,4,P.E.K.K.A|Bárbaros|Príncipe|Valquiria,Bárbaros|P.E.K.K.A|Príncipe|Gigante,JUGADOR_1,Caballero,3,17,10,,,,,
partida_18,54,TROPA_DESPLEGADA,JUGADOR_2,133,EstrategiaMenorCosto,EstrategiaAgresiva,1,0,P.E.K.K.A|Bárbaros|Príncipe|Valquiria,Bárbaros|P.E.K.K.A|Gigante|Caballero,JUGADOR_2,Príncipe,5,0,17,,,,,
partida_18,63,TROPA_DESPLEGADA,JUGADOR_2,133,EstrategiaMenorCosto,EstrategiaAgresiva,0,3,P.E.K.K.A|Bárbaros|Príncipe|Arqueras,Bárbaros|P.E.K.K.A|Gigante|Caballero,JUGADOR_1,Valquiria,4,1,1,,,,,
partida_18,63,TROPA_DESPLEGADA,JUGADOR_2,133,EstrategiaMenorCosto,EstrategiaAgresiva,0,0,P.E.K.K.A|Bárbaros|Príncipe|Arqueras,Bárbaros|P.E.K.K.A|Gigante|Mago de Hielo,JUGADOR_2,Caballero,3,0,17,,,,,
partida_18,72,TROPA_DESPLEGADA,JUGADOR_2,133,EstrategiaMenorCosto,EstrategiaAgresiva,0,3,P.E.K.K.A|Bárbaros|Príncipe|Mosquetera,Bárbaros|P.E.K.K.A|Gigante|Mago de Hielo,JUGADOR_1,Arqueras,3,2,11,,,,,
partida_18,73,TROPA_DESPLEGADA,JUGADOR_2,133,EstrategiaMenorCosto,EstrategiaAgresiva,0,0,P.E.K.K.A|Bárbaros|Príncipe|Mosquetera,Bárbaros|P.E.K.K.A|Gigante|Arqueras,JUGADOR_2,Mago de Hielo,3,0,17,,,,,
partida_18,81,TROPA_DESPLEGADA,JUGADOR_2,133,EstrategiaMenorCosto,EstrategiaAgresiva,3,0,P.E.K.K.A|Bárbaros|Príncipe|Mosquetera,Bárbaros|P.E.K.K.A|Gigante|Mosquetera,JUGADOR_2,Arqueras,3,0,17,,,,,
partida_18,84,TROPA_DESPLEGADA,JUGADOR_2,133,EstrategiaMenorCosto,EstrategiaAgresiva,0,1,P.E.K.K.A|Bárbaros|Príncipe|Gigante,Bárbaros|P.E.K.K.A|Gigante|Mosquetera,JUGADOR_1,Mosquetera,4,16,7,,,,,
partida_18,93,TROPA_DESPLEGADA,JUGADOR_2,133,EstrategiaMenorCosto,EstrategiaAgresiva,3,0,P.E.K.K.A|Bárbaros|Príncipe|Gigante,Bárbaros|P.E.K.K.A|Gigante|Príncipe,JUGADOR_2,Mosquetera,4,0,17,,,,,
partida_18,99,TROPA_DESPLEGADA,JUGADOR_2,133,EstrategiaMenorCosto,EstrategiaAgresiva,0,2,P.E.K.K.A|Príncipe|Gigante|Caballero,Bárbaros|P.E.K.K.A|Gigante|Príncipe,JUGADOR_1,Bárbaros,5,15,20,,,,,
partida_18,108,TROPA_DESPLEGADA,JUGADOR_2,133,EstrategiaMenorCosto,EstrategiaAgresiva,0,5,P.E.K.K.A|Príncipe|Gigante|Valquiria,Bárbaros|P.E.K.K.A|Gigante|Príncipe,JUGADOR_1,Caballero,3,7,0,,,,,
partida_18,108,TROPA_DESPLEGADA,JUGADOR_2,133,EstrategiaMenorCosto,EstrategiaAgresiva,0,0,P.E.K.K.A|Príncipe|Gigante|Valquiria,Bárbaros|P.E.K.K.A|Gigante|Caballero,JUGADOR_2,Príncipe,5,0,10,,,,,
partida_18,118,TROPA_DESPLEGADA,JUGADOR_2,133,EstrategiaMenorCosto,EstrategiaAgresiva,3,0,P.E.K.K.A|Príncipe|Gigante|Valquiria,Bárbaros|P.E.K.K.A|Gigante|Mago de Hielo,JUGADOR_2,Caballero,3,0,10,,,,,
partida_18,120,TROPA_DESPLEGADA,JUGADOR_2,133,EstrategiaMenorCosto,EstrategiaAgresiva,0,1,P.E.K.K.A|Príncipe|Gigante|Arqueras,Bárbaros|P.E.K.K.A|Gigante|Mago de Hielo,JUGADOR_1,Valquiria,4,6,1,,,,,
partida_18,126,TROPA_DESPLEGADA,JUGADOR_2,133,EstrategiaMenorCosto,EstrategiaAgresiva,2,0,P.E.K.K.A|Príncipe|Gigante|Arqueras,Bárbaros|P.E.K.K.A|Gigante|Arqueras,JUGADOR_2,Mago de Hielo,3,0,10,,,,,
partida_18,129,TROPA_DESPLEGADA,JUGADOR_2,133,EstrategiaMenorCosto,EstrategiaAgresiva,0,1,P.E.K.K.A|Príncipe|Gigante|Mosquetera,Bárbaros|P.E.K.K.A|Gigante|Arqueras,JUGADOR_1,Arqueras,3,4,21,,,,,
partida_18,133,PARTIDA_TERMINADA,JUGADOR_2,133,EstrategiaMenorCosto,EstrategiaAgresiva,1,2,P.E.K.K.A|Príncipe|Gigante|Mosquetera,Bárbaros|P.E.K.K.A|Gigante|Arqueras,,,,,,,,,,
partida_19,3,TROPA_DESPLEGADA,JUGADOR_2,120,EstrategiaAleatoria,EstrategiaAgresiva,2,6,Bárbaros|Valquiria|Mago|Ejército de Esqueletos,Arqueras|Ejército de Esqueletos|Bárbaros|Mago de Hielo,JUGADOR_1,Mosquetera,4,10,11,,,,,
partida_19,4,TROPA_DESPLEGADA,JUGADOR_2,120,EstrategiaAleatoria,EstrategiaAgresiva,2,1,Bárbaros|Valquiria|Mago|Ejército de Esqueletos,Arqueras|Ejército de Esqueletos|Mago de Hielo|Príncipe,JUGADOR_2,Bárbaros,5,0,17,,,,,
partida_19,7,TROPA_DESPLEGADA,JUGADOR_2,120,EstrategiaAleatoria,EstrategiaAgresiva,0,2,Bárbaros|Valquiria|Mago|Mini P.E.K.K.A,Arqueras|Ejército de Esqueletos|Mago de Hielo|Príncipe,JUGADOR_1,Ejército de Esqueletos,3,6,5,,,,,
partida_19,9,TROPA_DESPLEGADA,JUGADOR_2,120,EstrategiaAleatoria,EstrategiaAgresiva,1,0,Bárbaros|Valquiria|Mago|Mini P.E.K.K.A,Arqueras|Ejército de Esqueletos|Príncipe|Valquiria,JUGADOR_2,Mago de Hielo,3,0,17,,,,,
partida_19,18,TROPA_DESPLEGADA,JUGADOR_2,120,EstrategiaAleatoria,EstrategiaAgresiva,0,3,Bárbaros|Valquiria|Mago|Arqueras,Arqueras|Ejército de Esqueletos|Príncipe|Valquiria,JUGADOR_1,Mini P.E.K.K.A,4,7,11,,,,,
partida_19,19,TROPA_DESPLEGADA,JUGADOR_2,120,EstrategiaAleatoria,EstrategiaAgresiva,0,0,Bárbaros|Valquiria|Mago|Arqueras,Arqueras|Príncipe|Valquiria|Mini P.E.K.K.A,JUGADOR_2,Ejército de Esqueletos,3,0,17,,,,,
partida_19,27,TROPA_DESPLEGADA,JUGADOR_2,120,EstrategiaAleatoria,EstrategiaAgresiva,0,3,Bárbaros|Valquiria|Mago|Príncipe,Arqueras|Príncipe|Valquiria|Mini P.E.K.K.A,JUGADOR_1,Arqueras,3,11,5,,,,,
partida_19,27,TROPA_DESPLEGADA,JUGADOR_2,120,EstrategiaAleatoria,EstrategiaAgresiva,0,0,Bárbaros|Valquiria|Mago|Príncipe,Príncipe|Valquiria|Mini P.E.K.K.A|P.E.K.K.A,JUGADOR_2,Arqueras,3,0,17,,,,,
partida_19,39,TROPA_DESPLEGADA,JUGADOR_2,120,EstrategiaAleatoria,EstrategiaAgresiva,4,0,Bárbaros|Valquiria|Mago|Príncipe,Príncipe|Valquiria|P.E.K.K.A|Bárbaros,JUGADOR_2,Mini P.E.K.K.A,4,0,17,,,,,
partida_19,44,TROPA_DESPLEGADA,JUGADOR_2,120,EstrategiaAleatoria,EstrategiaAgresiva,0,1,Bárbaros|Valquiria|Príncipe|Mosquetera,Príncipe|Valquiria|P.E.K.K.A|Bárbaros,JUGADOR_1,Mago,5,2,10,,,,,
partida_19,53,TROPA_DESPLEGADA,JUGADOR_2,120,EstrategiaAleatoria,EstrategiaAgresiva,3,0,Bárbaros|Valquiria|Príncipe|Mosquetera,Príncipe|P.E.K.K.A|Bárbaros|Mago de Hielo,JUGADOR_2,Valquiria,4,0,22,,,,,
partida_19,56,TROPA_DESPLEGADA,JUGADOR_2,120,EstrategiaAleatoria,EstrategiaAgresiva,0,1,Bárbaros|Príncipe|Mosquetera|Ejército de Esqueletos,Príncipe|P.E.K.K.A|Bárbaros|Mago de Hielo,JUGADOR_1,Valquiria,4,1,0,,,,,
partida_19,60,TROPA_DESPLEGADA,JUGADOR_2,120,EstrategiaAleatoria,EstrategiaAgresiva,2,0,Bárbaros|Príncipe|Mosquetera|Ejército de Esqueletos,Príncipe|P.E.K.K.A|Bárbaros|Ejército de Esqueletos,JUGADOR_2,Mago de Hielo,3,0,22,,,,,
partida_19,65,TROPA_DESPLEGADA,JUGADOR_2,120,EstrategiaAleatoria,EstrategiaAgresiva,0,1,Bárbaros|Príncipe|Mosquetera|Mini P.E.K.K.A,Príncipe|P.E.K.K.A|Bárbaros|Ejército de Esqueletos,JUGADOR_1,Ejército de Esqueletos,3,16,13,,,,,
partida_19,69,TROPA_DESPLEGADA,JUGADOR_2,120,EstrategiaAleatoria,EstrategiaAgresiva,2,0,Bárbaros|Príncipe|Mosquetera|Mini P.E.K.K.A,Príncipe|P.E.K.K.A|Bárbaros|Arqueras,JUGADOR_2,Ejército de Esqueletos,3,0,22,,,,,
partida_19,75,TROPA_DESPLEGADA,JUGADOR_2,120,EstrategiaAleatoria,EstrategiaAgresiva,0,2,Bárbaros|Príncipe|Mini P.E.K.K.A|Arqueras,Príncipe|P.E.K.K.A|Bárbaros|Arqueras,JUGADOR_1,Mosquetera,4,17,11,,,,,
partida_19,78,TROPA_DESPLEGADA,JUGADOR_2,120,EstrategiaAleatoria,EstrategiaAgresiva,1,0,Bárbaros|Príncipe|Mini P.E.K.K.A|Arqueras,Príncipe|P.E.K.K.A|Bárbaros|Mini P.E.K.K.A,JUGADOR_2,Arqueras,3,0,10,,,,,
partida_19,85,TROPA_DESPLEGADA,JUGADOR_2,120,EstrategiaAleatoria,EstrategiaAgresiva,0,2,Bárbaros|Príncipe|Mini P.E.K.K.A|Mago,Príncipe|P.E.K.K.A|Bárbaros|Mini P.E.K.K.A,JUGADOR_1,Arqueras,3,17,11,,,,,
partida_19,90,TROPA_DESPLEGADA,JUGADOR_2,120,EstrategiaAleatoria,EstrategiaAgresiva,2,0,Bárbaros|Príncipe|Mini P.E.K.K.A|Mago,Príncipe|P.E.K.K.A|Bárbaros|Valquiria,JUGADOR_2,Mini P.E.K.K.A,4,0,10,,,,,
partida_19,96,TROPA_DESPLEGADA,JUGADOR_2,120,EstrategiaAleatoria,EstrategiaAgresiva,0,2,Bárbaros|Príncipe|Mago|Valquiria,Príncipe|P.E.K.K.A|Bárbaros|Valquiria,JUGADOR_1,Mini P.E.K.K.A,4,1,7,,,,,
partida_19,103,TROPA_DESPLEGADA,JUGADOR_2,120,EstrategiaAleatoria,EstrategiaAgresiva,2,0,Bárbaros|Príncipe|Mago|Valquiria,Príncipe|P.E.K.K.A|Bárbaros|Mago de Hielo,JUGADOR_2,Valquiria,4,0,10,,,,,
partida_19,108,TROPA_DESPLEGADA,JUGADOR_2,120,EstrategiaAleatoria,EstrategiaAgresiva,0,2,Bárbaros|Príncipe|Mago|Ejército de Esqueletos,Príncipe|P.E.K.K.A|Bárbaros|Mago de Hielo,JUGADOR_1,Valquiria,4,14,10,,,,,
partida_19,111,TROPA_DESPLEGADA,JUGADOR_2,120,EstrategiaAleatoria,EstrategiaAgresiva,1,0,Bárbaros|Príncipe|Mago|Ejército de Esqueletos,Príncipe|P.E.K.K.A|Bárbaros|Ejército de Esqueletos,JUGADOR_2,Mago de Hielo,3,0,10,,,,,
partida_19,117,TROPA_DESPLEGADA,JUGADOR_2,120,EstrategiaAleatoria,EstrategiaAgresiva,0,2,Bárbaros|Príncipe|Mago|Mosquetera,Príncipe|P.E.K.K.A|Bárbaros|Ejército de Esqueletos,JUGADOR_1,Ejército de Esqueletos,3,17,2,,,,,
partida_19,120,TROPA_DESPLEGADA,JUGADOR_2,120,EstrategiaAleatoria,EstrategiaAgresiva,1,0,Bárbaros|Príncipe|Mago|Mosquetera,Príncipe|P.E.K.K.A|Bárbaros|Arqueras,JUGADOR_2,Ejército de Esqueletos,3,0,10,,,,,
partida_19,120,PARTIDA_TERMINADA,JUGADOR_2,120,EstrategiaAleatoria,EstrategiaAgresiva,1,0,Bárbaros|Príncipe|Mago|Mosquetera,Príncipe|P.E.K.K.A|Bárbaros|Arqueras,,,,,,,,,,
partida_20,1,TROPA_DESPLEGADA,JUGADOR_2,98,EstrategiaAgresiva,EstrategiaMenorCosto,1,5,Mago de Hielo|Caballero|Bárbaros|Príncipe,Valquiria|Arqueras|Mini P.E.K.K.A|Mago,JUGADOR_1,Mini P.E.K.K.A,4,0,14,,,,,
partida_20,2,TROPA_DESPLEGADA,JUGADOR_2,98,EstrategiaAgresiva,EstrategiaMenorCosto,1,2,Mago de Hielo|Caballero|Bárbaros|Príncipe,Valquiria|Mini P.E.K.K.A|Mago|Bárbaros,JUGADOR_2,Arqueras,3,1,26,,,,,
partida_20,6,TROPA_DESPLEGADA,JUGADOR_2,98,EstrategiaAgresiva,EstrategiaMenorCosto,3,0,Mago de Hielo|Caballero|Bárbaros|Príncipe,Mini P.E.K.K.A|Mago|Bárbaros|Mosquetera,JUGADOR_2,Valquiria,4,11,31,,,,,
partida_20,7,TROPA_DESPLEGADA,JUGADOR_2,98,EstrategiaAgresiva,EstrategiaMenorCosto,0,0,Mago de Hielo|Bárbaros|Príncipe|Gigante,Mini P.E.K.K.A|Mago|Bárbaros|Mosquetera,JUGADOR_1,Caballero,3,0,14,,,,,
partida_20,15,TROPA_DESPLEGADA,JUGADOR_2,98,EstrategiaAgresiva,EstrategiaMenorCosto,0,3,Bárbaros|Príncipe|Gigante|Valquiria,Mini P.E.K.K.A|Mago|Bárbaros|Mosquetera,JUGADOR_1,Mago de Hielo,3,0,14,,,,,
partida_20,18,TROPA_DESPLEGADA,JUGADOR_2,98,EstrategiaAgresiva,EstrategiaMenorCosto,1,0,Bárbaros|Príncipe|Gigante|Valquiria,Mago|Bárbaros|Mosquetera|Ejército de Esqueletos,JUGADOR_2,Mini P.E.K.K.A,4,11,25,,,,,
partida_20,27,TROPA_DESPLEGADA,JUGADOR_2,98,EstrategiaAgresiva,EstrategiaMenorCosto,4,0,Bárbaros|Príncipe|Gigante|Valquiria,Mago|Bárbaros|Mosquetera|Príncipe,JUGADOR_2,Ejército de Esqueletos,3,6,22,,,,,
partida_20,28,TROPA_DESPLEGADA,JUGADOR_2,98,EstrategiaAgresiva,EstrategiaMenorCosto,0,0,Bárbaros|Príncipe|Gigante|Mago,Mago|Bárbaros|Mosquetera|Príncipe,JUGADOR_1,Valquiria,4,0,21,,,,,
partida_20,40,TROPA_DESPLEGADA,JUGADOR_2,98,EstrategiaAgresiva,EstrategiaMenorCosto,4,0,Bárbaros|Príncipe|Gigante|Mago,Mago|Bárbaros|Príncipe|Arqueras,JUGADOR_2,Mosquetera,4,11,21,,,,,
partida_20,42,TROPA_DESPLEGADA,JUGADOR_2,98,EstrategiaAgresiva,EstrategiaMenorCosto,0,1,Bárbaros|Gigante|Mago|Mini P.E.K.K.A,Mago|Bárbaros|Príncipe|Arqueras,JUGADOR_1,Príncipe,5,0,21,,,,,
partida_20,48,TROPA_DESPLEGADA,JUGADOR_2,98,EstrategiaAgresiva,EstrategiaMenorCosto,2,0,Bárbaros|Gigante|Mago|Mini P.E.K.K.A,Mago|Bárbaros|Príncipe|Valquiria,JUGADOR_2,Arqueras,3,17,17,,,,,
partida_20,54,TROPA_DESPLEGADA,JUGADOR_2,98,EstrategiaAgresiva,EstrategiaMenorCosto,0,2,Bárbaros|Gigante|Mago|Caballero,Mago|Bárbaros|Príncipe|Valquiria,JUGADOR_1,Mini P.E.K.K.A,4,0,21,,,,,
partida_20,60,TROPA_DESPLEGADA,JUGADOR_2,98,EstrategiaAgresiva,EstrategiaMenorCosto,2,0,Bárbaros|Gigante|Mago|Caballero,Mago|Bárbaros|Príncipe|Mini P.E.K.K.A,JUGADOR_2,Valquiria,4,12,23,,,,,
partida_20,66,TROPA_DESPLEGADA,JUGADOR_2,98,EstrategiaAgresiva,EstrategiaMenorCosto,1,2,Bárbaros|Gigante|Mago|Mago de Hielo,Mago|Bárbaros|Príncipe|Mini P.E.K.K.A,JUGADOR_1,Caballero,3,0,21,,,,,
partida_20,72,TROPA_DESPLEGADA,JUGADOR_2,98,EstrategiaAgresiva,EstrategiaMenorCosto,0,4,Bárbaros|Gigante|Mago|Valquiria,Mago|Bárbaros|Príncipe|Mini P.E.K.K.A,JUGADOR_1,Mago de Hielo,3,0,21,,,,,
partida_20,72,TROPA_DESPLEGADA,JUGADOR_2,98,EstrategiaAgresiva,EstrategiaMenorCosto,0,0,Bárbaros|Gigante|Mago|Valquiria,Mago|Bárbaros|Príncipe|Ejército de Esqueletos,JUGADOR_2,Mini P.E.K.K.A,4,5,24,,,,,
partida_20,81,TROPA_DESPLEGADA,JUGADOR_2,98,EstrategiaAgresiva,EstrategiaMenorCosto,3,0,Bárbaros|Gigante|Mago|Valquiria,Mago|Bárbaros|Príncipe|Mosquetera,JUGADOR_2,Ejército de Esqueletos,3,9,23,,,,,
partida_20,84,TROPA_DESPLEGADA,JUGADOR_2,98,EstrategiaAgresiva,EstrategiaMenorCosto,0,1,Bárbaros|Gigante|Mago|Príncipe,Mago|Bárbaros|Príncipe|Mosquetera,JUGADOR_1,Valquiria,4,0,21,,,,,
partida_20,93,TROPA_DESPLEGADA,JUGADOR_2,98,EstrategiaAgresiva,EstrategiaMenorCosto,3,0,Bárbaros|Gigante|Mago|Príncipe,Mago|Bárbaros|Príncipe|Arqueras,JUGADOR_2,Mosquetera,4,7,22,,,,,
partida_20,98,PARTIDA_TERMINADA,JUGADOR_2,98,EstrategiaAgresiva,EstrategiaMenorCosto,4,1,Bárbaros|Gigante|Mago|Príncipe,Mago|Bárbaros|Príncipe|Arqueras,,,,,,,,,,
partida_21,3,TROPA_DESPLEGADA,JUGADOR_1,180,EstrategiaDefensiva,EstrategiaDefensiva,1,6,Mago|Mini P.E.K.K.A|Arqueras|P.E.K.K.A,Valquiria|Bárbaros|Ejército de Esqueletos|Mini P.E.K.K.A,JUGADOR_1,Príncipe,5,6,2,,,,,
partida_21,6,TROPA_DESPLEGADA,JUGADOR_1,180,EstrategiaDefensiva,EstrategiaDefensiva,2,3,Mago|Mini P.E.K.K.A|Arqueras|P.E.K.K.A,Bárbaros|Ejército de Esqueletos|Mini P.E.K.K.A|Arqueras,JUGADOR_2,Valquiria,4,6,28,,,,,
partida_21,12,TROPA_DESPLEGADA,JUGADOR_1,180,EstrategiaDefensiva,EstrategiaDefensiva,4,1,Mago|Mini P.E.K.K.A|Arqueras|P.E.K.K.A,Bárbaros|Ejército de Esqueletos|Arqueras|Mago de Hielo,JUGADOR_2,Mini P.E.K.K.A,4,6,28,,,,,
partida_21,16,TROPA_DESPLEGADA,JUGADOR_1,180,EstrategiaDefensiva,EstrategiaDefensiva,1,2,Mago|Arqueras|P.E.K.K.A|Gigante,Bárbaros|Ejército de Esqueletos|Arqueras|Mago de Hielo,JUGADOR_1,Mini P.E.K.K.A,4,6,2,,,,,
partida_21,24,TROPA_DESPLEGADA,JUGADOR_1,180,EstrategiaDefensiva,EstrategiaDefensiva,4,2,Mago|Arqueras|P.E.K.K.A|Gigante,Bárbaros|Ejército de Esqueletos|Arqueras|Caballero,JUGADOR_2,Mago de Hielo,3,6,28,,,,,
partida_21,27,TROPA_DESPLEGADA,JUGADOR_1,180,EstrategiaDefensiva,EstrategiaDefensiva,0,3,Mago|Arqueras|P.E.K.K.A|Valquiria,Bárbaros|Ejército de Esqueletos|Arqueras|Caballero,JUGADOR_1,Gigante,5,6,2,,,,,
partida_21,33,TROPA_DESPLEGADA,JUGADOR_1,180,EstrategiaDefensiva,EstrategiaDefensiva,2,2,Mago|Arqueras|P.E.K.K.A|Valquiria,Bárbaros|Ejército de Esqueletos|Arqueras|Príncipe,JUGADOR_2,Caballero,3,6,28,,,,,
partida_21,42,TROPA_DESPLEGADA,JUGADOR_1,180,EstrategiaDefensiva,EstrategiaDefensiva,1,5,Mago|Arqueras|P.E.K.K.A|Mosquetera,Bárbaros|Ejército de Esqueletos|Arqueras|Príncipe,JUGADOR_1,Valquiria,4,6,2,,,,,
partida_21,42,TROPA_DESPLEGADA,JUGADOR_1,180,EstrategiaDefensiva,EstrategiaDefensiva,1,0,Mago|Arqueras|P.E.K.K.A|Mosquetera,Bárbaros|Ejército de Esqueletos|Arqueras|Valquiria,JUGADOR_2,Príncipe,5,6,28,,,,,
partida_21,54,TROPA_DESPLEGADA,JUGADOR_1,180,EstrategiaDefensiva,EstrategiaDefensiva,0,4,Arqueras|P.E.K.K.A|Mosquetera|Príncipe,Bárbaros|Ejército de Esqueletos|Arqueras|Valquiria,JUGADOR_1,Mago,5,6,2,,,,,
partida_21,60,TROPA_DESPLEGADA,JUGADOR_1,180,EstrategiaDefensiva,EstrategiaDefensiva,2,2,Arqueras|P.E.K.K.A|Mosquetera|Príncipe,Bárbaros|Ejército de Esqueletos|Arqueras|Mini P.E.K.K.A,JUGADOR_2,Valquiria,4,6,28,,,,,
partida_21,69,TROPA_DESPLEGADA,JUGADOR_1,180,EstrategiaDefensiva,EstrategiaDefensiva,0,5,Arqueras|P.E.K.K.A|Mosquetera|Mini P.E.K.K.A,Bárbaros|Ejército de Esqueletos|Arqueras|Mini P.E.K.K.A,JUGADOR_1,Príncipe,5,6,2,,,,,
partida_21,70,TROPA_DESPLEGADA,JUGADOR_1,180,EstrategiaDefensiva,EstrategiaDefensiva,0,1,Arqueras|P.E.K.K.A|Mosquetera|Mini P.E.K.K.A,Bárbaros|Ejército de Esqueletos|Arqueras|Mago de Hielo,JUGADOR_2,Mini P.E.K.K.A,4,6,28,,,,,
partida_21,81,TROPA_DESPLEGADA,JUGADOR_1,180,EstrategiaDefensiva,EstrategiaDefensiva,4,2,Arqueras|P.E.K.K.A|Mosquetera|Mini P.E.K.K.A,Bárbaros|Ejército de Esqueletos|Arqueras|Caballero,JUGADOR_2,Mago de Hielo,3,6,28,,,,,
partida_21,84,TROPA_DESPLEGADA,JUGADOR_1,180,EstrategiaDefensiva,EstrategiaDefensiva,1,3,Arqueras|P.E.K.K.A|Mosquetera|Gigante,Bárbaros|Ejército de Esqueletos|Arqueras|Caballero,JUGADOR_1,Mini P.E.K.K.A,4,6,2,,,,,
partida_21,92,TROPA_DESPLEGADA,JUGADOR_1,180,EstrategiaDefensiva,EstrategiaDefensiva,3,2,Arqueras|P.E.K.K.A|Mosquetera|Gigante,Bárbaros|Ejército de Esqueletos|Arqueras|Príncipe,JUGADOR_2,Caballero,3,6,28,,,,,
partida_21,96,TROPA_DESPLEGADA,JUGADOR_1,180,EstrategiaDefensiva,EstrategiaDefensiva,0,4,Arqueras|P.E.K.K.A|Mosquetera|Valquiria,Bárbaros|Ejército de Esqueletos|Arqueras|Príncipe,JUGADOR_1,Gigante,5,6,2,,,,,
partida_21,104,TROPA_DESPLEGADA,JUGADOR_1,180,EstrategiaDefensiva,EstrategiaDefensiva,2,1,Arqueras|P.E.K.K.A|Mosquetera|Valquiria,Bárbaros|Ejército de Esqueletos|Arqueras|Valquiria,JUGADOR_2,Príncipe,5,6,28,,,,,
partida_21,111,TROPA_DESPLEGADA,JUGADOR_1,180,EstrategiaDefensiva,EstrategiaDefensiva,1,4,Arqueras|P.E.K.K.A|Mosquetera|Mago,Bárbaros|Ejército de Esqueletos|Arqueras|Valquiria,JUGADOR_1,Valquiria,4,6,2,,,,,
partida_21,114,TROPA_DESPLEGADA,JUGADOR_1,180,EstrategiaDefensiva,EstrategiaDefensiva,2,1,Arqueras|P.E.K.K.A|Mosquetera|Mago,Bárbaros|Ejército de Esqueletos|Arqueras|Mini P.E.K.K.A,JUGADOR_2,Valquiria,4,6,28,,,,,
partida_21,125,TROPA_DESPLEGADA,JUGADOR_1,180,EstrategiaDefensiva,EstrategiaDefensiva,1,4,Arqueras|P.E.K.K.A|Mago|Príncipe,Bárbaros|Ejército de Esqueletos|Arqueras|Mini P.E.K.K.A,JUGADOR_1,Mosquetera,4,6,2,,,,,
partida_21,128,TROPA_DESPLEGADA,JUGADOR_1,180,EstrategiaDefensiva,EstrategiaDefensiva,2,1,Arqueras|P.E.K.K.A|Mago|Príncipe,Bárbaros|Ejército de Esqueletos|Arqueras|Mago de Hielo,JUGADOR_2,Mini P.E.K.K.A,4,6,28,,,,,
partida_21,138,TROPA_DESPLEGADA,JUGADOR_1,180,EstrategiaDefensiva,EstrategiaDefensiva,6,2,Arqueras|P.E.K.K.A|Mago|Príncipe,Bárbaros|Ejército de Esqueletos|Arqueras|Caballero,JUGADOR_2,Mago de Hielo,3,6,28,,,,,
partida_21,140,TROPA_DESPLEGADA,JUGADOR_1,180,EstrategiaDefensiva,EstrategiaDefensiva,1,2,Arqueras|P.E.K.K.A|Mago|Mini P.E.K.K.A,Bárbaros|Ejército de Esqueletos|Arqueras|Caballero,JUGADOR_1,Príncipe,5,6,2,,,,,
partida_21,147,TROPA_DESPLEGADA,JUGADOR_1,180,EstrategiaDefensiva,EstrategiaDefensiva,4,2,Arqueras|P.E.K.K.A|Mago|Mini P.E.K.K.A,Bárbaros|Ejército de Esqueletos|Arqueras|Príncipe,JUGADOR_2,Caballero,3,6,28,,,,,
partida_21,151,TROPA_DESPLEGADA,JUGADOR_1,180,EstrategiaDefensiva,EstrategiaDefensiva,1,3,Arqueras|P.E.K.K.A|Mago|Gigante,Bárbaros|Ejército de Esqueletos|Arqueras|Príncipe,JUGADOR_1,Mini P.E.K.K.A,4,6,2,,,,,
partida_21,158,TROPA_DESPLEGADA,JUGADOR_1,180,EstrategiaDefensiva,EstrategiaDefensiva,3,0,Arqueras|P.E.K.K.A|Mago|Gigante,Bárbaros|Ejército de Esqueletos|Arqueras|Valquiria,JUGADOR_2,Príncipe,5,6,28,,,,,
partida_21,162,TROPA_DESPLEGADA,JUGADOR_1,180,EstrategiaDefensiva,EstrategiaDefensiva,0,2,Arqueras|P.E.K.K.A|Mago|Valquiria,Bárbaros|Ejército de Esqueletos|Arqueras|Valquiria,JUGADOR_1,Gigante,5,6,2,,,,,
partida_21,171,TROPA_DESPLEGADA,JUGADOR_1,180,EstrategiaDefensiva,EstrategiaDefensiva,3,1,Arqueras|P.E.K.K.A|Mago|Valquiria,Bárbaros|Ejército de Esqueletos|Arqueras|Mini P.E.K.K.A,JUGADOR_2,Valquiria,4,6,28,,,,,
partida_21,180,PARTIDA_TERMINADA,JUGADOR_1,180,EstrategiaDefensiva,EstrategiaDefensiva,6,4,Arqueras|P.E.K.K.A|Mago|Valquiria,Bárbaros|Ejército de Esqueletos|Arqueras|Mini P.E.K.K.A,,,,,,,,,,
partida_22,1,TROPA_DESPLEGADA,JUGADOR_1,180,EstrategiaAleatoria,EstrategiaMenorCosto,1,5,P.E.K.K.A|Mago|Príncipe|Gigante,Bárbaros|Mago de Hielo|Gigante|Caballero,JUGADOR_1,Valquiria,4,2,2,,,,,
partida_22,2,TROPA_DESPLEGADA,JUGADOR_1,180,EstrategiaAleatoria,EstrategiaMenorCosto,1,2,P.E.K.K.A|Mago|Príncipe|Gigante,Bárbaros|Gigante|Caballero|Príncipe,JUGADOR_2,Mago de Hielo,3,3,30,,,,,
partida_22,3,TROPA_DESPLEGADA,JUGADOR_1,180,EstrategiaAleatoria,EstrategiaMenorCosto,2,0,P.E.K.K.A|Mago|Príncipe|Gigante,Bárbaros|Gigante|Príncipe|Mago,JUGADOR_2,Caballero,3,8,24,,,,,
partida_22,12,TROPA_DESPLEGADA,JUGADOR_1,180,EstrategiaAleatoria,EstrategiaMenorCosto,0,3,P.E.K.K.A|Mago|Gigante|Arqueras,Bárbaros|Gigante|Príncipe|Mago,JUGADOR_1,Príncipe,5,11,6,,,,,
partida_22,18,TROPA_DESPLEGADA,JUGADOR_1,180,EstrategiaAleatoria,EstrategiaMenorCosto,2,0,P.E.K.K.A|Mago|Gigante|Arqueras,Gigante|Príncipe|Mago|Ejército de Esqueletos,JUGADOR_2,Bárbaros,5,0,23,,,,,
partida_22,21,TROPA_DESPLEGADA,JUGADOR_1,180,EstrategiaAleatoria,EstrategiaMenorCosto,0,1,P.E.K.K.A|Mago|Gigante|Caballero,Gigante|Príncipe|Mago|Ejército de Esqueletos,JUGADOR_1,Arqueras,3,13,3,,,,,
partida_22,27,TROPA_DESPLEGADA,JUGADOR_1,180,EstrategiaAleatoria,EstrategiaMenorCosto,2,0,P.E.K.K.A|Mago|Gigante|Caballero,Gigante|Príncipe|Mago|P.E.K.K.A,JUGADOR_2,Ejército de Esqueletos,3,3,23,,,,,
partida_22,30,TROPA_DESPLEGADA,JUGADOR_1,180,EstrategiaAleatoria,EstrategiaMenorCosto,0,1,P.E.K.K.A|Mago|Gigante|Mago de Hielo,Gigante|Príncipe|Mago|P.E.K.K.A,JUGADOR_1,Caballero,3,2,8,,,,,
partida_22,39,TROPA_DESPLEGADA,JUGADOR_1,180,EstrategiaAleatoria,EstrategiaMenorCosto,0,4,P.E.K.K.A|Mago|Gigante|Valquiria,Gigante|Príncipe|Mago|P.E.K.K.A,JUGADOR_1,Mago de Hielo,3,2,9,,,,,
partida_22,42,TROPA_DESPLEGADA,JUGADOR_1,180,EstrategiaAleatoria,EstrategiaMenorCosto,1,0,P.E.K.K.A|Mago|Gigante|Valquiria,Príncipe|Mago|P.E.K.K.A|Mago de Hielo,JUGADOR_2,Gigante,5,7,20,,,,,
partida_22,51,TROPA_DESPLEGADA,JUGADOR_1,180,EstrategiaAleatoria,EstrategiaMenorCosto,4,0,P.E.K.K.A|Mago|Gigante|Valquiria,Príncipe|Mago|P.E.K.K.A|Caballero,JUGADOR_2,Mago de Hielo,3,11,20,,,,,
partida_22,54,TROPA_DESPLEGADA,JUGADOR_1,180,EstrategiaAleatoria,EstrategiaMenorCosto,0,1,P.E.K.K.A|Gigante|Valquiria|Príncipe,Príncipe|Mago|P.E.K.K.A|Caballero,JUGADOR_1,Mago,5,0,8,,,,,
partida_22,60,TROPA_DESPLEGADA,JUGADOR_1,180,EstrategiaAleatoria,EstrategiaMenorCosto,2,0,P.E.K.K.A|Gigante|Valquiria|Príncipe,Príncipe|Mago|P.E.K.K.A|Bárbaros,JUGADOR_2,Caballero,3,10,25,,,,,
partida_22,68,TROPA_DESPLEGADA,JUGADOR_1,180,EstrategiaAleatoria,EstrategiaMenorCosto,0,2,P.E.K.K.A|Gigante|Príncipe|Arqueras,Príncipe|Mago|P.E.K.K.A|Bárbaros,JUGADOR_1,Valquiria,4,13,11,,,,,
partida_22,75,TROPA_DESPLEGADA,JUGADOR_1,180,EstrategiaAleatoria,EstrategiaMenorCosto,3,0,P.E.K.K.A|Gigante|Príncipe|Arqueras,Mago|P.E.K.K.A|Bárbaros|Ejército de Esqueletos,JUGADOR_2,Príncipe,5,2,30,,,,,
partida_22,76,TROPA_DESPLEGADA,JUGADOR_1,180,EstrategiaAleatoria,EstrategiaMenorCosto,0,0,P.E.K.K.A|Gigante|Príncipe|Caballero,Mago|P.E.K.K.A|Bárbaros|Ejército de Esqueletos,JUGADOR_1,Arqueras,3,5,10,,,,,
partida_22,84,TROPA_DESPLEGADA,JUGADOR_1,180,EstrategiaAleatoria,EstrategiaMenorCosto,0,3,P.E.K.K.A|Gigante|Príncipe|Mago de Hielo,Mago|P.E.K.K.A|Bárbaros|Ejército de Esqueletos,JUGADOR_1,Caballero,3,17,9,,,,,
partida_22,84,TROPA_DESPLEGADA,JUGADOR_1,180,EstrategiaAleatoria,EstrategiaMenorCosto,0,0,P.E.K.K.A|Gigante|Príncipe|Mago de Hielo,Mago|P.E.K.K.A|Bárbaros|Gigante,JUGADOR_2,Ejército de Esqueletos,3,11,31,,,,,
partida_22,94,TROPA_DESPLEGADA,JUGADOR_1,180,EstrategiaAleatoria,EstrategiaMenorCosto,0,3,P.E.K.K.A|Gigante|Príncipe|Mago,Mago|P.E.K.K.A|Bárbaros|Gigante,JUGADOR_1,Mago de Hielo,3,3,10,,,,,
partida_22,99,TROPA_DESPLEGADA,JUGADOR_1,180,EstrategiaAleatoria,EstrategiaMenorCosto,2,0,P.E.K.K.A|Gigante|Príncipe|Mago,P.E.K.K.A|Bárbaros|Gigante|Mago de Hielo,JUGADOR_2,Mago,5,9,26,,,,,
partida_22,108,TROPA_DESPLEGADA,JUGADOR_1,180,EstrategiaAleatoria,EstrategiaMenorCosto,0,3,P.E.K.K.A|Gigante|Príncipe|Valquiria,P.E.K.K.A|Bárbaros|Gigante|Mago de Hielo,JUGADOR_1,Mago,5,6,11,,,,,
partida_22,108,TROPA_DESPLEGADA,JUGADOR_1,180,EstrategiaAleatoria,EstrategiaMenorCosto,0,0,P.E.K.K.A|Gigante|Príncipe|Valquiria,P.E.K.K.A|Bárbaros|Gigante|Caballero,JUGADOR_2,Mago de Hielo,3,10,31,,,,,
partida_22,117,TROPA_DESPLEGADA,JUGADOR_1,180,EstrategiaAleatoria,EstrategiaMenorCosto,3,0,P.E.K.K.A|Gigante|Príncipe|Valquiria,P.E.K.K.A|Bárbaros|Gigante|Príncipe,JUGADOR_2,Caballero,3,1,25,,,,,
partida_22,121,TROPA_DESPLEGADA,JUGADOR_1,180,EstrategiaAleatoria,EstrategiaMenorCosto,0,1,P.E.K.K.A|Gigante|Príncipe|Arqueras,P.E.K.K.A|Bárbaros|Gigante|Príncipe,JUGADOR_1,Valquiria,4,2,17,,,,,
partida_22,132,TROPA_DESPLEGADA,JUGADOR_1,180,EstrategiaAleatoria,EstrategiaMenorCosto,4,0,P.E.K.K.A|Gigante|Príncipe|Arqueras,P.E.K.K.A|Gigante|Príncipe|Ejército de Esqueletos,JUGADOR_2,Bárbaros,5,13,20,,,,,
partida_22,136,TROPA_DESPLEGADA,JUGADOR_1,180,EstrategiaAleatoria,EstrategiaMenorCosto,2,1,P.E.K.K.A|Gigante|Príncipe|Caballero,P.E.K.K.A|Gigante|Príncipe|Ejército de Esqueletos,JUGADOR_1,Arqueras,3,8,11,,,,,
partida_22,138,TROPA_DESPLEGADA,JUGADOR_1,180,EstrategiaAleatoria,EstrategiaMenorCosto,0,2,P.E.K.K.A|Gigante|Príncipe|Mago de Hielo,P.E.K.K.A|Gigante|Príncipe|Ejército de Esqueletos,JUGADOR_1,Caballero,3,1,18,,,,,
partida_22,141,TROPA_DESPLEGADA,JUGADOR_1,180,EstrategiaAleatoria,EstrategiaMenorCosto,1,0,P.E.K.K.A|Gigante|Príncipe|Mago de Hielo,P.E.K.K.A|Gigante|Príncipe|Mago,JUGADOR_2,Ejército de Esqueletos,3,2,22,,,,,
partida_22,148,TROPA_DESPLEGADA,JUGADOR_1,180,EstrategiaAleatoria,EstrategiaMenorCosto,0,2,P.E.K.K.A|Gigante|Príncipe|Mago,P.E.K.K.A|Gigante|Príncipe|Mago,JUGADOR_1,Mago de Hielo,3,14,0,,,,,
partida_22,156,TROPA_DESPLEGADA,JUGADOR_1,180,EstrategiaAleatoria,EstrategiaMenorCosto,3,0,P.E.K.K.A|Gigante|Príncipe|Mago,P.E.K.K.A|Príncipe|Mago|Mago de Hielo,JUGADOR_2,Gigante,5,12,21,,,,,
partida_22,165,TROPA_DESPLEGADA,JUGADOR_1,180,EstrategiaAleatoria,EstrategiaMenorCosto,6,0,P.E.K.K.A|Gigante|Príncipe|Mago,P.E.K.K.A|Príncipe|Mago|Caballero,JUGADOR_2,Mago de Hielo,3,5,27,,,,,
partida_22,166,TROPA_DESPLEGADA,JUGADOR_1,180,EstrategiaAleatoria,EstrategiaMenorCosto,1,0,P.E.K.K.A|Príncipe|Mago|Valquiria,P.E.K.K.A|Príncipe|Mago|Caballero,JUGADOR_1,Gigante,5,17,13,,,,,
partida_22,174,TROPA_DESPLEGADA,JUGADOR_1,180,EstrategiaAleatoria,EstrategiaMenorCosto,0,3,P.E.K.K.A|Príncipe|Mago|Arqueras,P.E.K.K.A|Príncipe|Mago|Caballero,JUGADOR_1,Valquiria,4,15,0,,,,,
partida_22,174,TROPA_DESPLEGADA,JUGADOR_1,180,EstrategiaAleatoria,EstrategiaMenorCosto,0,0,P.E.K.K.A|Príncipe|Mago|Arqueras,P.E.K.K.A|Príncipe|Mago|Bárbaros,JUGADOR_2,Caballero,3,4,29,,,,,
partida_22,180,PARTIDA_TERMINADA,JUGADOR_1,180,EstrategiaAleatoria,EstrategiaMenorCosto,2,2,P.E.K.K.A|Príncipe|Mago|Arqueras,P.E.K.K.A|Príncipe|Mago|Bárbaros,,,,,,,,,,
partida_23,1,TROPA_DESPLEGADA,JUGADOR_1,90,EstrategiaAgresiva,EstrategiaMenorCosto,0,5,Mago de Hielo|Bárbaros|Caballero|Valquiria,Mago|Mini P.E.K.K.A|Mago de Hielo|Ejército de Esqueletos,JUGADOR_1,Gigante,5,0,14,,,,,
partida_23,1,TROPA_DESPLEGADA,JUGADOR_1,90,EstrategiaAgresiva,EstrategiaMenorCosto,0,2,Mago de Hielo|Bárbaros|Caballero|Valquiria,Mago|Mini P.E.K.K.A|Ejército de Esqueletos|Mosquetera,JUGADOR_2,Mago de Hielo,3,14,20,,,,,
partida_23,3,TROPA_DESPLEGADA,JUGADOR_1,90,EstrategiaAgresiva,EstrategiaMenorCosto,1,0,Mago de Hielo|Bárbaros|Caballero|Valquiria,Mago|Mini P.E.K.K.A|Mosquetera|Bárbaros,JUGADOR_2,Ejército de Esqueletos,3,4,20,,,,,
partida_23,9,TROPA_DESPLEGADA,JUGADOR_1,90,EstrategiaAgresiva,EstrategiaMenorCosto,0,2,Mago de Hielo|Bárbaros|Valquiria|Mago,Mago|Mini P.E.K.K.A|Mosquetera|Bárbaros,JUGADOR_1,Caballero,3,0,14,,,,,
partida_23,15,TROPA_DESPLEGADA,JUGADOR_1,90,EstrategiaAgresiva,EstrategiaMenorCosto,2,0,Mago de Hielo|Bárbaros|Valquiria|Mago,Mago|Mosquetera|Bárbaros|Valquiria,JUGADOR_2,Mini P.E.K.K.A,4,0,20,,,,,
partida_23,19,TROPA_DESPLEGADA,JUGADOR_1,90,EstrategiaAgresiva,EstrategiaMenorCosto,0,1,Bárbaros|Valquiria|Mago|Mini P.E.K.K.A,Mago|Mosquetera|Bárbaros|Valquiria,JUGADOR_1,Mago de Hielo,3,0,14,,,,,
partida_23,29,TROPA_DESPLEGADA,JUGADOR_1,90,EstrategiaAgresiva,EstrategiaMenorCosto,3,0,Bárbaros|Valquiria|Mago|Mini P.E.K.K.A,Mago|Bárbaros|Valquiria|Arqueras,JUGADOR_2,Mosquetera,4,17,31,,,,,
partida_23,30,TROPA_DESPLEGADA,JUGADOR_1,90,EstrategiaAgresiva,EstrategiaMenorCosto,0,1,Bárbaros|Valquiria|Mago|Ejército de Esqueletos,Mago|Bárbaros|Valquiria|Arqueras,JUGADOR_1,Mini P.E.K.K.A,4,0,14,,,,,
partida_23,37,TROPA_DESPLEGADA,JUGADOR_1,90,EstrategiaAgresiva,EstrategiaMenorCosto,2,0,Bárbaros|Valquiria|Mago|Ejército de Esqueletos,Mago|Bárbaros|Valquiria|Mago de Hielo,JUGADOR_2,Arqueras,3,1,26,,,,,
partida_23,40,TROPA_DESPLEGADA,JUGADOR_1,90,EstrategiaAgresiva,EstrategiaMenorCosto,0,1,Bárbaros|Valquiria|Mago|Gigante,Mago|Bárbaros|Valquiria|Mago de Hielo,JUGADOR_1,Ejército de Esqueletos,3,0,14,,,,,
partida_23,45,TROPA_DESPLEGADA,JUGADOR_1,90,EstrategiaAgresiva,EstrategiaMenorCosto,2,0,Bárbaros|Valquiria|Mago|Gigante,Mago|Bárbaros|Valquiria|Ejército de Esqueletos,JUGADOR_2,Mago de Hielo,3,8,31,,,,,
partida_23,51,TROPA_DESPLEGADA,JUGADOR_1,90,EstrategiaAgresiva,EstrategiaMenorCosto,0,2,Bárbaros|Mago|Gigante|Caballero,Mago|Bárbaros|Valquiria|Ejército de Esqueletos,JUGADOR_1,Valquiria,4,0,21,,,,,
partida_23,54,TROPA_DESPLEGADA,JUGADOR_1,90,EstrategiaAgresiva,EstrategiaMenorCosto,1,0,Bárbaros|Mago|Gigante|Caballero,Mago|Bárbaros|Valquiria|Mini P.E.K.K.A,JUGADOR_2,Ejército de Esqueletos,3,0,22,,,,,
partida_23,60,TROPA_DESPLEGADA,JUGADOR_1,90,EstrategiaAgresiva,EstrategiaMenorCosto,0,2,Bárbaros|Mago|Gigante|Mago de Hielo,Mago|Bárbaros|Valquiria|Mini P.E.K.K.A,JUGADOR_1,Caballero,3,0,21,,,,,
partida_23,66,TROPA_DESPLEGADA,JUGADOR_1,90,EstrategiaAgresiva,EstrategiaMenorCosto,2,0,Bárbaros|Mago|Gigante|Mago de Hielo,Mago|Bárbaros|Mini P.E.K.K.A|Mosquetera,JUGADOR_2,Valquiria,4,8,24,,,,,
partida_23,69,TROPA_DESPLEGADA,JUGADOR_1,90,EstrategiaAgresiva,EstrategiaMenorCosto,0,1,Bárbaros|Mago|Gigante|Mini P.E.K.K.A,Mago|Bárbaros|Mini P.E.K.K.A|Mosquetera,JUGADOR_1,Mago de Hielo,3,0,21,,,,,
partida_23,78,TROPA_DESPLEGADA,JUGADOR_1,90,EstrategiaAgresiva,EstrategiaMenorCosto,3,0,Bárbaros|Mago|Gigante|Mini P.E.K.K.A,Mago|Bárbaros|Mosquetera|Arqueras,JUGADOR_2,Mini P.E.K.K.A,4,16,22,,,,,
partida_23,83,TROPA_DESPLEGADA,JUGADOR_1,90,EstrategiaAgresiva,EstrategiaMenorCosto,0,1,Bárbaros|Mago|Gigante|Ejército de Esqueletos,Mago|Bárbaros|Mosquetera|Arqueras,JUGADOR_1,Mini P.E.K.K.A,4,0,21,,,,,
partida_23,87,TROPA_DESPLEGADA,JUGADOR_1,90,EstrategiaAgresiva,EstrategiaMenorCosto,2,0,Bárbaros|Mago|Gigante|Ejército de Esqueletos,Mago|Bárbaros|Mosquetera|Mago de Hielo,JUGADOR_2,Arqueras,3,2,28,,,,,
partida_23,90,TROPA_DESPLEGADA,JUGADOR_1,90,EstrategiaAgresiva,EstrategiaMenorCosto,0,1,Bárbaros|Mago|Gigante|Valquiria,Mago|Bárbaros|Mosquetera|Mago de Hielo,JUGADOR_1,Ejército de Esqueletos,3,0,21,,,,,
partida_23,90,PARTIDA_TERMINADA,JUGADOR_1,90,EstrategiaAgresiva,EstrategiaMenorCosto,0,1,Bárbaros|Mago|Gigante|Valquiria,Mago|Bárbaros|Mosquetera|Mago de Hielo,,,,,,,,,,
partida_24,1,TROPA_DESPLEGADA,JUGADOR_1,180,EstrategiaDefensiva,EstrategiaAleatoria,1,5,Bárbaros|Mago|Mago de Hielo|Caballero,P.E.K.K.A|Bárbaros|Mago de Hielo|Ejército de Esqueletos,JUGADOR_1,Valquiria,4,6,2,,,,,
partida_24,1,TROPA_DESPLEGADA,JUGADOR_1,180,EstrategiaDefensiva,EstrategiaAleatoria,1,2,Bárbaros|Mago|Mago de Hielo|Caballero,P.E.K.K.A|Bárbaros|Mago de Hielo|Caballero,JUGADOR_2,Ejército de Esqueletos,3,6,20,,,,,
partida_24,3,TROPA_DESPLEGADA,JUGADOR_1,180,EstrategiaDefensiva,EstrategiaAleatoria,2,0,Bárbaros|Mago|Mago de Hielo|Caballero,P.E.K.K.A|Bárbaros|Mago de Hielo|Valquiria,JUGADOR_2,Caballero,3,12,19,,,,,
partida_24,12,TROPA_DESPLEGADA,JUGADOR_1,180,EstrategiaDefensiva,EstrategiaAleatoria,2,3,Bárbaros|Mago|Mago de Hielo|Mini P.E.K.K.A,P.E.K.K.A|Bárbaros|Mago de Hielo|Valquiria,JUGADOR_1,Caballero,3,6,2,,,,,
partida_24,13,TROPA_DESPLEGADA,JUGADOR_1,180,EstrategiaDefensiva,EstrategiaAleatoria,2,0,Bárbaros|Mago|Mago de Hielo|Mini P.E.K.K.A,P.E.K.K.A|Bárbaros|Valquiria|Arqueras,JUGADOR_2,Mago de Hielo,3,7,31,,,,,
partida_24,22,TROPA_DESPLEGADA,JUGADOR_1,180,EstrategiaDefensiva,EstrategiaAleatoria,1,3,Bárbaros|Mago|Mago de Hielo|Ejército de Esqueletos,P.E.K.K.A|Bárbaros|Valquiria|Arqueras,JUGADOR_1,Mini P.E.K.K.A,4,6,2,,,,,
partida_24,23,TROPA_DESPLEGADA,JUGADOR_1,180,EstrategiaDefensiva,EstrategiaAleatoria,1,0,Bárbaros|Mago|Mago de Hielo|Ejército de Esqueletos,P.E.K.K.A|Bárbaros|Valquiria|Mini P.E.K.K.A,JUGADOR_2,Arqueras,3,7,22,,,,,
partida_24,34,TROPA_DESPLEGADA,JUGADOR_1,180,EstrategiaDefensiva,EstrategiaAleatoria,5,0,Bárbaros|Mago|Mago de Hielo|Ejército de Esqueletos,P.E.K.K.A|Bárbaros|Mini P.E.K.K.A|Ejército de Esqueletos,JUGADOR_2,Valquiria,4,16,27,,,,,
partida_24,35,TROPA_DESPLEGADA,JUGADOR_1,180,EstrategiaDefensiva,EstrategiaAleatoria,2,0,Bárbaros|Mago|Ejército de Esqueletos|Mosquetera,P.E.K.K.A|Bárbaros|Mini P.E.K.K.A|Ejército de Esqueletos,JUGADOR_1,Mago de Hielo,3,6,2,,,,,
partida_24,42,TROPA_DESPLEGADA,JUGADOR_1,180,EstrategiaDefensiva,EstrategiaAleatoria,0,3,Bárbaros|Ejército de Esqueletos|Mosquetera|Valquiria,P.E.K.K.A|Bárbaros|Mini P.E.K.K.A|Ejército de Esqueletos,JUGADOR_1,Mago,5,6,2,,,,,
partida_24,45,TROPA_DESPLEGADA,JUGADOR_1,180,EstrategiaDefensiva,EstrategiaAleatoria,1,1,Bárbaros|Ejército de Esqueletos|Mosquetera|Valquiria,P.E.K.K.A|Bárbaros|Mini P.E.K.K.A|Caballero,JUGADOR_2,Ejército de Esqueletos,3,5,17,,,,,
partida_24,55,TROPA_DESPLEGADA,JUGADOR_1,180,EstrategiaDefensiva,EstrategiaAleatoria,4,0,Bárbaros|Ejército de Esqueletos|Mosquetera|Valquiria,P.E.K.K.A|Bárbaros|Caballero|Mago de Hielo,JUGADOR_2,Mini P.E.K.K.A,4,4,18,,,,,
partida_24,57,TROPA_DESPLEGADA,JUGADOR_1,180,EstrategiaDefensiva,EstrategiaAleatoria,1,1,Bárbaros|Ejército de Esqueletos|Mosquetera|Caballero,P.E.K.K.A|Bárbaros|Caballero|Mago de Hielo,JUGADOR_1,Valquiria,4,6,2,,,,,
partida_24,69,TROPA_DESPLEGADA,JUGADOR_1,180,EstrategiaDefensiva,EstrategiaAleatoria,5,2,Bárbaros|Ejército de Esqueletos|Mosquetera|Caballero,P.E.K.K.A|Bárbaros|Caballero|Arqueras,JUGADOR_2,Mago de Hielo,3,5,22,,,,,
partida_24,70,TROPA_DESPLEGADA,JUGADOR_1,180,EstrategiaDefensiva,EstrategiaAleatoria,2,2,Bárbaros|Ejército de Esqueletos|Mosquetera|Mini P.E.K.K.A,P.E.K.K.A|Bárbaros|Caballero|Arqueras,JUGADOR_1,Caballero,3,6,2,,,,,
partida_24,72,TROPA_DESPLEGADA,JUGADOR_1,180,EstrategiaDefensiva,EstrategiaAleatoria,3,0,Bárbaros|Ejército de Esqueletos|Mosquetera|Mini P.E.K.K.A,P.E.K.K.A|Bárbaros|Arqueras|Valquiria,JUGADOR_2,Caballero,3,5,24,,,,,
partida_24,78,TROPA_DESPLEGADA,JUGADOR_1,180,EstrategiaDefensiva,EstrategiaAleatoria,1,2,Bárbaros|Ejército de Esqueletos|Mosquetera|Mago de Hielo,P.E.K.K.A|Bárbaros|Arqueras|Valquiria,JUGADOR_1,Mini P.E.K.K.A,4,6,2,,,,,
partida_24,81,TROPA_DESPLEGADA,JUGADOR_1,180,EstrategiaDefensiva,EstrategiaAleatoria,2,0,Bárbaros|Ejército de Esqueletos|Mosquetera|Mago de Hielo,P.E.K.K.A|Bárbaros|Valquiria|Ejército de Esqueletos,JUGADOR_2,Arqueras,3,10,20,,,,,
partida_24,90,TROPA_DESPLEGADA,JUGADOR_1,180,EstrategiaDefensiva,EstrategiaAleatoria,5,0,Bárbaros|Ejército de Esqueletos|Mosquetera|Mago de Hielo,P.E.K.K.A|Bárbaros|Valquiria|Mini P.E.K.K.A,JUGADOR_2,Ejército de Esqueletos,3,3,29,,,,,
partida_24,94,TROPA_DESPLEGADA,JUGADOR_1,180,EstrategiaDefensiva,EstrategiaAleatoria,3,1,Bárbaros|Ejército de Esqueletos|Mosquetera|Mago,P.E.K.K.A|Bárbaros|Valquiria|Mini P.E.K.K.A,JUGADOR_1,Mago de Hielo,3,6,2,,,,,
partida_24,99,TROPA_DESPLEGADA,JUGADOR_1,180,EstrategiaDefensiva,EstrategiaAleatoria,1,3,Bárbaros|Ejército de Esqueletos|Mago|Valquiria,P.E.K.K.A|Bárbaros|Valquiria|Mini P.E.K.K.A,JUGADOR_1,Mosquetera,4,6,2,,,,,
partida_24,105,TROPA_DESPLEGADA,JUGADOR_1,180,EstrategiaDefensiva,EstrategiaAleatoria,3,0,Bárbaros|Ejército de Esqueletos|Mago|Valquiria,P.E.K.K.A|Valquiria|Mini P.E.K.K.A|Mago de Hielo,JUGADOR_2,Bárbaros,5,16,23,,,,,
partida_24,112,TROPA_DESPLEGADA,JUGADOR_1,180,EstrategiaDefensiva,EstrategiaAleatoria,1,2,Bárbaros|Ejército de Esqueletos|Mago|Caballero,P.E.K.K.A|Valquiria|Mini P.E.K.K.A|Mago de Hielo,JUGADOR_1,Valquiria,4,6,2,,,,,
partida_24,114,TROPA_DESPLEGADA,JUGADOR_1,180,EstrategiaDefensiva,EstrategiaAleatoria,2,0,Bárbaros|Ejército de Esqueletos|Mago|Caballero,P.E.K.K.A|Valquiria|Mini P.E.K.K.A|Caballero,JUGADOR_2,Mago de Hielo,3,12,20,,,,,
partida_24,123,TROPA_DESPLEGADA,JUGADOR_1,180,EstrategiaDefensiva,EstrategiaAleatoria,2,3,Bárbaros|Ejército de Esqueletos|Mago|Mini P.E.K.K.A,P.E.K.K.A|Valquiria|Mini P.E.K.K.A|Caballero,JUGADOR_1,Caballero,3,6,2,,,,,
partida_24,123,TROPA_DESPLEGADA,JUGADOR_1,180,EstrategiaDefensiva,EstrategiaAleatoria,2,0,Bárbaros|Ejército de Esqueletos|Mago|Mini P.E.K.K.A,P.E.K.K.A|Valquiria|Mini P.E.K.K.A|Arqueras,JUGADOR_2,Caballero,3,4,30,,,,,
partida_24,132,TROPA_DESPLEGADA,JUGADOR_1,180,EstrategiaDefensiva,EstrategiaAleatoria,1,3,Bárbaros|Ejército de Esqueletos|Mago|Mago de Hielo,P.E.K.K.A|Valquiria|Mini P.E.K.K.A|Arqueras,JUGADOR_1,Mini P.E.K.K.A,4,6,2,,,,,
partida_24,134,TROPA_DESPLEGADA,JUGADOR_1,180,EstrategiaDefensiva,EstrategiaAleatoria,1,0,Bárbaros|Ejército de Esqueletos|Mago|Mago de Hielo,P.E.K.K.A|Valquiria|Mini P.E.K.K.A|Ejército de Esqueletos,JUGADOR_2,Arqueras,3,1,20,,,,,
partida_24,145,TROPA_DESPLEGADA,JUGADOR_1,180,EstrategiaDefensiva,EstrategiaAleatoria,5,0,Bárbaros|Ejército de Esqueletos|Mago|Mago de Hielo,P.E.K.K.A|Mini P.E.K.K.A|Ejército de Esqueletos|Bárbaros,JUGADOR_2,Valquiria,4,6,25,,,,,
partida_24,148,TROPA_DESPLEGADA,JUGADOR_1,180,EstrategiaDefensiva,EstrategiaAleatoria,3,1,Bárbaros|Ejército de Esqueletos|Mago|Mosquetera,P.E.K.K.A|Mini P.E.K.K.A|Ejército de Esqueletos|Bárbaros,JUGADOR_1,Mago de Hielo,3,6,2,,,,,
partida_24,153,TROPA_DESPLEGADA,JUGADOR_1,180,EstrategiaDefensiva,EstrategiaAleatoria,0,3,Bárbaros|Ejército de Esqueletos|Mosquetera|Valquiria,P.E.K.K.A|Mini P.E.K.K.A|Ejército de Esqueletos|Bárbaros,JUGADOR_1,Mago,5,6,2,,,,,
partida_24,155,TROPA_DESPLEGADA,JUGADOR_1,180,EstrategiaDefensiva,EstrategiaAleatoria,0,0,Bárbaros|Ejército de Esqueletos|Mosquetera|Valquiria,P.E.K.K.A|Mini P.E.K.K.A|Bárbaros|Mago de Hielo,JUGADOR_2,Ejército de Esqueletos,3,17,27,,,,,
partida_24,162,TROPA_DESPLEGADA,JUGADOR_1,180,EstrategiaDefensiva,EstrategiaAleatoria,3,0,Bárbaros|Ejército de Esqueletos|Mosquetera|Valquiria,P.E.K.K.A|Mini P.E.K.K.A|Bárbaros|Caballero,JUGADOR_2,Mago de Hielo,3,5,26,,,,,
partida_24,170,TROPA_DESPLEGADA,JUGADOR_1,180,EstrategiaDefensiva,EstrategiaAleatoria,1,2,Bárbaros|Ejército de Esqueletos|Mosquetera|Caballero,P.E.K.K.A|Mini P.E.K.K.A|Bárbaros|Caballero,JUGADOR_1,Valquiria,4,6,2,,,,,
partida_24,172,TROPA_DESPLEGADA,JUGADOR_1,180,EstrategiaDefensiva,EstrategiaAleatoria,2,0,Bárbaros|Ejército de Esqueletos|Mosquetera|Caballero,P.E.K.K.A|Mini P.E.K.K.A|Bárbaros|Arqueras,JUGADOR_2,Caballero,3,3,14,,,,,
partida_24,180,TROPA_DESPLEGADA,JUGADOR_1,180,EstrategiaDefensiva,EstrategiaAleatoria,5,0,Bárbaros|Ejército de Esqueletos|Mosquetera|Caballero,P.E.K.K.A|Mini P.E.K.K.A|Bárbaros|Valquiria,JUGADOR_2,Arqueras,3,16,30,,,,,
partida_24,180,PARTIDA_TERMINADA,JUGADOR_1,180,EstrategiaDefensiva,EstrategiaAleatoria,5,0,Bárbaros|Ejército de Esqueletos|Mosquetera|Caballero,P.E.K.K.A|Mini P.E.K.K.A|Bárbaros|Valquiria,,,,,,,,,,
partida_25,1,TROPA_DESPLEGADA,JUGADOR_2,146,EstrategiaMenorCosto,EstrategiaAleatoria,0,5,Mago|P.E.K.K.A|Príncipe|Caballero,P.E.K.K.A|Ejército de Esqueletos|Mago|Caballero,JUGADOR_1,Gigante,5,12,12,,,,,
partida_25,2,TROPA_DESPLEGADA,JUGADOR_2,146,EstrategiaMenorCosto,EstrategiaAleatoria,0,2,Mago|P.E.K.K.A|Príncipe|Caballero,P.E.K.K.A|Mago|Caballero|Valquiria,JUGADOR_2,Ejército de Esqueletos,3,5,24,,,,,
partida_25,4,TROPA_DESPLEGADA,JUGADOR_2,146,EstrategiaMenorCosto,EstrategiaAleatoria,1,0,Mago|P.E.K.K.A|Príncipe|Caballero,P.E.K.K.A|Mago|Valquiria|Mini P.E.K.K.A,JUGADOR_2,Caballero,3,10,22,,,,,
partida_25,10,TROPA_DESPLEGADA,JUGADOR_2,146,EstrategiaMenorCosto,EstrategiaAleatoria,0,2,Mago|P.E.K.K.A|Príncipe|Ejército de Esqueletos,P.E.K.K.A|Mago|Valquiria|Mini P.E.K.K.A,JUGADOR_1,Caballero,3,7,0,,,,,
partida_25,15,TROPA_DESPLEGADA,JUGADOR_2,146,EstrategiaMenorCosto,EstrategiaAleatoria,2,0,Mago|P.E.K.K.A|Príncipe|Ejército de Esqueletos,P.E.K.K.A|Mago|Valquiria|Gigante,JUGADOR_2,Mini P.E.K.K.A,4,2,28,,,,,
partida_25,19,TROPA_DESPLEGADA,JUGADOR_2,146,EstrategiaMenorCosto,EstrategiaAleatoria,0,1,Mago|P.E.K.K.A|Príncipe|Mago de Hielo,P.E.K.K.A|Mago|Valquiria|Gigante,JUGADOR_1,Ejército de Esqueletos,3,14,10,,,,,
partida_25,27,TROPA_DESPLEGADA,JUGADOR_2,146,EstrategiaMenorCosto,EstrategiaAleatoria,0,4,Mago|P.E.K.K.A|Príncipe|Valquiria,P.E.K.K.A|Mago|Valquiria|Gigante,JUGADOR_1,Mago de Hielo,3,7,8,,,,,
partida_25,27,TROPA_DESPLEGADA,JUGADOR_2,146,EstrategiaMenorCosto,EstrategiaAleatoria,0,0,Mago|P.E.K.K.A|Príncipe|Valquiria,P.E.K.K.A|Mago|Gigante|Príncipe,JUGADOR_2,Valquiria,4,2,28,,,,,
partida_25,39,TROPA_DESPLEGADA,JUGADOR_2,146,EstrategiaMenorCosto,EstrategiaAleatoria,0,4,Mago|P.E.K.K.A|Príncipe|Gigante,P.E.K.K.A|Mago|Gigante|Príncipe,JUGADOR_1,Valquiria,4,7,8,,,,,
partida_25,43,TROPA_DESPLEGADA,JUGADOR_2,146,EstrategiaMenorCosto,EstrategiaAleatoria,1,0,Mago|P.E.K.K.A|Príncipe|Gigante,P.E.K.K.A|Mago|Príncipe|Ejército de Esqueletos,JUGADOR_2,Gigante,5,17,20,,,,,
partida_25,51,TROPA_DESPLEGADA,JUGADOR_2,146,EstrategiaMenorCosto,EstrategiaAleatoria,4,0,Mago|P.E.K.K.A|Príncipe|Gigante,P.E.K.K.A|Mago|Príncipe|Caballero,JUGADOR_2,Ejército de Esqueletos,3,8,17,,,,,
partida_25,54,TROPA_DESPLEGADA,JUGADOR_2,146,EstrategiaMenorCosto,EstrategiaAleatoria,0,1,P.E.K.K.A|Príncipe|Gigante|Caballero,P.E.K.K.A|Mago|Príncipe|Caballero,JUGADOR_1,Mago,5,15,14,,,,,
partida_25,62,TROPA_DESPLEGADA,JUGADOR_2,146,EstrategiaMenorCosto,EstrategiaAleatoria,2,0,P.E.K.K.A|Príncipe|Gigante|Caballero,P.E.K.K.A|Mago|Príncipe|Mini P.E.K.K.A,JUGADOR_2,Caballero,3,15,29,,,,,
partida_25,63,TROPA_DESPLEGADA,JUGADOR_2,146,EstrategiaMenorCosto,EstrategiaAleatoria,0,1,P.E.K.K.A|Príncipe|Gigante|Ejército de Esqueletos,P.E.K.K.A|Mago|Príncipe|Mini P.E.K.K.A,JUGADOR_1,Caballero,3,3,12,,,,,
partida_25,72,TROPA_DESPLEGADA,JUGADOR_2,146,EstrategiaMenorCosto,EstrategiaAleatoria,0,4,P.E.K.K.A|Príncipe|Gigante|Mago de Hielo,P.E.K.K.A|Mago|Príncipe|Mini P.E.K.K.A,JUGADOR_1,Ejército de Esqueletos,3,7,7,,,,,
partida_25,72,TROPA_DESPLEGADA,JUGADOR_2,146,EstrategiaMenorCosto,EstrategiaAleatoria,0,0,P.E.K.K.A|Príncipe|Gigante|Mago de Hielo,P.E.K.K.A|Mago|Príncipe|Valquiria,JUGADOR_2,Mini P.E.K.K.A,4,12,20,,,,,
partida_25,81,TROPA_DESPLEGADA,JUGADOR_2,146,EstrategiaMenorCosto,EstrategiaAleatoria,0,3,P.E.K.K.A|Príncipe|Gigante|Valquiria,P.E.K.K.A|Mago|Príncipe|Valquiria,JUGADOR_1,Mago de Hielo,3,4,0,,,,,
partida_25,87,TROPA_DESPLEGADA,JUGADOR_2,146,EstrategiaMenorCosto,EstrategiaAleatoria,2,1,P.E.K.K.A|Príncipe|Gigante|Valquiria,P.E.K.K.A|Mago|Príncipe|Gigante,JUGADOR_2,Valquiria,4,1,25,,,,,
partida_25,93,TROPA_DESPLEGADA,JUGADOR_2,146,EstrategiaMenorCosto,EstrategiaAleatoria,0,3,P.E.K.K.A|Príncipe|Gigante|Mago,P.E.K.K.A|Mago|Príncipe|Gigante,JUGADOR_1,Valquiria,4,6,6,,,,,
partida_25,100,TROPA_DESPLEGADA,JUGADOR_2,146,EstrategiaMenorCosto,EstrategiaAleatoria,2,0,P.E.K.K.A|Príncipe|Gigante|Mago,P.E.K.K.A|Príncipe|Gigante|Ejército de Esqueletos,JUGADOR_2,Mago,5,13,10,,,,,
partida_25,108,TROPA_DESPLEGADA,JUGADOR_2,146,EstrategiaMenorCosto,EstrategiaAleatoria,0,3,P.E.K.K.A|Gigante|Mago|Caballero,P.E.K.K.A|Príncipe|Gigante|Ejército de Esqueletos,JUGADOR_1,Príncipe,5,4,4,,,,,
partida_25,108,TROPA_DESPLEGADA,JUGADOR_2,146,EstrategiaMenorCosto,EstrategiaAleatoria,0,0,P.E.K.K.A|Gigante|Mago|Caballero,P.E.K.K.A|Príncipe|Gigante|Caballero,JUGADOR_2,Ejército de Esqueletos,3,3,29,,,,,
partida_25,117,TROPA_DESPLEGADA,JUGADOR_2,146,EstrategiaMenorCosto,EstrategiaAleatoria,0,3,P.E.K.K.A|Gigante|Mago|Ejército de Esqueletos,P.E.K.K.A|Príncipe|Gigante|Caballero,JUGADOR_1,Caballero,3,3,11,,,,,
partida_25,117,TROPA_DESPLEGADA,JUGADOR_2,146,EstrategiaMenorCosto,EstrategiaAleatoria,0,0,P.E.K.K.A|Gigante|Mago|Ejército de Esqueletos,P.E.K.K.A|Príncipe|Gigante|Mini P.E.K.K.A,JUGADOR_2,Caballero,3,15,13,,,,,
partida_25,126,TROPA_DESPLEGADA,JUGADOR_2,146,EstrategiaMenorCosto,EstrategiaAleatoria,0,3,P.E.K.K.A|Gigante|Mago|Mago de Hielo,P.E.K.K.A|Príncipe|Gigante|Mini P.E.K.K.A,JUGADOR_1,Ejército de Esqueletos,3,5,12,,,,,
partida_25,130,TROPA_DESPLEGADA,JUGADOR_2,146,EstrategiaMenorCosto,EstrategiaAleatoria,1,0,P.E.K.K.A|Gigante|Mago|Mago de Hielo,P.E.K.K.A|Príncipe|Gigante|Valquiria,JUGADOR_2,Mini P.E.K.K.A,4,9,10,,,,,
partida_25,135,TROPA_DESPLEGADA,JUGADOR_2,146,EstrategiaMenorCosto,EstrategiaAleatoria,0,2,P.E.K.K.A|Gigante|Mago|Valquiria,P.E.K.K.A|Príncipe|Gigante|Valquiria,JUGADOR_1,Mago de Hielo,3,4,14,,,,,
partida_25,141,TROPA_DESPLEGADA,JUGADOR_2,146,EstrategiaMenorCosto,EstrategiaAleatoria,2,0,P.E.K.K.A|Gigante|Mago|Valquiria,P.E.K.K.A|Príncipe|Gigante|Mago,JUGADOR_2,Valquiria,4,14,17,,,,,
partida_25,146,PARTIDA_TERMINADA,JUGADOR_2,146,EstrategiaMenorCosto,EstrategiaAleatoria,3,1,P.E.K.K.A|Gigante|Mago|Valquiria,P.E.K.K.A|Príncipe|Gigante|Mago,,,,,,,,,,
partida_26,1,TROPA_DESPLEGADA,JUGADOR_1,70,EstrategiaAgresiva,EstrategiaMenorCosto,0,5,Mago|Mago de Hielo|P.E.K.K.A|Caballero,Valquiria|Ejército de Esqueletos|Bárbaros|P.E.K.K.A,JUGADOR_1,Príncipe,5,0,14,,,,,
partida_26,1,TROPA_DESPLEGADA,JUGADOR_1,70,EstrategiaAgresiva,EstrategiaMenorCosto,0,2,Mago|Mago de Hielo|P.E.K.K.A|Caballero,Valquiria|Bárbaros|P.E.K.K.A|Caballero,JUGADOR_2,Ejército de Esqueletos,3,7,19,,,,,
partida_26,3,TROPA_DESPLEGADA,JUGADOR_1,70,EstrategiaAgresiva,EstrategiaMenorCosto,1,0,Mago|Mago de Hielo|P.E.K.K.A|Caballero,Valquiria|Bárbaros|P.E.K.K.A|Mosquetera,JUGADOR_2,Caballero,3,2,22,,,,,
partida_26,9,TROPA_DESPLEGADA,JUGADOR_1,70,EstrategiaAgresiva,EstrategiaMenorCosto,0,2,Mago|Mago de Hielo|P.E.K.K.A|Mini P.E.K.K.A,Valquiria|Bárbaros|P.E.K.K.A|Mosquetera,JUGADOR_1,Caballero,3,0,14,,,,,
partida_26,15,TROPA_DESPLEGADA,JUGADOR_1,70,EstrategiaAgresiva,EstrategiaMenorCosto,2,0,Mago|Mago de Hielo|P.E.K.K.A|Mini P.E.K.K.A,Bárbaros|P.E.K.K.A|Mosquetera|Mago,JUGADOR_2,Valquiria,4,5,17,,,,,
partida_26,18,TROPA_DESPLEGADA,JUGADOR_1,70,EstrategiaAgresiva,EstrategiaMenorCosto,0,1,Mago|P.E.K.K.A|Mini P.E.K.K.A|Bárbaros,Bárbaros|P.E.K.K.A|Mosquetera|Mago,JUGADOR_1,Mago de Hielo,3,0,14,,,,,
partida_26,27,TROPA_DESPLEGADA,JUGADOR_1,70,EstrategiaAgresiva,EstrategiaMenorCosto,3,0,Mago|P.E.K.K.A|Mini P.E.K.K.A|Bárbaros,Bárbaros|P.E.K.K.A|Mago|Gigante,JUGADOR_2,Mosquetera,4,17,30,,,,,
partida_26,30,TROPA_DESPLEGADA,JUGADOR_1,70,EstrategiaAgresiva,EstrategiaMenorCosto,0,1,Mago|P.E.K.K.A|Bárbaros|Valquiria,Bárbaros|P.E.K.K.A|Mago|Gigante,JUGADOR_1,Mini P.E.K.K.A,4,0,14,,,,,
partida_26,42,TROPA_DESPLEGADA,JUGADOR_1,70,EstrategiaAgresiva,EstrategiaMenorCosto,0,5,Mago|P.E.K.K.A|Bárbaros|Príncipe,Bárbaros|P.E.K.K.A|Mago|Gigante,JUGADOR_1,Valquiria,4,0,14,,,,,
partida_26,42,TROPA_DESPLEGADA,JUGADOR_1,70,EstrategiaAgresiva,EstrategiaMenorCosto,0,0,Mago|P.E.K.K.A|Bárbaros|Príncipe,P.E.K.K.A|Mago|Gigante|Ejército de Esqueletos,JUGADOR_2,Bárbaros,5,0,26,,,,,
partida_26,52,TROPA_DESPLEGADA,JUGADOR_1,70,EstrategiaAgresiva,EstrategiaMenorCosto,3,0,Mago|P.E.K.K.A|Bárbaros|Príncipe,P.E.K.K.A|Mago|Gigante|Caballero,JUGADOR_2,Ejército de Esqueletos,3,17,18,,,,,
partida_26,57,TROPA_DESPLEGADA,JUGADOR_1,70,EstrategiaAgresiva,EstrategiaMenorCosto,0,2,Mago|P.E.K.K.A|Bárbaros|Caballero,P.E.K.K.A|Mago|Gigante|Caballero,JUGADOR_1,Príncipe,5,0,21,,,,,
partida_26,60,TROPA_DESPLEGADA,JUGADOR_1,70,EstrategiaAgresiva,EstrategiaMenorCosto,1,0,Mago|P.E.K.K.A|Bárbaros|Caballero,P.E.K.K.A|Mago|Gigante|Valquiria,JUGADOR_2,Caballero,3,12,17,,,,,
partida_26,66,TROPA_DESPLEGADA,JUGADOR_1,70,EstrategiaAgresiva,EstrategiaMenorCosto,0,2,Mago|P.E.K.K.A|Bárbaros|Mago de Hielo,P.E.K.K.A|Mago|Gigante|Valquiria,JUGADOR_1,Caballero,3,0,21,,,,,
partida_26,70,PARTIDA_TERMINADA,JUGADOR_1,70,EstrategiaAgresiva,EstrategiaMenorCosto,1,3,Mago|P.E.K.K.A|Bárbaros|Mago de Hielo,P.E.K.K.A|Mago|Gigante|Valquiria,,,,,,,,,,
partida_27,1,TROPA_DESPLEGADA,JUGADOR_2,126,EstrategiaDefensiva,EstrategiaAgresiva,2,5,P.E.K.K.A|Mosquetera|Arqueras|Valquiria,Príncipe|Ejército de Esqueletos|Mago|Mini P.E.K.K.A,JUGADOR_1,Mago de Hielo,3,6,2,,,,,
partida_27,1,TROPA_DESPLEGADA,JUGADOR_2,126,EstrategiaDefensiva,EstrategiaAgresiva,2,1,P.E.K.K.A|Mosquetera|Arqueras|Valquiria,Príncipe|Ejército de Esqueletos|Mago|Mosquetera,JUGADOR_2,Mini P.E.K.K.A,4,0,17,,,,,
partida_27,6,TROPA_DESPLEGADA,JUGADOR_2,126,EstrategiaDefensiva,EstrategiaAgresiva,4,0,P.E.K.K.A|Mosquetera|Arqueras|Valquiria,Príncipe|Mago|Mosquetera|P.E.K.K.A,JUGADOR_2,Ejército de Esqueletos,3,0,17,,,,,
partida_27,10,TROPA_DESPLEGADA,JUGADOR_2,126,EstrategiaDefensiva,EstrategiaAgresiva,1,1,P.E.K.K.A|Mosquetera|Arqueras|Caballero,Príncipe|Mago|Mosquetera|P.E.K.K.A,JUGADOR_1,Valquiria,4,6,2,,,,,
partida_27,18,TROPA_DESPLEGADA,JUGADOR_2,126,EstrategiaDefensiva,EstrategiaAgresiva,4,0,P.E.K.K.A|Mosquetera|Arqueras|Caballero,Príncipe|Mago|P.E.K.K.A|Valquiria,JUGADOR_2,Mosquetera,4,0,10,,,,,
partida_27,22,TROPA_DESPLEGADA,JUGADOR_2,126,EstrategiaDefensiva,EstrategiaAgresiva,2,1,P.E.K.K.A|Mosquetera|Arqueras|Príncipe,Príncipe|Mago|P.E.K.K.A|Valquiria,JUGADOR_1,Caballero,3,6,2,,,,,
partida_27,30,TROPA_DESPLEGADA,JUGADOR_2,126,EstrategiaDefensiva,EstrategiaAgresiva,0,4,P.E.K.K.A|Mosquetera|Arqueras|Gigante,Príncipe|Mago|P.E.K.K.A|Valquiria,JUGADOR_1,Príncipe,5,6,2,,,,,
partida_27,30,TROPA_DESPLEGADA,JUGADOR_2,126,EstrategiaDefensiva,EstrategiaAgresiva,0,0,P.E.K.K.A|Mosquetera|Arqueras|Gigante,Príncipe|Mago|P.E.K.K.A|Mago de Hielo,JUGADOR_2,Valquiria,4,0,10,,,,,
partida_27,41,TROPA_DESPLEGADA,JUGADOR_2,126,EstrategiaDefensiva,EstrategiaAgresiva,3,0,P.E.K.K.A|Mosquetera|Arqueras|Gigante,Príncipe|Mago|P.E.K.K.A|Mini P.E.K.K.A,JUGADOR_2,Mago de Hielo,3,0,10,,,,,
partida_27,45,TROPA_DESPLEGADA,JUGADOR_2,126,EstrategiaDefensiva,EstrategiaAgresiva,0,2,P.E.K.K.A|Mosquetera|Arqueras|Mago de Hielo,Príncipe|Mago|P.E.K.K.A|Mini P.E.K.K.A,JUGADOR_1,Gigante,5,6,2,,,,,
partida_27,52,TROPA_DESPLEGADA,JUGADOR_2,126,EstrategiaDefensiva,EstrategiaAgresiva,2,0,P.E.K.K.A|Mosquetera|Arqueras|Mago de Hielo,Príncipe|Mago|P.E.K.K.A|Ejército de Esqueletos,JUGADOR_2,Mini P.E.K.K.A,4,0,10,,,,,
partida_27,60,TROPA_DESPLEGADA,JUGADOR_2,126,EstrategiaDefensiva,EstrategiaAgresiva,2,3,P.E.K.K.A|Mosquetera|Arqueras|Valquiria,Príncipe|Mago|P.E.K.K.A|Ejército de Esqueletos,JUGADOR_1,Mago de Hielo,3,6,2,,,,,
partida_27,62,TROPA_DESPLEGADA,JUGADOR_2,126,EstrategiaDefensiva,EstrategiaAgresiva,2,0,P.E.K.K.A|Mosquetera|Arqueras|Valquiria,Príncipe|Mago|P.E.K.K.A|Mosquetera,JUGADOR_2,Ejército de Esqueletos,3,0,10,,,,,
partida_27,69,TROPA_DESPLEGADA,JUGADOR_2,126,EstrategiaDefensiva,EstrategiaAgresiva,1,3,P.E.K.K.A|Mosquetera|Arqueras|Caballero,Príncipe|Mago|P.E.K.K.A|Mosquetera,JUGADOR_1,Valquiria,4,6,2,,,,,
partida_27,74,TROPA_DESPLEGADA,JUGADOR_2,126,EstrategiaDefensiva,EstrategiaAgresiva,2,0,P.E.K.K.A|Mosquetera|Arqueras|Caballero,Príncipe|Mago|P.E.K.K.A|Valquiria,JUGADOR_2,Mosquetera,4,0,10,,,,,
partida_27,81,TROPA_DESPLEGADA,JUGADOR_2,126,EstrategiaDefensiva,EstrategiaAgresiva,2,3,P.E.K.K.A|Mosquetera|Arqueras|Príncipe,Príncipe|Mago|P.E.K.K.A|Valquiria,JUGADOR_1,Caballero,3,6,2,,,,,
partida_27,84,TROPA_DESPLEGADA,JUGADOR_2,126,EstrategiaDefensiva,EstrategiaAgresiva,3,0,P.E.K.K.A|Mosquetera|Arqueras|Príncipe,Príncipe|Mago|P.E.K.K.A|Mago de Hielo,JUGADOR_2,Valquiria,4,0,10,,,,,
partida_27,90,TROPA_DESPLEGADA,JUGADOR_2,126,EstrategiaDefensiva,EstrategiaAgresiva,0,2,P.E.K.K.A|Mosquetera|Arqueras|Gigante,Príncipe|Mago|P.E.K.K.A|Mago de Hielo,JUGADOR_1,Príncipe,5,6,2,,,,,
partida_27,93,TROPA_DESPLEGADA,JUGADOR_2,126,EstrategiaDefensiva,EstrategiaAgresiva,1,0,P.E.K.K.A|Mosquetera|Arqueras|Gigante,Príncipe|Mago|P.E.K.K.A|Mini P.E.K.K.A,JUGADOR_2,Mago de Hielo,3,0,10,,,,,
partida_27,105,TROPA_DESPLEGADA,JUGADOR_2,126,EstrategiaDefensiva,EstrategiaAgresiva,0,4,P.E.K.K.A|Mosquetera|Arqueras|Mago de Hielo,Príncipe|Mago|P.E.K.K.A|Mini P.E.K.K.A,JUGADOR_1,Gigante,5,6,2,,,,,
partida_27,106,TROPA_DESPLEGADA,JUGADOR_2,126,EstrategiaDefensiva,EstrategiaAgresiva,0,0,P.E.K.K.A|Mosquetera|Arqueras|Mago de Hielo,Príncipe|Mago|P.E.K.K.A|Ejército de Esqueletos,JUGADOR_2,Mini P.E.K.K.A,4,0,10,,,,,
partida_27,114,TROPA_DESPLEGADA,JUGADOR_2,126,EstrategiaDefensiva,EstrategiaAgresiva,3,0,P.E.K.K.A|Mosquetera|Arqueras|Mago de Hielo,Príncipe|Mago|P.E.K.K.A|Mosquetera,JUGADOR_2,Ejército de Esqueletos,3,0,10,,,,,
partida_27,121,TROPA_DESPLEGADA,JUGADOR_2,126,EstrategiaDefensiva,EstrategiaAgresiva,2,2,P.E.K.K.A|Mosquetera|Arqueras|Valquiria,Príncipe|Mago|P.E.K.K.A|Mosquetera,JUGADOR_1,Mago de Hielo,3,6,2,,,,,
partida_27,126,TROPA_DESPLEGADA,JUGADOR_2,126,EstrategiaDefensiva,EstrategiaAgresiva,4,0,P.E.K.K.A|Mosquetera|Arqueras|Valquiria,Príncipe|Mago|P.E.K.K.A|Valquiria,JUGADOR_2,Mosquetera,4,0,10,,,,,
partida_27,126,PARTIDA_TERMINADA,JUGADOR_2,126,EstrategiaDefensiva,EstrategiaAgresiva,4,0,P.E.K.K.A|Mosquetera|Arqueras|Valquiria,Príncipe|Mago|P.E.K.K.A|Valquiria,,,,,,,,,,
partida_28,2,TROPA_DESPLEGADA,JUGADOR_2,128,EstrategiaAgresiva,EstrategiaAleatoria,0,5,Arqueras|Mago de Hielo|P.E.K.K.A|Príncipe,Arqueras|Mago de Hielo|Ejército de Esqueletos|Caballero,JUGADOR_1,Gigante,5,0,14,,,,,
partida_28,2,TROPA_DESPLEGADA,JUGADOR_2,128,EstrategiaAgresiva,EstrategiaAleatoria,0,2,Arqueras|Mago de Hielo|P.E.K.K.A|Príncipe,Arqueras|Ejército de Esqueletos|Caballero|Bárbaros,JUGADOR_2,Mago de Hielo,3,5,31,,,,,
partida_28,4,TROPA_DESPLEGADA,JUGADOR_2,128,EstrategiaAgresiva,EstrategiaAleatoria,1,0,Arqueras|Mago de Hielo|P.E.K.K.A|Príncipe,Arqueras|Ejército de Esqueletos|Bárbaros|Mago,JUGADOR_2,Caballero,3,5,19,,,,,
partida_28,9,TROPA_DESPLEGADA,JUGADOR_2,128,EstrategiaAgresiva,EstrategiaAleatoria,0,2,Arqueras|P.E.K.K.A|Príncipe|Valquiria,Arqueras|Ejército de Esqueletos|Bárbaros|Mago,JUGADOR_1,Mago de Hielo,3,0,14,,,,,
partida_28,13,TROPA_DESPLEGADA,JUGADOR_2,128,EstrategiaAgresiva,EstrategiaAleatoria,1,0,Arqueras|P.E.K.K.A|Príncipe|Valquiria,Ejército de Esqueletos|Bárbaros|Mago|Mini P.E.K.K.A,JUGADOR_2,Arqueras,3,11,26,,,,,
partida_28,18,TROPA_DESPLEGADA,JUGADOR_2,128,EstrategiaAgresiva,EstrategiaAleatoria,0,2,P.E.K.K.A|Príncipe|Valquiria|Caballero,Ejército de Esqueletos|Bárbaros|Mago|Mini P.E.K.K.A,JUGADOR_1,Arqueras,3,0,13,,,,,
partida_28,25,TROPA_DESPLEGADA,JUGADOR_2,128,EstrategiaAgresiva,EstrategiaAleatoria,2,1,P.E.K.K.A|Príncipe|Valquiria|Caballero,Bárbaros|Mago|Mini P.E.K.K.A|Mosquetera,JUGADOR_2,Ejército de Esqueletos,3,9,26,,,,,
partida_28,27,TROPA_DESPLEGADA,JUGADOR_2,128,EstrategiaAgresiva,EstrategiaAleatoria,0,2,P.E.K.K.A|Príncipe|Valquiria|Mago,Bárbaros|Mago|Mini P.E.K.K.A|Mosquetera,JUGADOR_1,Caballero,3,0,14,,,,,
partida_28,33,TROPA_DESPLEGADA,JUGADOR_2,128,EstrategiaAgresiva,EstrategiaAleatoria,2,0,P.E.K.K.A|Príncipe|Valquiria|Mago,Bárbaros|Mago|Mini P.E.K.K.A|Mago de Hielo,JUGADOR_2,Mosquetera,4,12,17,,,,,
partida_28,39,TROPA_DESPLEGADA,JUGADOR_2,128,EstrategiaAgresiva,EstrategiaAleatoria,0,2,P.E.K.K.A|Príncipe|Mago|Gigante,Bárbaros|Mago|Mini P.E.K.K.A|Mago de Hielo,JUGADOR_1,Valquiria,4,0,14,,,,,
partida_28,42,TROPA_DESPLEGADA,JUGADOR_2,128,EstrategiaAgresiva,EstrategiaAleatoria,1,0,P.E.K.K.A|Príncipe|Mago|Gigante,Bárbaros|Mago|Mini P.E.K.K.A|Caballero,JUGADOR_2,Mago de Hielo,3,16,26,,,,,
partida_28,51,TROPA_DESPLEGADA,JUGADOR_2,128,EstrategiaAgresiva,EstrategiaAleatoria,4,0,P.E.K.K.A|Príncipe|Mago|Gigante,Bárbaros|Mago|Mini P.E.K.K.A|Arqueras,JUGADOR_2,Caballero,3,14,30,,,,,
partida_28,54,TROPA_DESPLEGADA,JUGADOR_2,128,EstrategiaAgresiva,EstrategiaAleatoria,0,1,P.E.K.K.A|Mago|Gigante|Mago de Hielo,Bárbaros|Mago|Mini P.E.K.K.A|Arqueras,JUGADOR_1,Príncipe,5,0,14,,,,,
partida_28,63,TROPA_DESPLEGADA,JUGADOR_2,128,EstrategiaAgresiva,EstrategiaAleatoria,0,4,P.E.K.K.A|Mago|Gigante|Arqueras,Bárbaros|Mago|Mini P.E.K.K.A|Arqueras,JUGADOR_1,Mago de Hielo,3,0,14,,,,,
partida_28,63,TROPA_DESPLEGADA,JUGADOR_2,128,EstrategiaAgresiva,EstrategiaAleatoria,0,1,P.E.K.K.A|Mago|Gigante|Arqueras,Bárbaros|Mago|Mini P.E.K.K.A|Ejército de Esqueletos,JUGADOR_2,Arqueras,3,11,27,,,,,
partida_28,71,TROPA_DESPLEGADA,JUGADOR_2,128,EstrategiaAgresiva,EstrategiaAleatoria,2,0,P.E.K.K.A|Mago|Gigante|Arqueras,Bárbaros|Mago|Mini P.E.K.K.A|Mosquetera,JUGADOR_2,Ejército de Esqueletos,3,17,22,,,,,
partida_28,72,TROPA_DESPLEGADA,JUGADOR_2,128,EstrategiaAgresiva,EstrategiaAleatoria,0,1,P.E.K.K.A|Mago|Gigante|Caballero,Bárbaros|Mago|Mini P.E.K.K.A|Mosquetera,JUGADOR_1,Arqueras,3,0,14,,,,,
partida_28,81,TROPA_DESPLEGADA,JUGADOR_2,128,EstrategiaAgresiva,EstrategiaAleatoria,3,0,P.E.K.K.A|Mago|Gigante|Caballero,Bárbaros|Mago|Mini P.E.K.K.A|Mago de Hielo,JUGADOR_2,Mosquetera,4,14,31,,,,,
partida_28,82,TROPA_DESPLEGADA,JUGADOR_2,128,EstrategiaAgresiva,EstrategiaAleatoria,0,0,P.E.K.K.A|Mago|Gigante|Valquiria,Bárbaros|Mago|Mini P.E.K.K.A|Mago de Hielo,JUGADOR_1,Caballero,3,0,13,,,,,
partida_28,90,TROPA_DESPLEGADA,JUGADOR_2,128,EstrategiaAgresiva,EstrategiaAleatoria,3,0,P.E.K.K.A|Mago|Gigante|Valquiria,Bárbaros|Mago|Mini P.E.K.K.A|Caballero,JUGADOR_2,Mago de Hielo,3,5,17,,,,,
partida_28,93,TROPA_DESPLEGADA,JUGADOR_2,128,EstrategiaAgresiva,EstrategiaAleatoria,0,1,P.E.K.K.A|Mago|Gigante|Príncipe,Bárbaros|Mago|Mini P.E.K.K.A|Caballero,JUGADOR_1,Valquiria,4,0,14,,,,,
partida_28,99,TROPA_DESPLEGADA,JUGADOR_2,128,EstrategiaAgresiva,EstrategiaAleatoria,2,0,P.E.K.K.A|Mago|Gigante|Príncipe,Bárbaros|Mago|Mini P.E.K.K.A|Arqueras,JUGADOR_2,Caballero,3,16,19,,,,,
partida_28,108,TROPA_DESPLEGADA,JUGADOR_2,128,EstrategiaAgresiva,EstrategiaAleatoria,5,0,P.E.K.K.A|Mago|Gigante|Príncipe,Bárbaros|Mago|Mini P.E.K.K.A|Ejército de Esqueletos,JUGADOR_2,Arqueras,3,13,21,,,,,
partida_28,110,TROPA_DESPLEGADA,JUGADOR_2,128,EstrategiaAgresiva,EstrategiaAleatoria,0,0,P.E.K.K.A|Mago|Gigante|Mago de Hielo,Bárbaros|Mago|Mini P.E.K.K.A|Ejército de Esqueletos,JUGADOR_1,Príncipe,5,0,14,,,,,
partida_28,117,TROPA_DESPLEGADA,JUGADOR_2,128,EstrategiaAgresiva,EstrategiaAleatoria,0,3,P.E.K.K.A|Mago|Gigante|Arqueras,Bárbaros|Mago|Mini P.E.K.K.A|Ejército de Esqueletos,JUGADOR_1,Mago de Hielo,3,0,9,,,,,
partida_28,117,TROPA_DESPLEGADA,JUGADOR_2,128,EstrategiaAgresiva,EstrategiaAleatoria,0,0,P.E.K.K.A|Mago|Gigante|Arqueras,Bárbaros|Mago|Mini P.E.K.K.A|Mosquetera,JUGADOR_2,Ejército de Esqueletos,3,17,20,,,,,
partida_28,128,TROPA_DESPLEGADA,JUGADOR_2,128,EstrategiaAgresiva,EstrategiaAleatoria,0,3,P.E.K.K.A|Mago|Gigante|Caballero,Bárbaros|Mago|Mini P.E.K.K.A|Mosquetera,JUGADOR_1,Arqueras,3,0,9,,,,,
partida_28,128,PARTIDA_TERMINADA,JUGADOR_2,128,EstrategiaAgresiva,EstrategiaAleatoria,0,3,P.E.K.K.A|Mago|Gigante|Caballero,Bárbaros|Mago|Mini P.E.K.K.A|Mosquetera,,,,,,,,,,
partida_29,1,TROPA_DESPLEGADA,JUGADOR_1,93,EstrategiaAleatoria,EstrategiaMenorCosto,1,5,Arqueras|Mosquetera|P.E.K.K.A|Bárbaros,Valquiria|Ejército de Esqueletos|Gigante|P.E.K.K.A,JUGADOR_1,Mini P.E.K.K.A,4,1,12,,,,,
partida_29,1,TROPA_DESPLEGADA,JUGADOR_1,93,EstrategiaAleatoria,EstrategiaMenorCosto,1,2,Arqueras|Mosquetera|P.E.K.K.A|Bárbaros,Valquiria|Gigante|P.E.K.K.A|Príncipe,JUGADOR_2,Ejército de Esqueletos,3,15,20,,,,,
partida_29,6,TROPA_DESPLEGADA,JUGADOR_1,93,EstrategiaAleatoria,EstrategiaMenorCosto,0,4,Mosquetera|P.E.K.K.A|Bárbaros|Mago de Hielo,Valquiria|Gigante|P.E.K.K.A|Príncipe,JUGADOR_1,Arqueras,3,11,4,,,,,
partida_29,6,TROPA_DESPLEGADA,JUGADOR_1,93,EstrategiaAleatoria,EstrategiaMenorCosto,0,0,Mosquetera|P.E.K.K.A|Bárbaros|Mago de Hielo,Gigante|P.E.K.K.A|Príncipe|Arqueras,JUGADOR_2,Valquiria,4,3,27,,,,,
partida_29,15,TROPA_DESPLEGADA,JUGADOR_1,93,EstrategiaAleatoria,EstrategiaMenorCosto,0,3,Mosquetera|P.E.K.K.A|Bárbaros|Valquiria,Gigante|P.E.K.K.A|Príncipe|Arqueras,JUGADOR_1,Mago de Hielo,3,16,9,,,,,
partida_29,15,TROPA_DESPLEGADA,JUGADOR_1,93,EstrategiaAleatoria,EstrategiaMenorCosto,0,0,Mosquetera|P.E.K.K.A|Bárbaros|Valquiria,Gigante|P.E.K.K.A|Príncipe|Mago,JUGADOR_2,Arqueras,3,10,21,,,,,
partida_29,29,TROPA_DESPLEGADA,JUGADOR_1,93,EstrategiaAleatoria,EstrategiaMenorCosto,0,4,Mosquetera|P.E.K.K.A|Bárbaros|Caballero,Gigante|P.E.K.K.A|Príncipe|Mago,JUGADOR_1,Valquiria,4,5,8,,,,,
partida_29,30,TROPA_DESPLEGADA,JUGADOR_1,93,EstrategiaAleatoria,EstrategiaMenorCosto,1,0,Mosquetera|P.E.K.K.A|Bárbaros|Caballero,P.E.K.K.A|Príncipe|Mago|Mosquetera,JUGADOR_2,Gigante,5,1,24,,,,,
partida_29,39,TROPA_DESPLEGADA,JUGADOR_1,93,EstrategiaAleatoria,EstrategiaMenorCosto,1,3,Mosquetera|P.E.K.K.A|Bárbaros|Mini P.E.K.K.A,P.E.K.K.A|Príncipe|Mago|Mosquetera,JUGADOR_1,Caballero,3,5,13,,,,,
partida_29,42,TROPA_DESPLEGADA,JUGADOR_1,93,EstrategiaAleatoria,EstrategiaMenorCosto,2,0,Mosquetera|P.E.K.K.A|Bárbaros|Mini P.E.K.K.A,P.E.K.K.A|Príncipe|Mago|Ejército de Esqueletos,JUGADOR_2,Mosquetera,4,12,26,,,,,
partida_29,49,TROPA_DESPLEGADA,JUGADOR_1,93,EstrategiaAleatoria,EstrategiaMenorCosto,0,2,Mosquetera|P.E.K.K.A|Bárbaros|Arqueras,P.E.K.K.A|Príncipe|Mago|Ejército de Esqueletos,JUGADOR_1,Mini P.E.K.K.A,4,7,8,,,,,
partida_29,51,TROPA_DESPLEGADA,JUGADOR_1,93,EstrategiaAleatoria,EstrategiaMenorCosto,1,0,Mosquetera|P.E.K.K.A|Bárbaros|Arqueras,P.E.K.K.A|Príncipe|Mago|Valquiria,JUGADOR_2,Ejército de Esqueletos,3,14,29,,,,,
partida_29,61,TROPA_DESPLEGADA,JUGADOR_1,93,EstrategiaAleatoria,EstrategiaMenorCosto,0,3,P.E.K.K.A|Bárbaros|Arqueras|Mago de Hielo,P.E.K.K.A|Príncipe|Mago|Valquiria,JUGADOR_1,Mosquetera,4,10,14,,,,,
partida_29,63,TROPA_DESPLEGADA,JUGADOR_1,93,EstrategiaAleatoria,EstrategiaMenorCosto,1,0,P.E.K.K.A|Bárbaros|Arqueras|Mago de Hielo,P.E.K.K.A|Príncipe|Mago|Arqueras,JUGADOR_2,Valquiria,4,2,28,,,,,
partida_29,70,TROPA_DESPLEGADA,JUGADOR_1,93,EstrategiaAleatoria,EstrategiaMenorCosto,0,2,P.E.K.K.A|Bárbaros|Mago de Hielo|Valquiria,P.E.K.K.A|Príncipe|Mago|Arqueras,JUGADOR_1,Arqueras,3,17,12,,,,,
partida_29,74,TROPA_DESPLEGADA,JUGADOR_1,93,EstrategiaAleatoria,EstrategiaMenorCosto,1,0,P.E.K.K.A|Bárbaros|Mago de Hielo|Valquiria,P.E.K.K.A|Príncipe|Mago|Gigante,JUGADOR_2,Arqueras,3,15,19,,,,,
partida_29,78,TROPA_DESPLEGADA,JUGADOR_1,93,EstrategiaAleatoria,EstrategiaMenorCosto,0,2,P.E.K.K.A|Bárbaros|Valquiria|Caballero,P.E.K.K.A|Príncipe|Mago|Gigante,JUGADOR_1,Mago de Hielo,3,0,14,,,,,
partida_29,87,TROPA_DESPLEGADA,JUGADOR_1,93,EstrategiaAleatoria,EstrategiaMenorCosto,3,0,P.E.K.K.A|Bárbaros|Valquiria|Caballero,P.E.K.K.A|Mago|Gigante|Mosquetera,JUGADOR_2,Príncipe,5,6,23,,,,,
partida_29,90,TROPA_DESPLEGADA,JUGADOR_1,93,EstrategiaAleatoria,EstrategiaMenorCosto,0,1,P.E.K.K.A|Bárbaros|Caballero|Mini P.E.K.K.A,P.E.K.K.A|Mago|Gigante|Mosquetera,JUGADOR_1,Valquiria,4,15,20,,,,,
partida_29,93,PARTIDA_TERMINADA,JUGADOR_1,93,EstrategiaAleatoria,EstrategiaMenorCosto,1,2,P.E.K.K.A|Bárbaros|Caballero|Mini P.E.K.K.A,P.E.K.K.A|Mago|Gigante|Mosquetera,,,,,,,,,,
partida_30,1,TROPA_DESPLEGADA,JUGADOR_2,130,EstrategiaAleatoria,EstrategiaMenorCosto,2,5,Gigante|Príncipe|Bárbaros|P.E.K.K.A,Mini P.E.K.K.A|P.E.K.K.A|Ejército de Esqueletos|Bárbaros,JUGADOR_1,Arqueras,3,13,2,,,,,
partida_30,3,TROPA_DESPLEGADA,JUGADOR_2,130,EstrategiaAleatoria,EstrategiaMenorCosto,3,3,Gigante|Príncipe|Bárbaros|P.E.K.K.A,Mini P.E.K.K.A|P.E.K.K.A|Bárbaros|Mosquetera,JUGADOR_2,Ejército de Esqueletos,3,14,23,,,,,
partida_30,6,TROPA_DESPLEGADA,JUGADOR_2,130,EstrategiaAleatoria,EstrategiaMenorCosto,4,0,Gigante|Príncipe|Bárbaros|P.E.K.K.A,P.E.K.K.A|Bárbaros|Mosquetera|Mago de Hielo,JUGADOR_2,Mini P.E.K.K.A,4,15,27,,,,,
partida_30,9,TROPA_DESPLEGADA,JUGADOR_2,130,EstrategiaAleatoria,EstrategiaMenorCosto,0,1,Gigante|Príncipe|P.E.K.K.A|Valquiria,P.E.K.K.A|Bárbaros|Mosquetera|Mago de Hielo,JUGADOR_1,Bárbaros,5,6,4,,,,,
partida_30,15,TROPA_DESPLEGADA,JUGADOR_2,130,EstrategiaAleatoria,EstrategiaMenorCosto,2,0,Gigante|Príncipe|P.E.K.K.A|Valquiria,P.E.K.K.A|Bárbaros|Mosquetera|Valquiria,JUGADOR_2,Mago de Hielo,3,13,30,,,,,
partida_30,21,TROPA_DESPLEGADA,JUGADOR_2,130,EstrategiaAleatoria,EstrategiaMenorCosto,0,2,Gigante|Príncipe|P.E.K.K.A|Mini P.E.K.K.A,P.E.K.K.A|Bárbaros|Mosquetera|Valquiria,JUGADOR_1,Valquiria,4,4,0,,,,,
partida_30,27,TROPA_DESPLEGADA,JUGADOR_2,130,EstrategiaAleatoria,EstrategiaMenorCosto,2,0,Gigante|Príncipe|P.E.K.K.A|Mini P.E.K.K.A,P.E.K.K.A|Bárbaros|Valquiria|Caballero,JUGADOR_2,Mosquetera,4,12,28,,,,,
partida_30,36,TROPA_DESPLEGADA,JUGADOR_2,130,EstrategiaAleatoria,EstrategiaMenorCosto,0,3,Gigante|P.E.K.K.A|Mini P.E.K.K.A|Caballero,P.E.K.K.A|Bárbaros|Valquiria|Caballero,JUGADOR_1,Príncipe,5,0,8,,,,,
partida_30,36,TROPA_DESPLEGADA,JUGADOR_2,130,EstrategiaAleatoria,EstrategiaMenorCosto,0,0,Gigante|P.E.K.K.A|Mini P.E.K.K.A|Caballero,P.E.K.K.A|Bárbaros|Valquiria|Ejército de Esqueletos,JUGADOR_2,Caballero,3,6,31,,,,,
partida_30,45,TROPA_DESPLEGADA,JUGADOR_2,130,EstrategiaAleatoria,EstrategiaMenorCosto,0,3,Gigante|P.E.K.K.A|Mini P.E.K.K.A|Arqueras,P.E.K.K.A|Bárbaros|Valquiria|Ejército de Esqueletos,JUGADOR_1,Caballero,3,15,9,,,,,
partida_30,46,TROPA_DESPLEGADA,JUGADOR_2,130,EstrategiaAleatoria,EstrategiaMenorCosto,0,0,Gigante|P.E.K.K.A|Mini P.E.K.K.A|Arqueras,P.E.K.K.A|Bárbaros|Valquiria|Mini P.E.K.K.A,JUGADOR_2,Ejército de Esqueletos,3,11,28,,,,,
partida_30,54,TROPA_DESPLEGADA,JUGADOR_2,130,EstrategiaAleatoria,EstrategiaMenorCosto,0,3,Gigante|P.E.K.K.A|Mini P.E.K.K.A|Bárbaros,P.E.K.K.A|Bárbaros|Valquiria|Mini P.E.K.K.A,JUGADOR_1,Arqueras,3,9,7,,,,,
partida_30,57,TROPA_DESPLEGADA,JUGADOR_2,130,EstrategiaAleatoria,EstrategiaMenorCosto,1,0,Gigante|P.E.K.K.A|Mini P.E.K.K.A|Bárbaros,P.E.K.K.A|Bárbaros|Mini P.E.K.K.A|Mago de Hielo,JUGADOR_2,Valquiria,4,8,31,,,,,
partida_30,67,TROPA_DESPLEGADA,JUGADOR_2,130,EstrategiaAleatoria,EstrategiaMenorCosto,0,3,Gigante|P.E.K.K.A|Bárbaros|Valquiria,P.E.K.K.A|Bárbaros|Mini P.E.K.K.A|Mago de Hielo,JUGADOR_1,Mini P.E.K.K.A,4,13,1,,,,,
partida_30,67,TROPA_DESPLEGADA,JUGADOR_2,130,EstrategiaAleatoria,EstrategiaMenorCosto,0,0,Gigante|P.E.K.K.A|Bárbaros|Valquiria,P.E.K.K.A|Bárbaros|Mini P.E.K.K.A|Mosquetera,JUGADOR_2,Mago de Hielo,3,0,27,,,,,
partida_30,78,TROPA_DESPLEGADA,JUGADOR_2,130,EstrategiaAleatoria,EstrategiaMenorCosto,0,4,Gigante|P.E.K.K.A|Bárbaros|Príncipe,P.E.K.K.A|Bárbaros|Mini P.E.K.K.A|Mosquetera,JUGADOR_1,Valquiria,4,7,13,,,,,
partida_30,78,TROPA_DESPLEGADA,JUGADOR_2,130,EstrategiaAleatoria,EstrategiaMenorCosto,0,0,Gigante|P.E.K.K.A|Bárbaros|Príncipe,P.E.K.K.A|Bárbaros|Mosquetera|Caballero,JUGADOR_2,Mini P.E.K.K.A,4,0,26,,,,,
partida_30,87,TROPA_DESPLEGADA,JUGADOR_2,130,EstrategiaAleatoria,EstrategiaMenorCosto,3,0,Gigante|P.E.K.K.A|Bárbaros|Príncipe,P.E.K.K.A|Bárbaros|Mosquetera|Ejército de Esqueletos,JUGADOR_2,Caballero,3,4,23,,,,,
partida_30,93,TROPA_DESPLEGADA,JUGADOR_2,130,EstrategiaAleatoria,EstrategiaMenorCosto,0,2,Gigante|P.E.K.K.A|Príncipe|Caballero,P.E.K.K.A|Bárbaros|Mosquetera|Ejército de Esqueletos,JUGADOR_1,Bárbaros,5,0,3,,,,,
partida_30,97,TROPA_DESPLEGADA,JUGADOR_2,130,EstrategiaAleatoria,EstrategiaMenorCosto,1,0,Gigante|P.E.K.K.A|Príncipe|Caballero,P.E.K.K.A|Bárbaros|Mosquetera|Valquiria,JUGADOR_2,Ejército de Esqueletos,3,10,25,,,,,
partida_30,104,TROPA_DESPLEGADA,JUGADOR_2,130,EstrategiaAleatoria,EstrategiaMenorCosto,0,2,Gigante|P.E.K.K.A|Príncipe|Arqueras,P.E.K.K.A|Bárbaros|Mosquetera|Valquiria,JUGADOR_1,Caballero,3,16,14,,,,,
partida_30,108,TROPA_DESPLEGADA,JUGADOR_2,130,EstrategiaAleatoria,EstrategiaMenorCosto,2,0,Gigante|P.E.K.K.A|Príncipe|Arqueras,P.E.K.K.A|Bárbaros|Valquiria|Mago de Hielo,JUGADOR_2,Mosquetera,4,15,22,,,,,
partida_30,111,TROPA_DESPLEGADA,JUGADOR_2,130,EstrategiaAleatoria,EstrategiaMenorCosto,0,1,Gigante|P.E.K.K.A|Príncipe|Mini P.E.K.K.A,P.E.K.K.A|Bárbaros|Valquiria|Mago de Hielo,JUGADOR_1,Arqueras,3,12,8,,,,,
partida_30,119,TROPA_DESPLEGADA,JUGADOR_2,130,EstrategiaAleatoria,EstrategiaMenorCosto,2,0,Gigante|P.E.K.K.A|Príncipe|Mini P.E.K.K.A,P.E.K.K.A|Bárbaros|Valquiria|Mini P.E.K.K.A,JUGADOR_2,Mago de Hielo,3,8,22,,,,,
partida_30,125,TROPA_DESPLEGADA,JUGADOR_2,130,EstrategiaAleatoria,EstrategiaMenorCosto,0,2,Gigante|P.E.K.K.A|Príncipe|Valquiria,P.E.K.K.A|Bárbaros|Valquiria|Mini P.E.K.K.A,JUGADOR_1,Mini P.E.K.K.A,4,1,9,,,,,
partida_30,129,TROPA_DESPLEGADA,JUGADOR_2,130,EstrategiaAleatoria,EstrategiaMenorCosto,2,0,Gigante|P.E.K.K.A|Príncipe|Valquiria,P.E.K.K.A|Bárbaros|Mini P.E.K.K.A|Caballero,JUGADOR_2,Valquiria,4,16,20,,,,,
partida_30,130,PARTIDA_TERMINADA,JUGADOR_2,130,EstrategiaAleatoria,EstrategiaMenorCosto,2,0,Gigante|P.E.K.K.A|Príncipe|Valquiria,P.E.K.K.A|Bárbaros|Mini P.E.K.K.A|Caballero,,,,,,,,,,
partida_31,1,TROPA_DESPLEGADA,JUGADOR_2,180,EstrategiaAleatoria,EstrategiaMenorCosto,0,5,Mago de Hielo|Mini P.E.K.K.A|Bárbaros|Valquiria,Mini P.E.K.K.A|Bárbaros|Mago de Hielo|Gigante,JUGADOR_1,Príncipe,5,0,5,,,,,
partida_31,1,TROPA_DESPLEGADA,JUGADOR_2,180,EstrategiaAleatoria,EstrategiaMenorCosto,0,2,Mago de Hielo|Mini P.E.K.K.A|Bárbaros|Valquiria,Mini P.E.K.K.A|Bárbaros|Gigante|Valquiria,JUGADOR_2,Mago de Hielo,3,14,19,,,,,
partida_31,9,TROPA_DESPLEGADA,JUGADOR_2,180,EstrategiaAleatoria,EstrategiaMenorCosto,3,1,Mago de Hielo|Mini P.E.K.K.A|Bárbaros|Valquiria,Bárbaros|Gigante|Valquiria|Mago,JUGADOR_2,Mini P.E.K.K.A,4,6,23,,,,,
partida_31,10,TROPA_DESPLEGADA,JUGADOR_2,180,EstrategiaAleatoria,EstrategiaMenorCosto,0,1,Mini P.E.K.K.A|Bárbaros|Valquiria|P.E.K.K.A,Bárbaros|Gigante|Valquiria|Mago,JUGADOR_1,Mago de Hielo,3,0,3,,,,,
partida_31,19,TROPA_DESPLEGADA,JUGADOR_2,180,EstrategiaAleatoria,EstrategiaMenorCosto,3,0,Mini P.E.K.K.A|Bárbaros|Valquiria|P.E.K.K.A,Bárbaros|Gigante|Mago|Mosquetera,JUGADOR_2,Valquiria,4,0,31,,,,,
partida_31,22,TROPA_DESPLEGADA,JUGADOR_2,180,EstrategiaAleatoria,EstrategiaMenorCosto,0,1,Mini P.E.K.K.A|Bárbaros|P.E.K.K.A|Caballero,Bárbaros|Gigante|Mago|Mosquetera,JUGADOR_1,Valquiria,4,15,8,,,,,
partida_31,30,TROPA_DESPLEGADA,JUGADOR_2,180,EstrategiaAleatoria,EstrategiaMenorCosto,0,4,Mini P.E.K.K.A|Bárbaros|P.E.K.K.A|Ejército de Esqueletos,Bárbaros|Gigante|Mago|Mosquetera,JUGADOR_1,Caballero,3,17,1,,,,,
partida_31,30,TROPA_DESPLEGADA,JUGADOR_2,180,EstrategiaAleatoria,EstrategiaMenorCosto,0,0,Mini P.E.K.K.A|Bárbaros|P.E.K.K.A|Ejército de Esqueletos,Bárbaros|Gigante|Mago|Caballero,JUGADOR_2,Mosquetera,4,7,18,,,,,
partida_31,39,TROPA_DESPLEGADA,JUGADOR_2,180,EstrategiaAleatoria,EstrategiaMenorCosto,3,0,Mini P.E.K.K.A|Bárbaros|P.E.K.K.A|Ejército de Esqueletos,Bárbaros|Gigante|Mago|Mago de Hielo,JUGADOR_2,Caballero,3,13,22,,,,,
partida_31,40,TROPA_DESPLEGADA,JUGADOR_2,180,EstrategiaAleatoria,EstrategiaMenorCosto,0,0,Mini P.E.K.K.A|Bárbaros|P.E.K.K.A|Príncipe,Bárbaros|Gigante|Mago|Mago de Hielo,JUGADOR_1,Ejército de Esqueletos,3,7,7,,,,,
partida_31,48,TROPA_DESPLEGADA,JUGADOR_2,180,EstrategiaAleatoria,EstrategiaMenorCosto,3,0,Mini P.E.K.K.A|Bárbaros|P.E.K.K.A|Príncipe,Bárbaros|Gigante|Mago|Mini P.E.K.K.A,JUGADOR_2,Mago de Hielo,3,12,17,,,,,
partida_31,51,TROPA_DESPLEGADA,JUGADOR_2,180,EstrategiaAleatoria,EstrategiaMenorCosto,0,1,Bárbaros|P.E.K.K.A|Príncipe|Mago de Hielo,Bárbaros|Gigante|Mago|Mini P.E.K.K.A,JUGADOR_1,Mini P.E.K.K.A,4,5,6,,,,,
partida_31,60,TROPA_DESPLEGADA,JUGADOR_2,180,EstrategiaAleatoria,EstrategiaMenorCosto,3,0,Bárbaros|P.E.K.K.A|Príncipe|Mago de Hielo,Bárbaros|Gigante|Mago|Valquiria,JUGADOR_2,Mini P.E.K.K.A,4,4,12,,,,,
partida_31,64,TROPA_DESPLEGADA,JUGADOR_2,180,EstrategiaAleatoria,EstrategiaMenorCosto,1,1,Bárbaros|P.E.K.K.A|Príncipe|Valquiria,Bárbaros|Gigante|Mago|Valquiria,JUGADOR_1,Mago de Hielo,3,17,0,,,,,
partida_31,72,TROPA_DESPLEGADA,JUGADOR_2,180,EstrategiaAleatoria,EstrategiaMenorCosto,0,4,Bárbaros|P.E.K.K.A|Príncipe|Caballero,Bárbaros|Gigante|Mago|Valquiria,JUGADOR_1,Valquiria,4,13,3,,,,,
partida_31,73,TROPA_DESPLEGADA,JUGADOR_2,180,EstrategiaAleatoria,EstrategiaMenorCosto,0,0,Bárbaros|P.E.K.K.A|Príncipe|Caballero,Bárbaros|Gigante|Mago|Mosquetera,JUGADOR_2,Valquiria,4,17,23,,,,,
partida_31,82,TROPA_DESPLEGADA,JUGADOR_2,180,EstrategiaAleatoria,EstrategiaMenorCosto,0,3,Bárbaros|P.E.K.K.A|Príncipe|Ejército de Esqueletos,Bárbaros|Gigante|Mago|Mosquetera,JUGADOR_1,Caballero,3,2,2,,,,,
partida_31,84,TROPA_DESPLEGADA,JUGADOR_2,180,EstrategiaAleatoria,EstrategiaMenorCosto,1,0,Bárbaros|P.E.K.K.A|Príncipe|Ejército de Esqueletos,Bárbaros|Gigante|Mago|Caballero,JUGADOR_2,Mosquetera,4,11,26,,,,,
partida_31,90,TROPA_DESPLEGADA,JUGADOR_2,180,EstrategiaAleatoria,EstrategiaMenorCosto,0,2,Bárbaros|P.E.K.K.A|Príncipe|Mini P.E.K.K.A,Bárbaros|Gigante|Mago|Caballero,JUGADOR_1,Ejército de Esqueletos,3,14,9,,,,,
partida_31,93,TROPA_DESPLEGADA,JUGADOR_2,180,EstrategiaAleatoria,EstrategiaMenorCosto,1,0,Bárbaros|P.E.K.K.A|Príncipe|Mini P.E.K.K.A,Bárbaros|Gigante|Mago|Mago de Hielo,JUGADOR_2,Caballero,3,16,31,,,,,
partida_31,102,TROPA_DESPLEGADA,JUGADOR_2,180,EstrategiaAleatoria,EstrategiaMenorCosto,0,3,Bárbaros|P.E.K.K.A|Príncipe|Mago de Hielo,Bárbaros|Gigante|Mago|Mago de Hielo,JUGADOR_1,Mini P.E.K.K.A,4,6,4,,,,,
partida_31,102,TROPA_DESPLEGADA,JUGADOR_2,180,EstrategiaAleatoria,EstrategiaMenorCosto,0,0,Bárbaros|P.E.K.K.A|Príncipe|Mago de Hielo,Bárbaros|Gigante|Mago|Mini P.E.K.K.A,JUGADOR_2,Mago de Hielo,3,14,28,,,,,
partida_31,114,TROPA_DESPLEGADA,JUGADOR_2,180,EstrategiaAleatoria,EstrategiaMenorCosto,4,0,Bárbaros|P.E.K.K.A|Príncipe|Mago de Hielo,Bárbaros|Gigante|Mago|Valquiria,JUGADOR_2,Mini P.E.K.K.A,4,16,11,,,,,
partida_31,115,TROPA_DESPLEGADA,JUGADOR_2,180,EstrategiaAleatoria,EstrategiaMenorCosto,1,0,Bárbaros|P.E.K.K.A|Príncipe|Valquiria,Bárbaros|Gigante|Mago|Valquiria,JUGADOR_1,Mago de Hielo,3,3,9,,,,,
partida_31,123,TROPA_DESPLEGADA,JUGADOR_2,180,EstrategiaAleatoria,EstrategiaMenorCosto,0,3,Bárbaros|P.E.K.K.A|Príncipe|Caballero,Bárbaros|Gigante|Mago|Valquiria,JUGADOR_1,Valquiria,4,4,9,,,,,
partida_31,126,TROPA_DESPLEGADA,JUGADOR_2,180,EstrategiaAleatoria,EstrategiaMenorCosto,1,0,Bárbaros|P.E.K.K.A|Príncipe|Caballero,Bárbaros|Gigante|Mago|Mosquetera,JUGADOR_2,Valquiria,4,8,26,,,,,
partida_31,132,TROPA_DESPLEGADA,JUGADOR_2,180,EstrategiaAleatoria,EstrategiaMenorCosto,0,2,Bárbaros|P.E.K.K.A|Príncipe|Ejército de Esqueletos,Bárbaros|Gigante|Mago|Mosquetera,JUGADOR_1,Caballero,3,10,5,,,,,
partida_31,138,TROPA_DESPLEGADA,JUGADOR_2,180,EstrategiaAleatoria,EstrategiaMenorCosto,2,0,Bárbaros|P.E.K.K.A|Príncipe|Ejército de Esqueletos,Bárbaros|Gigante|Mago|Caballero,JUGADOR_2,Mosquetera,4,11,17,,,,,
partida_31,142,TROPA_DESPLEGADA,JUGADOR_2,180,EstrategiaAleatoria,EstrategiaMenorCosto,0,1,Bárbaros|P.E.K.K.A|Príncipe|Mini P.E.K.K.A,Bárbaros|Gigante|Mago|Caballero,JUGADOR_1,Ejército de Esqueletos,3,0,8,,,,,
partida_31,147,TROPA_DESPLEGADA,JUGADOR_2,180,EstrategiaAleatoria,EstrategiaMenorCosto,2,0,Bárbaros|P.E.K.K.A|Príncipe|Mini P.E.K.K.A,Bárbaros|Gigante|Mago|Mago de Hielo,JUGADOR_2,Caballero,3,8,23,,,,,
partida_31,154,TROPA_DESPLEGADA,JUGADOR_2,180,EstrategiaAleatoria,EstrategiaMenorCosto,0,2,Bárbaros|P.E.K.K.A|Príncipe|Mago de Hielo,Bárbaros|Gigante|Mago|Mago de Hielo,JUGADOR_1,Mini P.E.K.K.A,4,16,3,,,,,
partida_31,156,TROPA_DESPLEGADA,JUGADOR_2,180,EstrategiaAleatoria,EstrategiaMenorCosto,1,0,Bárbaros|P.E.K.K.A|Príncipe|Mago de Hielo,Bárbaros|Gigante|Mago|Mini P.E.K.K.A,JUGADOR_2,Mago de Hielo,3,1,31,,,,,
partida_31,162,TROPA_DESPLEGADA,JUGADOR_2,180,EstrategiaAleatoria,EstrategiaMenorCosto,0,2,Bárbaros|P.E.K.K.A|Príncipe|Valquiria,Bárbaros|Gigante|Mago|Mini P.E.K.K.A,JUGADOR_1,Mago de Hielo,3,5,3,,,,,
partida_31,168,TROPA_DESPLEGADA,JUGADOR_2,180,EstrategiaAleatoria,EstrategiaMenorCosto,2,0,Bárbaros|P.E.K.K.A|Príncipe|Valquiria,Bárbaros|Gigante|Mago|Valquiria,JUGADOR_2,Mini P.E.K.K.A,4,10,14,,,,,
partida_31,174,TROPA_DESPLEGADA,JUGADOR_2,180,EstrategiaAleatoria,EstrategiaMenorCosto,0,2,Bárbaros|P.E.K.K.A|Príncipe|Caballero,Bárbaros|Gigante|Mago|Valquiria,JUGADOR_1,Valquiria,4,1,7,,,,,
partida_31,180,TROPA_DESPLEGADA,JUGADOR_2,180,EstrategiaAleatoria,EstrategiaMenorCosto,2,0,Bárbaros|P.E.K.K.A|Príncipe|Caballero,Bárbaros|Gigante|Mago|Mosquetera,JUGADOR_2,Valquiria,4,10,12,,,,,
partida_31,180,PARTIDA_TERMINADA,JUGADOR_2,180,EstrategiaAleatoria,EstrategiaMenorCosto,2,0,Bárbaros|P.E.K.K.A|Príncipe|Caballero,Bárbaros|Gigante|Mago|Mosquetera,,,,,,,,,,
partida_32,1,TROPA_DESPLEGADA,JUGADOR_2,86,EstrategiaDefensiva,EstrategiaAgresiva,5,1,Ejército de Esqueletos|Bárbaros|Valquiria|Arqueras,Arqueras|Valquiria|Mago|Príncipe,JUGADOR_2,Mini P.E.K.K.A,4,0,17,,,,,
partida_32,4,TROPA_DESPLEGADA,JUGADOR_2,86,EstrategiaDefensiva,EstrategiaAgresiva,2,2,Ejército de Esqueletos|Bárbaros|Arqueras|Mago de Hielo,Arqueras|Valquiria|Mago|Príncipe,JUGADOR_1,Valquiria,4,6,2,,,,,
partida_32,7,TROPA_DESPLEGADA,JUGADOR_2,86,EstrategiaDefensiva,EstrategiaAgresiva,3,0,Ejército de Esqueletos|Bárbaros|Arqueras|Mago de Hielo,Valquiria|Mago|Príncipe|Mosquetera,JUGADOR_2,Arqueras,3,0,17,,,,,
partida_32,12,TROPA_DESPLEGADA,JUGADOR_2,86,EstrategiaDefensiva,EstrategiaAgresiva,2,2,Ejército de Esqueletos|Bárbaros|Arqueras|Gigante,Valquiria|Mago|Príncipe|Mosquetera,JUGADOR_1,Mago de Hielo,3,6,2,,,,,
partida_32,18,TROPA_DESPLEGADA,JUGADOR_2,86,EstrategiaDefensiva,EstrategiaAgresiva,4,0,Ejército de Esqueletos|Bárbaros|Arqueras|Gigante,Mago|Príncipe|Mosquetera|Caballero,JUGADOR_2,Valquiria,4,0,10,,,,,
partida_32,22,TROPA_DESPLEGADA,JUGADOR_2,86,EstrategiaDefensiva,EstrategiaAgresiva,0,1,Ejército de Esqueletos|Bárbaros|Arqueras|Mago,Mago|Príncipe|Mosquetera|Caballero,JUGADOR_1,Gigante,5,6,2,,,,,
partida_32,27,TROPA_DESPLEGADA,JUGADOR_2,86,EstrategiaDefensiva,EstrategiaAgresiva,2,0,Ejército de Esqueletos|Bárbaros|Arqueras|Mago,Mago|Príncipe|Mosquetera|P.E.K.K.A,JUGADOR_2,Caballero,3,0,10,,,,,
partida_32,36,TROPA_DESPLEGADA,JUGADOR_2,86,EstrategiaDefensiva,EstrategiaAgresiva,0,3,Ejército de Esqueletos|Bárbaros|Arqueras|P.E.K.K.A,Mago|Príncipe|Mosquetera|P.E.K.K.A,JUGADOR_1,Mago,5,6,2,,,,,
partida_32,40,TROPA_DESPLEGADA,JUGADOR_2,86,EstrategiaDefensiva,EstrategiaAgresiva,1,0,Ejército de Esqueletos|Bárbaros|Arqueras|P.E.K.K.A,Mago|Príncipe|P.E.K.K.A|Mini P.E.K.K.A,JUGADOR_2,Mosquetera,4,0,10,,,,,
partida_32,51,TROPA_DESPLEGADA,JUGADOR_2,86,EstrategiaDefensiva,EstrategiaAgresiva,0,4,Ejército de Esqueletos|Arqueras|P.E.K.K.A|Valquiria,Mago|Príncipe|P.E.K.K.A|Mini P.E.K.K.A,JUGADOR_1,Bárbaros,5,6,2,,,,,
partida_32,52,TROPA_DESPLEGADA,JUGADOR_2,86,EstrategiaDefensiva,EstrategiaAgresiva,0,0,Ejército de Esqueletos|Arqueras|P.E.K.K.A|Valquiria,Mago|Príncipe|P.E.K.K.A|Arqueras,JUGADOR_2,Mini P.E.K.K.A,4,0,11,,,,,
partida_32,60,TROPA_DESPLEGADA,JUGADOR_2,86,EstrategiaDefensiva,EstrategiaAgresiva,3,0,Ejército de Esqueletos|Arqueras|P.E.K.K.A|Valquiria,Mago|Príncipe|P.E.K.K.A|Valquiria,JUGADOR_2,Arqueras,3,0,10,,,,,
partida_32,68,TROPA_DESPLEGADA,JUGADOR_2,86,EstrategiaDefensiva,EstrategiaAgresiva,1,2,Ejército de Esqueletos|Arqueras|P.E.K.K.A|Mago de Hielo,Mago|Príncipe|P.E.K.K.A|Valquiria,JUGADOR_1,Valquiria,4,6,2,,,,,
partida_32,72,TROPA_DESPLEGADA,JUGADOR_2,86,EstrategiaDefensiva,EstrategiaAgresiva,3,0,Ejército de Esqueletos|Arqueras|P.E.K.K.A|Mago de Hielo,Mago|Príncipe|P.E.K.K.A|Caballero,JUGADOR_2,Valquiria,4,0,10,,,,,
partida_32,79,TROPA_DESPLEGADA,JUGADOR_2,86,EstrategiaDefensiva,EstrategiaAgresiva,2,2,Ejército de Esqueletos|Arqueras|P.E.K.K.A|Gigante,Mago|Príncipe|P.E.K.K.A|Caballero,JUGADOR_1,Mago de Hielo,3,6,2,,,,,
partida_32,81,TROPA_DESPLEGADA,JUGADOR_2,86,EstrategiaDefensiva,EstrategiaAgresiva,3,0,Ejército de Esqueletos|Arqueras|P.E.K.K.A|Gigante,Mago|Príncipe|P.E.K.K.A|Mosquetera,JUGADOR_2,Caballero,3,0,10,,,,,
partida_32,86,PARTIDA_TERMINADA,JUGADOR_2,86,EstrategiaDefensiva,EstrategiaAgresiva,4,1,Ejército de Esqueletos|Arqueras|P.E.K.K.A|Gigante,Mago|Príncipe|P.E.K.K.A|Mosquetera,,,,,,,,,,
partida_33,1,TROPA_DESPLEGADA,JUGADOR_1,123,EstrategiaAgresiva,EstrategiaDefensiva,1,5,Gigante|P.E.K.K.A|Ejército de Esqueletos|Mosquetera,Caballero|Mago de Hielo|Mago|Gigante,JUGADOR_1,Mini P.E.K.K.A,4,0,14,,,,,
partida_33,1,TROPA_DESPLEGADA,JUGADOR_1,123,EstrategiaAgresiva,EstrategiaDefensiva,1,0,Gigante|P.E.K.K.A|Ejército de Esqueletos|Mosquetera,Caballero|Mago de Hielo|Mago|Mosquetera,JUGADOR_2,Gigante,5,6,28,,,,,
partida_33,6,TROPA_DESPLEGADA,JUGADOR_1,123,EstrategiaAgresiva,EstrategiaDefensiva,0,2,Gigante|P.E.K.K.A|Mosquetera|Caballero,Caballero|Mago de Hielo|Mago|Mosquetera,JUGADOR_1,Ejército de Esqueletos,3,0,14,,,,,
partida_33,17,TROPA_DESPLEGADA,JUGADOR_1,123,EstrategiaAgresiva,EstrategiaDefensiva,0,5,Gigante|P.E.K.K.A|Mosquetera|Mago,Caballero|Mago de Hielo|Mago|Mosquetera,JUGADOR_1,Caballero,3,0,21,,,,,
partida_33,17,TROPA_DESPLEGADA,JUGADOR_1,123,EstrategiaAgresiva,EstrategiaDefensiva,0,2,Gigante|P.E.K.K.A|Mosquetera|Mago,Mago de Hielo|Mago|Mosquetera|Ejército de Esqueletos,JUGADOR_2,Caballero,3,6,28,,,,,
partida_33,25,TROPA_DESPLEGADA,JUGADOR_1,123,EstrategiaAgresiva,EstrategiaDefensiva,3,2,Gigante|P.E.K.K.A|Mosquetera|Mago,Mago|Mosquetera|Ejército de Esqueletos|P.E.K.K.A,JUGADOR_2,Mago de Hielo,3,6,28,,,,,
partida_33,28,TROPA_DESPLEGADA,JUGADOR_1,123,EstrategiaAgresiva,EstrategiaDefensiva,0,3,Gigante|P.E.K.K.A|Mago|Príncipe,Mago|Mosquetera|Ejército de Esqueletos|P.E.K.K.A,JUGADOR_1,Mosquetera,4,0,21,,,,,
partida_33,33,TROPA_DESPLEGADA,JUGADOR_1,123,EstrategiaAgresiva,EstrategiaDefensiva,2,0,Gigante|P.E.K.K.A|Mago|Príncipe,Mosquetera|Ejército de Esqueletos|P.E.K.K.A|Bárbaros,JUGADOR_2,Mago,5,8,26,,,,,
partida_33,42,TROPA_DESPLEGADA,JUGADOR_1,123,EstrategiaAgresiva,EstrategiaDefensiva,0,3,Gigante|P.E.K.K.A|Mago|Mini P.E.K.K.A,Mosquetera|Ejército de Esqueletos|P.E.K.K.A|Bárbaros,JUGADOR_1,Príncipe,5,0,21,,,,,
partida_33,50,TROPA_DESPLEGADA,JUGADOR_1,123,EstrategiaAgresiva,EstrategiaDefensiva,2,1,Gigante|P.E.K.K.A|Mago|Mini P.E.K.K.A,Ejército de Esqueletos|P.E.K.K.A|Bárbaros|Gigante,JUGADOR_2,Mosquetera,4,6,28,,,,,
partida_33,54,TROPA_DESPLEGADA,JUGADOR_1,123,EstrategiaAgresiva,EstrategiaDefensiva,0,3,Gigante|P.E.K.K.A|Mago|Ejército de Esqueletos,Ejército de Esqueletos|P.E.K.K.A|Bárbaros|Gigante,JUGADOR_1,Mini P.E.K.K.A,4,0,21,,,,,
partida_33,60,TROPA_DESPLEGADA,JUGADOR_1,123,EstrategiaAgresiva,EstrategiaDefensiva,2,0,Gigante|P.E.K.K.A|Mago|Ejército de Esqueletos,Ejército de Esqueletos|P.E.K.K.A|Bárbaros|Caballero,JUGADOR_2,Gigante,5,8,26,,,,,
partida_33,63,TROPA_DESPLEGADA,JUGADOR_1,123,EstrategiaAgresiva,EstrategiaDefensiva,0,1,Gigante|P.E.K.K.A|Mago|Caballero,Ejército de Esqueletos|P.E.K.K.A|Bárbaros|Caballero,JUGADOR_1,Ejército de Esqueletos,3,0,21,,,,,
partida_33,72,TROPA_DESPLEGADA,JUGADOR_1,123,EstrategiaAgresiva,EstrategiaDefensiva,0,4,Gigante|P.E.K.K.A|Mago|Mosquetera,Ejército de Esqueletos|P.E.K.K.A|Bárbaros|Caballero,JUGADOR_1,Caballero,3,0,21,,,,,
partida_33,77,TROPA_DESPLEGADA,JUGADOR_1,123,EstrategiaAgresiva,EstrategiaDefensiva,1,2,Gigante|P.E.K.K.A|Mago|Mosquetera,Ejército de Esqueletos|P.E.K.K.A|Bárbaros|Mago de Hielo,JUGADOR_2,Caballero,3,6,28,,,,,
partida_33,84,TROPA_DESPLEGADA,JUGADOR_1,123,EstrategiaAgresiva,EstrategiaDefensiva,0,5,Gigante|P.E.K.K.A|Mago|Príncipe,Ejército de Esqueletos|P.E.K.K.A|Bárbaros|Mago de Hielo,JUGADOR_1,Mosquetera,4,0,21,,,,,
partida_33,84,TROPA_DESPLEGADA,JUGADOR_1,123,EstrategiaAgresiva,EstrategiaDefensiva,0,2,Gigante|P.E.K.K.A|Mago|Príncipe,Ejército de Esqueletos|P.E.K.K.A|Bárbaros|Mago,JUGADOR_2,Mago de Hielo,3,6,28,,,,,
partida_33,94,TROPA_DESPLEGADA,JUGADOR_1,123,EstrategiaAgresiva,EstrategiaDefensiva,3,0,Gigante|P.E.K.K.A|Mago|Príncipe,Ejército de Esqueletos|P.E.K.K.A|Bárbaros|Mosquetera,JUGADOR_2,Mago,5,6,28,,,,,
partida_33,99,TROPA_DESPLEGADA,JUGADOR_1,123,EstrategiaAgresiva,EstrategiaDefensiva,0,2,Gigante|P.E.K.K.A|Mago|Mini P.E.K.K.A,Ejército de Esqueletos|P.E.K.K.A|Bárbaros|Mosquetera,JUGADOR_1,Príncipe,5,0,21,,,,,
partida_33,110,TROPA_DESPLEGADA,JUGADOR_1,123,EstrategiaAgresiva,EstrategiaDefensiva,3,1,Gigante|P.E.K.K.A|Mago|Mini P.E.K.K.A,Ejército de Esqueletos|P.E.K.K.A|Bárbaros|Gigante,JUGADOR_2,Mosquetera,4,6,28,,,,,
partida_33,112,TROPA_DESPLEGADA,JUGADOR_1,123,EstrategiaAgresiva,EstrategiaDefensiva,0,2,Gigante|P.E.K.K.A|Mago|Ejército de Esqueletos,Ejército de Esqueletos|P.E.K.K.A|Bárbaros|Gigante,JUGADOR_1,Mini P.E.K.K.A,4,0,21,,,,,
partida_33,120,TROPA_DESPLEGADA,JUGADOR_1,123,EstrategiaAgresiva,EstrategiaDefensiva,0,5,Gigante|P.E.K.K.A|Mago|Caballero,Ejército de Esqueletos|P.E.K.K.A|Bárbaros|Gigante,JUGADOR_1,Ejército de Esqueletos,3,0,21,,,,,
partida_33,121,TROPA_DESPLEGADA,JUGADOR_1,123,EstrategiaAgresiva,EstrategiaDefensiva,0,0,Gigante|P.E.K.K.A|Mago|Caballero,Ejército de Esqueletos|P.E.K.K.A|Bárbaros|Caballero,JUGADOR_2,Gigante,5,6,28,,,,,
partida_33,123,PARTIDA_TERMINADA,JUGADOR_1,123,EstrategiaAgresiva,EstrategiaDefensiva,1,1,Gigante|P.E.K.K.A|Mago|Caballero,Ejército de Esqueletos|P.E.K.K.A|Bárbaros|Caballero,,,,,,,,,,
partida_34,1,TROPA_DESPLEGADA,JUGADOR_1,49,EstrategiaAgresiva,EstrategiaDefensiva,0,5,Mago de Hielo|P.E.K.K.A|Arqueras|Valquiria,Mago de Hielo|P.E.K.K.A|Gigante|Arqueras,JUGADOR_1,Mago,5,0,14,,,,,
partida_34,1,TROPA_DESPLEGADA,JUGADOR_1,49,EstrategiaAgresiva,EstrategiaDefensiva,0,0,Mago de Hielo|P.E.K.K.A|Arqueras|Valquiria,Mago de Hielo|P.E.K.K.A|Arqueras|Bárbaros,JUGADOR_2,Gigante,5,6,28,,,,,
partida_34,11,TROPA_DESPLEGADA,JUGADOR_1,49,EstrategiaAgresiva,EstrategiaDefensiva,0,3,P.E.K.K.A|Arqueras|Valquiria|Mini P.E.K.K.A,Mago de Hielo|P.E.K.K.A|Arqueras|Bárbaros,JUGADOR_1,Mago de Hielo,3,0,14,,,,,
partida_34,17,TROPA_DESPLEGADA,JUGADOR_1,49,EstrategiaAgresiva,EstrategiaDefensiva,2,2,P.E.K.K.A|Arqueras|Valquiria|Mini P.E.K.K.A,P.E.K.K.A|Arqueras|Bárbaros|Príncipe,JUGADOR_2,Mago de Hielo,3,6,28,,,,,
partida_34,18,TROPA_DESPLEGADA,JUGADOR_1,49,EstrategiaAgresiva,EstrategiaDefensiva,0,3,P.E.K.K.A|Valquiria|Mini P.E.K.K.A|Príncipe,P.E.K.K.A|Arqueras|Bárbaros|Príncipe,JUGADOR_1,Arqueras,3,0,14,,,,,
partida_34,24,TROPA_DESPLEGADA,JUGADOR_1,49,EstrategiaAgresiva,EstrategiaDefensiva,2,0,P.E.K.K.A|Valquiria|Mini P.E.K.K.A|Príncipe,P.E.K.K.A|Arqueras|Bárbaros|Mosquetera,JUGADOR_2,Príncipe,5,6,28,,,,,
partida_34,30,TROPA_DESPLEGADA,JUGADOR_1,49,EstrategiaAgresiva,EstrategiaDefensiva,0,2,P.E.K.K.A|Valquiria|Príncipe|Mosquetera,P.E.K.K.A|Arqueras|Bárbaros|Mosquetera,JUGADOR_1,Mini P.E.K.K.A,4,0,21,,,,,
partida_34,39,TROPA_DESPLEGADA,JUGADOR_1,49,EstrategiaAgresiva,EstrategiaDefensiva,3,1,P.E.K.K.A|Valquiria|Príncipe|Mosquetera,P.E.K.K.A|Arqueras|Bárbaros|Caballero,JUGADOR_2,Mosquetera,4,6,28,,,,,
partida_34,42,TROPA_DESPLEGADA,JUGADOR_1,49,EstrategiaAgresiva,EstrategiaDefensiva,0,2,P.E.K.K.A|Príncipe|Mosquetera|Mago,P.E.K.K.A|Arqueras|Bárbaros|Caballero,JUGADOR_1,Valquiria,4,0,21,,,,,
partida_34,49,PARTIDA_TERMINADA,JUGADOR_1,49,EstrategiaAgresiva,EstrategiaDefensiva,2,4,P.E.K.K.A|Príncipe|Mosquetera|Mago,P.E.K.K.A|Arqueras|Bárbaros|Caballero,,,,,,,,,,
partida_35,1,TROPA_DESPLEGADA,JUGADOR_1,141,EstrategiaAgresiva,EstrategiaMenorCosto,1,5,Gigante|Príncipe|Bárbaros|P.E.K.K.A,Valquiria|Gigante|Mini P.E.K.K.A|Mago de Hielo,JUGADOR_1,Mini P.E.K.K.A,4,0,14,,,,,
partida_35,1,TROPA_DESPLEGADA,JUGADOR_1,141,EstrategiaAgresiva,EstrategiaMenorCosto,1,2,Gigante|Príncipe|Bárbaros|P.E.K.K.A,Valquiria|Gigante|Mini P.E.K.K.A|Mosquetera,JUGADOR_2,Mago de Hielo,3,5,28,,,,,
partida_35,7,TROPA_DESPLEGADA,JUGADOR_1,141,EstrategiaAgresiva,EstrategiaMenorCosto,3,0,Gigante|Príncipe|Bárbaros|P.E.K.K.A,Gigante|Mini P.E.K.K.A|Mosquetera|Bárbaros,JUGADOR_2,Valquiria,4,0,21,,,,,
partida_35,12,TROPA_DESPLEGADA,JUGADOR_1,141,EstrategiaAgresiva,EstrategiaMenorCosto,0,2,Gigante|Bárbaros|P.E.K.K.A|Mosquetera,Gigante|Mini P.E.K.K.A|Mosquetera|Bárbaros,JUGADOR_1,Príncipe,5,0,14,,,,,
partida_35,18,TROPA_DESPLEGADA,JUGADOR_1,141,EstrategiaAgresiva,EstrategiaMenorCosto,2,0,Gigante|Bárbaros|P.E.K.K.A|Mosquetera,Gigante|Mosquetera|Bárbaros|P.E.K.K.A,JUGADOR_2,Mini P.E.K.K.A,4,17,29,,,,,
partida_35,24,TROPA_DESPLEGADA,JUGADOR_1,141,EstrategiaAgresiva,EstrategiaMenorCosto,0,2,Gigante|Bárbaros|P.E.K.K.A|Caballero,Gigante|Mosquetera|Bárbaros|P.E.K.K.A,JUGADOR_1,Mosquetera,4,0,14,,,,,
partida_35,30,TROPA_DESPLEGADA,JUGADOR_1,141,EstrategiaAgresiva,EstrategiaMenorCosto,2,0,Gigante|Bárbaros|P.E.K.K.A|Caballero,Gigante|Bárbaros|P.E.K.K.A|Príncipe,JUGADOR_2,Mosquetera,4,5,30,,,,,
partida_35,33,TROPA_DESPLEGADA,JUGADOR_1,141,EstrategiaAgresiva,EstrategiaMenorCosto,0,1,Gigante|Bárbaros|P.E.K.K.A|Mago,Gigante|Bárbaros|P.E.K.K.A|Príncipe,JUGADOR_1,Caballero,3,0,14,,,,,
partida_35,45,TROPA_DESPLEGADA,JUGADOR_1,141,EstrategiaAgresiva,EstrategiaMenorCosto,4,0,Gigante|Bárbaros|P.E.K.K.A|Mago,Bárbaros|P.E.K.K.A|Príncipe|Mago de Hielo,JUGADOR_2,Gigante,5,16,20,,,,,
partida_35,48,TROPA_DESPLEGADA,JUGADOR_1,141,EstrategiaAgresiva,EstrategiaMenorCosto,0,1,Gigante|Bárbaros|P.E.K.K.A|Mini P.E.K.K.A,Bárbaros|P.E.K.K.A|Príncipe|Mago de Hielo,JUGADOR_1,Mago,5,0,14,,,,,
partida_35,54,TROPA_DESPLEGADA,JUGADOR_1,141,EstrategiaAgresiva,EstrategiaMenorCosto,2,0,Gigante|Bárbaros|P.E.K.K.A|Mini P.E.K.K.A,Bárbaros|P.E.K.K.A|Príncipe|Valquiria,JUGADOR_2,Mago de Hielo,3,0,21,,,,,
partida_35,61,TROPA_DESPLEGADA,JUGADOR_1,141,EstrategiaAgresiva,EstrategiaMenorCosto,0,2,Gigante|Bárbaros|P.E.K.K.A|Príncipe,Bárbaros|P.E.K.K.A|Príncipe|Valquiria,JUGADOR_1,Mini P.E.K.K.A,4,0,9,,,,,
partida_35,66,TROPA_DESPLEGADA,JUGADOR_1,141,EstrategiaAgresiva,EstrategiaMenorCosto,2,0,Gigante|Bárbaros|P.E.K.K.A|Príncipe,Bárbaros|P.E.K.K.A|Príncipe|Mini P.E.K.K.A,JUGADOR_2,Valquiria,4,2,18,,,,,
partida_35,75,TROPA_DESPLEGADA,JUGADOR_1,141,EstrategiaAgresiva,EstrategiaMenorCosto,0,3,Gigante|Bárbaros|P.E.K.K.A|Mosquetera,Bárbaros|P.E.K.K.A|Príncipe|Mini P.E.K.K.A,JUGADOR_1,Príncipe,5,0,9,,,,,
partida_35,78,TROPA_DESPLEGADA,JUGADOR_1,141,EstrategiaAgresiva,EstrategiaMenorCosto,1,0,Gigante|Bárbaros|P.E.K.K.A|Mosquetera,Bárbaros|P.E.K.K.A|Príncipe|Mosquetera,JUGADOR_2,Mini P.E.K.K.A,4,6,27,,,,,
partida_35,87,TROPA_DESPLEGADA,JUGADOR_1,141,EstrategiaAgresiva,EstrategiaMenorCosto,0,3,Gigante|Bárbaros|P.E.K.K.A|Caballero,Bárbaros|P.E.K.K.A|Príncipe|Mosquetera,JUGADOR_1,Mosquetera,4,0,21,,,,,
partida_35,90,TROPA_DESPLEGADA,JUGADOR_1,141,EstrategiaAgresiva,EstrategiaMenorCosto,1,0,Gigante|Bárbaros|P.E.K.K.A|Caballero,Bárbaros|P.E.K.K.A|Príncipe|Gigante,JUGADOR_2,Mosquetera,4,9,24,,,,,
partida_35,96,TROPA_DESPLEGADA,JUGADOR_1,141,EstrategiaAgresiva,EstrategiaMenorCosto,0,2,Gigante|Bárbaros|P.E.K.K.A|Mago,Bárbaros|P.E.K.K.A|Príncipe|Gigante,JUGADOR_1,Caballero,3,0,21,,,,,
partida_35,105,TROPA_DESPLEGADA,JUGADOR_1,141,EstrategiaAgresiva,EstrategiaMenorCosto,3,0,Gigante|Bárbaros|P.E.K.K.A|Mago,P.E.K.K.A|Príncipe|Gigante|Mago de Hielo,JUGADOR_2,Bárbaros,5,12,24,,,,,
partida_35,114,TROPA_DESPLEGADA,JUGADOR_1,141,EstrategiaAgresiva,EstrategiaMenorCosto,1,3,Gigante|Bárbaros|P.E.K.K.A|Mini P.E.K.K.A,P.E.K.K.A|Príncipe|Gigante|Mago de Hielo,JUGADOR_1,Mago,5,0,21,,,,,
partida_35,114,TROPA_DESPLEGADA,JUGADOR_1,141,EstrategiaAgresiva,EstrategiaMenorCosto,1,0,Gigante|Bárbaros|P.E.K.K.A|Mini P.E.K.K.A,P.E.K.K.A|Príncipe|Gigante|Valquiria,JUGADOR_2,Mago de Hielo,3,13,17,,,,,
partida_35,123,TROPA_DESPLEGADA,JUGADOR_1,141,EstrategiaAgresiva,EstrategiaMenorCosto,0,3,Gigante|Bárbaros|P.E.K.K.A|Príncipe,P.E.K.K.A|Príncipe|Gigante|Valquiria,JUGADOR_1,Mini P.E.K.K.A,4,0,21,,,,,
partida_35,126,TROPA_DESPLEGADA,JUGADOR_1,141,EstrategiaAgresiva,EstrategiaMenorCosto,1,0,Gigante|Bárbaros|P.E.K.K.A|Príncipe,P.E.K.K.A|Príncipe|Gigante|Mini P.E.K.K.A,JUGADOR_2,Valquiria,4,14,22,,,,,
partida_35,138,TROPA_DESPLEGADA,JUGADOR_1,141,EstrategiaAgresiva,EstrategiaMenorCosto,5,0,Gigante|Bárbaros|P.E.K.K.A|Príncipe,P.E.K.K.A|Príncipe|Gigante|Mosquetera,JUGADOR_2,Mini P.E.K.K.A,4,11,13,,,,,
partida_35,139,TROPA_DESPLEGADA,JUGADOR_1,141,EstrategiaAgresiva,EstrategiaMenorCosto,0,0,Gigante|Bárbaros|P.E.K.K.A|Mosquetera,P.E.K.K.A|Príncipe|Gigante|Mosquetera,JUGADOR_1,Príncipe,5,0,21,,,,,
partida_35,141,PARTIDA_TERMINADA,JUGADOR_1,141,EstrategiaAgresiva,EstrategiaMenorCosto,1,1,Gigante|Bárbaros|P.E.K.K.A|Mosquetera,P.E.K.K.A|Príncipe|Gigante|Mosquetera,,,,,,,,,,
partida_36,2,TROPA_DESPLEGADA,JUGADOR_1,125,EstrategiaDefensiva,EstrategiaAleatoria,0,5,Arqueras|P.E.K.K.A|Mago de Hielo|Mini P.E.K.K.A,P.E.K.K.A|Caballero|Gigante|Valquiria,JUGADOR_1,Príncipe,5,6,2,,,,,
partida_36,4,TROPA_DESPLEGADA,JUGADOR_1,125,EstrategiaDefensiva,EstrategiaAleatoria,1,3,Arqueras|P.E.K.K.A|Mago de Hielo|Mini P.E.K.K.A,P.E.K.K.A|Gigante|Valquiria|Arqueras,JUGADOR_2,Caballero,3,10,17,,,,,
partida_36,6,TROPA_DESPLEGADA,JUGADOR_1,125,EstrategiaDefensiva,EstrategiaAleatoria,2,0,Arqueras|P.E.K.K.A|Mago de Hielo|Mini P.E.K.K.A,P.E.K.K.A|Gigante|Arqueras|Príncipe,JUGADOR_2,Valquiria,4,6,24,,,,,
partida_36,16,TROPA_DESPLEGADA,JUGADOR_1,125,EstrategiaDefensiva,EstrategiaAleatoria,1,3,Arqueras|P.E.K.K.A|Mago de Hielo|Valquiria,P.E.K.K.A|Gigante|Arqueras|Príncipe,JUGADOR_1,Mini P.E.K.K.A,4,6,2,,,,,
partida_36,19,TROPA_DESPLEGADA,JUGADOR_1,125,EstrategiaDefensiva,EstrategiaAleatoria,2,1,Arqueras|P.E.K.K.A|Mago de Hielo|Valquiria,P.E.K.K.A|Gigante|Príncipe|Mago,JUGADOR_2,Arqueras,3,13,19,,,,,
partida_36,27,TROPA_DESPLEGADA,JUGADOR_1,125,EstrategiaDefensiva,EstrategiaAleatoria,1,4,Arqueras|P.E.K.K.A|Mago de Hielo|Mago,P.E.K.K.A|Gigante|Príncipe|Mago,JUGADOR_1,Valquiria,4,6,2,,,,,
partida_36,30,TROPA_DESPLEGADA,JUGADOR_1,125,EstrategiaDefensiva,EstrategiaAleatoria,2,0,Arqueras|P.E.K.K.A|Mago de Hielo|Mago,P.E.K.K.A|Príncipe|Mago|Bárbaros,JUGADOR_2,Gigante,5,1,20,,,,,
partida_36,39,TROPA_DESPLEGADA,JUGADOR_1,125,EstrategiaDefensiva,EstrategiaAleatoria,2,3,Arqueras|P.E.K.K.A|Mago|Mosquetera,P.E.K.K.A|Príncipe|Mago|Bárbaros,JUGADOR_1,Mago de Hielo,3,6,2,,,,,
partida_36,46,TROPA_DESPLEGADA,JUGADOR_1,125,EstrategiaDefensiva,EstrategiaAleatoria,4,0,Arqueras|P.E.K.K.A|Mago|Mosquetera,P.E.K.K.A|Príncipe|Bárbaros|Caballero,JUGADOR_2,Mago,5,0,30,,,,,
partida_36,48,TROPA_DESPLEGADA,JUGADOR_1,125,EstrategiaDefensiva,EstrategiaAleatoria,0,1,Arqueras|P.E.K.K.A|Mosquetera|Príncipe,P.E.K.K.A|Príncipe|Bárbaros|Caballero,JUGADOR_1,Mago,5,6,2,,,,,
partida_36,55,TROPA_DESPLEGADA,JUGADOR_1,125,EstrategiaDefensiva,EstrategiaAleatoria,2,0,Arqueras|P.E.K.K.A|Mosquetera|Príncipe,P.E.K.K.A|Príncipe|Bárbaros|Valquiria,JUGADOR_2,Caballero,3,10,25,,,,,
partida_36,63,TROPA_DESPLEGADA,JUGADOR_1,125,EstrategiaDefensiva,EstrategiaAleatoria,0,3,Arqueras|P.E.K.K.A|Mosquetera|Mini P.E.K.K.A,P.E.K.K.A|Príncipe|Bárbaros|Valquiria,JUGADOR_1,Príncipe,5,6,2,,,,,
partida_36,71,TROPA_DESPLEGADA,JUGADOR_1,125,EstrategiaDefensiva,EstrategiaAleatoria,2,0,Arqueras|P.E.K.K.A|Mosquetera|Mini P.E.K.K.A,P.E.K.K.A|Bárbaros|Valquiria|Arqueras,JUGADOR_2,Príncipe,5,13,23,,,,,
partida_36,78,TROPA_DESPLEGADA,JUGADOR_1,125,EstrategiaDefensiva,EstrategiaAleatoria,5,0,Arqueras|P.E.K.K.A|Mosquetera|Mini P.E.K.K.A,P.E.K.K.A|Bárbaros|Valquiria|Gigante,JUGADOR_2,Arqueras,3,13,27,,,,,
partida_36,81,TROPA_DESPLEGADA,JUGADOR_1,125,EstrategiaDefensiva,EstrategiaAleatoria,2,1,Arqueras|P.E.K.K.A|Mosquetera|Valquiria,P.E.K.K.A|Bárbaros|Valquiria|Gigante,JUGADOR_1,Mini P.E.K.K.A,4,6,2,,,,,
partida_36,90,TROPA_DESPLEGADA,JUGADOR_1,125,EstrategiaDefensiva,EstrategiaAleatoria,1,4,Arqueras|P.E.K.K.A|Mosquetera|Mago de Hielo,P.E.K.K.A|Bárbaros|Valquiria|Gigante,JUGADOR_1,Valquiria,4,6,2,,,,,
partida_36,92,TROPA_DESPLEGADA,JUGADOR_1,125,EstrategiaDefensiva,EstrategiaAleatoria,1,0,Arqueras|P.E.K.K.A|Mosquetera|Mago de Hielo,P.E.K.K.A|Bárbaros|Gigante|Mago,JUGADOR_2,Valquiria,4,4,14,,,,,
partida_36,104,TROPA_DESPLEGADA,JUGADOR_1,125,EstrategiaDefensiva,EstrategiaAleatoria,2,4,Arqueras|P.E.K.K.A|Mosquetera|Mago,P.E.K.K.A|Bárbaros|Gigante|Mago,JUGADOR_1,Mago de Hielo,3,6,2,,,,,
partida_36,107,TROPA_DESPLEGADA,JUGADOR_1,125,EstrategiaDefensiva,EstrategiaAleatoria,3,0,Arqueras|P.E.K.K.A|Mosquetera|Mago,P.E.K.K.A|Bárbaros|Mago|Caballero,JUGADOR_2,Gigante,5,4,14,,,,,
partida_36,111,TROPA_DESPLEGADA,JUGADOR_1,125,EstrategiaDefensiva,EstrategiaAleatoria,1,2,Arqueras|P.E.K.K.A|Mago|Príncipe,P.E.K.K.A|Bárbaros|Mago|Caballero,JUGADOR_1,Mosquetera,4,6,2,,,,,
partida_36,114,TROPA_DESPLEGADA,JUGADOR_1,125,EstrategiaDefensiva,EstrategiaAleatoria,2,0,Arqueras|P.E.K.K.A|Mago|Príncipe,P.E.K.K.A|Bárbaros|Mago|Príncipe,JUGADOR_2,Caballero,3,5,30,,,,,
partida_36,123,TROPA_DESPLEGADA,JUGADOR_1,125,EstrategiaDefensiva,EstrategiaAleatoria,0,3,Arqueras|P.E.K.K.A|Mago|Mini P.E.K.K.A,P.E.K.K.A|Bárbaros|Mago|Príncipe,JUGADOR_1,Príncipe,5,6,2,,,,,
partida_36,125,PARTIDA_TERMINADA,JUGADOR_1,125,EstrategiaDefensiva,EstrategiaAleatoria,0,3,Arqueras|P.E.K.K.A|Mago|Mini P.E.K.K.A,P.E.K.K.A|Bárbaros|Mago|Príncipe,,,,,,,,,,
partida_37,1,TROPA_DESPLEGADA,JUGADOR_2,180,EstrategiaMenorCosto,EstrategiaMenorCosto,2,5,Valquiria|Mini P.E.K.K.A|Arqueras|Caballero,Bárbaros|Mosquetera|Mago de Hielo|Príncipe,JUGADOR_1,Ejército de Esqueletos,3,3,8,,,,,
partida_37,1,TROPA_DESPLEGADA,JUGADOR_2,180,EstrategiaMenorCosto,EstrategiaMenorCosto,2,2,Valquiria|Mini P.E.K.K.A|Arqueras|Caballero,Bárbaros|Mosquetera|Príncipe|Mago,JUGADOR_2,Mago de Hielo,3,3,20,,,,,
partida_37,3,TROPA_DESPLEGADA,JUGADOR_2,180,EstrategiaMenorCosto,EstrategiaMenorCosto,0,3,Valquiria|Mini P.E.K.K.A|Caballero|Gigante,Bárbaros|Mosquetera|Príncipe|Mago,JUGADOR_1,Arqueras,3,2,10,,,,,
partida_37,6,TROPA_DESPLEGADA,JUGADOR_2,180,EstrategiaMenorCosto,EstrategiaMenorCosto,1,0,Valquiria|Mini P.E.K.K.A|Caballero|Gigante,Bárbaros|Príncipe|Mago|Caballero,JUGADOR_2,Mosquetera,4,3,28,,,,,
partida_37,12,TROPA_DESPLEGADA,JUGADOR_2,180,EstrategiaMenorCosto,EstrategiaMenorCosto,0,2,Valquiria|Mini P.E.K.K.A|Gigante|Mago,Bárbaros|Príncipe|Mago|Caballero,JUGADOR_1,Caballero,3,10,0,,,,,
partida_37,15,TROPA_DESPLEGADA,JUGADOR_2,180,EstrategiaMenorCosto,EstrategiaMenorCosto,1,0,Valquiria|Mini P.E.K.K.A|Gigante|Mago,Bárbaros|Príncipe|Mago|Arqueras,JUGADOR_2,Caballero,3,6,30,,,,,
partida_37,24,TROPA_DESPLEGADA,JUGADOR_2,180,EstrategiaMenorCosto,EstrategiaMenorCosto,4,0,Valquiria|Mini P.E.K.K.A|Gigante|Mago,Bárbaros|Príncipe|Mago|P.E.K.K.A,JUGADOR_2,Arqueras,3,1,21,,,,,
partida_37,25,TROPA_DESPLEGADA,JUGADOR_2,180,EstrategiaMenorCosto,EstrategiaMenorCosto,0,0,Mini P.E.K.K.A|Gigante|Mago|Bárbaros,Bárbaros|Príncipe|Mago|P.E.K.K.A,JUGADOR_1,Valquiria,4,5,8,,,,,
partida_37,36,TROPA_DESPLEGADA,JUGADOR_2,180,EstrategiaMenorCosto,EstrategiaMenorCosto,0,4,Gigante|Mago|Bárbaros|Ejército de Esqueletos,Bárbaros|Príncipe|Mago|P.E.K.K.A,JUGADOR_1,Mini P.E.K.K.A,4,17,1,,,,,
partida_37,39,TROPA_DESPLEGADA,JUGADOR_2,180,EstrategiaMenorCosto,EstrategiaMenorCosto,1,0,Gigante|Mago|Bárbaros|Ejército de Esqueletos,Príncipe|Mago|P.E.K.K.A|Mago de Hielo,JUGADOR_2,Bárbaros,5,16,21,,,,,
partida_37,45,TROPA_DESPLEGADA,JUGADOR_2,180,EstrategiaMenorCosto,EstrategiaMenorCosto,0,2,Gigante|Mago|Bárbaros|Arqueras,Príncipe|Mago|P.E.K.K.A|Mago de Hielo,JUGADOR_1,Ejército de Esqueletos,3,2,11,,,,,
partida_37,48,TROPA_DESPLEGADA,JUGADOR_2,180,EstrategiaMenorCosto,EstrategiaMenorCosto,1,0,Gigante|Mago|Bárbaros|Arqueras,Príncipe|Mago|P.E.K.K.A|Mosquetera,JUGADOR_2,Mago de Hielo,3,5,27,,,,,
partida_37,54,TROPA_DESPLEGADA,JUGADOR_2,180,EstrategiaMenorCosto,EstrategiaMenorCosto,0,2,Gigante|Mago|Bárbaros|Caballero,Príncipe|Mago|P.E.K.K.A|Mosquetera,JUGADOR_1,Arqueras,3,11,2,,,,,
partida_37,61,TROPA_DESPLEGADA,JUGADOR_2,180,EstrategiaMenorCosto,EstrategiaMenorCosto,2,0,Gigante|Mago|Bárbaros|Caballero,Príncipe|Mago|P.E.K.K.A|Caballero,JUGADOR_2,Mosquetera,4,0,21,,,,,
partida_37,63,TROPA_DESPLEGADA,JUGADOR_2,180,EstrategiaMenorCosto,EstrategiaMenorCosto,0,1,Gigante|Mago|Bárbaros|Valquiria,Príncipe|Mago|P.E.K.K.A|Caballero,JUGADOR_1,Caballero,3,6,3,,,,,
partida_37,70,TROPA_DESPLEGADA,JUGADOR_2,180,EstrategiaMenorCosto,EstrategiaMenorCosto,2,0,Gigante|Mago|Bárbaros|Valquiria,Príncipe|Mago|P.E.K.K.A|Arqueras,JUGADOR_2,Caballero,3,17,30,,,,,
partida_37,75,TROPA_DESPLEGADA,JUGADOR_2,180,EstrategiaMenorCosto,EstrategiaMenorCosto,0,2,Gigante|Mago|Bárbaros|Mini P.E.K.K.A,Príncipe|Mago|P.E.K.K.A|Arqueras,JUGADOR_1,Valquiria,4,3,4,,,,,
partida_37,78,TROPA_DESPLEGADA,JUGADOR_2,180,EstrategiaMenorCosto,EstrategiaMenorCosto,1,0,Gigante|Mago|Bárbaros|Mini P.E.K.K.A,Príncipe|Mago|P.E.K.K.A|Bárbaros,JUGADOR_2,Arqueras,3,11,24,,,,,
partida_37,87,TROPA_DESPLEGADA,JUGADOR_2,180,EstrategiaMenorCosto,EstrategiaMenorCosto,0,3,Gigante|Mago|Bárbaros|Ejército de Esqueletos,Príncipe|Mago|P.E.K.K.A|Bárbaros,JUGADOR_1,Mini P.E.K.K.A,4,10,13,,,,,
partida_37,93,TROPA_DESPLEGADA,JUGADOR_2,180,EstrategiaMenorCosto,EstrategiaMenorCosto,2,0,Gigante|Mago|Bárbaros|Ejército de Esqueletos,Mago|P.E.K.K.A|Bárbaros|Mago de Hielo,JUGADOR_2,Príncipe,5,4,18,,,,,
partida_37,96,TROPA_DESPLEGADA,JUGADOR_2,180,EstrategiaMenorCosto,EstrategiaMenorCosto,0,1,Gigante|Mago|Bárbaros|Arqueras,Mago|P.E.K.K.A|Bárbaros|Mago de Hielo,JUGADOR_1,Ejército de Esqueletos,3,13,2,,,,,
partida_37,102,TROPA_DESPLEGADA,JUGADOR_2,180,EstrategiaMenorCosto,EstrategiaMenorCosto,2,0,Gigante|Mago|Bárbaros|Arqueras,Mago|P.E.K.K.A|Bárbaros|Mosquetera,JUGADOR_2,Mago de Hielo,3,17,26,,,,,
partida_37,105,TROPA_DESPLEGADA,JUGADOR_2,180,EstrategiaMenorCosto,EstrategiaMenorCosto,0,1,Gigante|Mago|Bárbaros|Caballero,Mago|P.E.K.K.A|Bárbaros|Mosquetera,JUGADOR_1,Arqueras,3,13,9,,,,,
partida_37,114,TROPA_DESPLEGADA,JUGADOR_2,180,EstrategiaMenorCosto,EstrategiaMenorCosto,0,4,Gigante|Mago|Bárbaros|Valquiria,Mago|P.E.K.K.A|Bárbaros|Mosquetera,JUGADOR_1,Caballero,3,17,5,,,,,
partida_37,116,TROPA_DESPLEGADA,JUGADOR_2,180,EstrategiaMenorCosto,EstrategiaMenorCosto,0,0,Gigante|Mago|Bárbaros|Valquiria,Mago|P.E.K.K.A|Bárbaros|Caballero,JUGADOR_2,Mosquetera,4,8,25,,,,,
partida_37,123,TROPA_DESPLEGADA,JUGADOR_2,180,EstrategiaMenorCosto,EstrategiaMenorCosto,3,0,Gigante|Mago|Bárbaros|Valquiria,Mago|P.E.K.K.A|Bárbaros|Arqueras,JUGADOR_2,Caballero,3,6,30,,,,,
partida_37,126,TROPA_DESPLEGADA,JUGADOR_2,180,EstrategiaMenorCosto,EstrategiaMenorCosto,0,1,Gigante|Mago|Bárbaros|Mini P.E.K.K.A,Mago|P.E.K.K.A|Bárbaros|Arqueras,JUGADOR_1,Valquiria,4,14,1,,,,,
partida_37,132,TROPA_DESPLEGADA,JUGADOR_2,180,EstrategiaMenorCosto,EstrategiaMenorCosto,2,0,Gigante|Mago|Bárbaros|Mini P.E.K.K.A,Mago|P.E.K.K.A|Bárbaros|Príncipe,JUGADOR_2,Arqueras,3,8,13,,,,,
partida_37,138,TROPA_DESPLEGADA,JUGADOR_2,180,EstrategiaMenorCosto,EstrategiaMenorCosto,0,2,Gigante|Mago|Bárbaros|Ejército de Esqueletos,Mago|P.E.K.K.A|Bárbaros|Príncipe,JUGADOR_1,Mini P.E.K.K.A,4,12,18,,,,,
partida_37,147,TROPA_DESPLEGADA,JUGADOR_2,180,EstrategiaMenorCosto,EstrategiaMenorCosto,0,5,Gigante|Mago|Bárbaros|Arqueras,Mago|P.E.K.K.A|Bárbaros|Príncipe,JUGADOR_1,Ejército de Esqueletos,3,16,14,,,,,
partida_37,147,TROPA_DESPLEGADA,JUGADOR_2,180,EstrategiaMenorCosto,EstrategiaMenorCosto,0,0,Gigante|Mago|Bárbaros|Arqueras,P.E.K.K.A|Bárbaros|Príncipe|Mago de Hielo,JUGADOR_2,Mago,5,4,29,,,,,
partida_37,156,TROPA_DESPLEGADA,JUGADOR_2,180,EstrategiaMenorCosto,EstrategiaMenorCosto,0,3,Gigante|Mago|Bárbaros|Caballero,P.E.K.K.A|Bárbaros|Príncipe|Mago de Hielo,JUGADOR_1,Arqueras,3,6,0,,,,,
partida_37,156,TROPA_DESPLEGADA,JUGADOR_2,180,EstrategiaMenorCosto,EstrategiaMenorCosto,0,0,Gigante|Mago|Bárbaros|Caballero,P.E.K.K.A|Bárbaros|Príncipe|Mosquetera,JUGADOR_2,Mago de Hielo,3,1,25,,,,,
partida_37,165,TROPA_DESPLEGADA,JUGADOR_2,180,EstrategiaMenorCosto,EstrategiaMenorCosto,0,3,Gigante|Mago|Bárbaros|Valquiria,P.E.K.K.A|Bárbaros|Príncipe|Mosquetera,JUGADOR_1,Caballero,3,11,5,,,,,
partida_37,168,TROPA_DESPLEGADA,JUGADOR_2,180,EstrategiaMenorCosto,EstrategiaMenorCosto,1,0,Gigante|Mago|Bárbaros|Valquiria,P.E.K.K.A|Bárbaros|Príncipe|Caballero,JUGADOR_2,Mosquetera,4,14,12,,,,,
partida_37,177,TROPA_DESPLEGADA,JUGADOR_2,180,EstrategiaMenorCosto,EstrategiaMenorCosto,0,3,Gigante|Mago|Bárbaros|Mini P.E.K.K.A,P.E.K.K.A|Bárbaros|Príncipe|Caballero,JUGADOR_1,Valquiria,4,13,19,,,,,
partida_37,177,TROPA_DESPLEGADA,JUGADOR_2,180,EstrategiaMenorCosto,EstrategiaMenorCosto,0,0,Gigante|Mago|Bárbaros|Mini P.E.K.K.A,P.E.K.K.A|Bárbaros|Príncipe|Arqueras,JUGADOR_2,Caballero,3,12,14,,,,,
partida_37,180,PARTIDA_TERMINADA,JUGADOR_2,180,EstrategiaMenorCosto,EstrategiaMenorCosto,1,1,Gigante|Mago|Bárbaros|Mini P.E.K.K.A,P.E.K.K.A|Bárbaros|Príncipe|Arqueras,,,,,,,,,,
partida_38,1,TROPA_DESPLEGADA,JUGADOR_2,158,EstrategiaDefensiva,EstrategiaMenorCosto,5,2,Gigante|Valquiria|P.E.K.K.A|Mini P.E.K.K.A,Mosquetera|Gigante|Mini P.E.K.K.A|Mago de Hielo,JUGADOR_2,Caballero,3,8,26,,,,,
partida_38,2,TROPA_DESPLEGADA,JUGADOR_2,158,EstrategiaDefensiva,EstrategiaMenorCosto,0,2,Valquiria|P.E.K.K.A|Mini P.E.K.K.A|Mago de Hielo,Mosquetera|Gigante|Mini P.E.K.K.A|Mago de Hielo,JUGADOR_1,Gigante,5,6,2,,,,,
partida_38,3,TROPA_DESPLEGADA,JUGADOR_2,158,EstrategiaDefensiva,EstrategiaMenorCosto,1,0,Valquiria|P.E.K.K.A|Mini P.E.K.K.A|Mago de Hielo,Mosquetera|Gigante|Mini P.E.K.K.A|Ejército de Esqueletos,JUGADOR_2,Mago de Hielo,3,5,27,,,,,
partida_38,12,TROPA_DESPLEGADA,JUGADOR_2,158,EstrategiaDefensiva,EstrategiaMenorCosto,4,0,Valquiria|P.E.K.K.A|Mini P.E.K.K.A|Mago de Hielo,Mosquetera|Gigante|Mini P.E.K.K.A|Valquiria,JUGADOR_2,Ejército de Esqueletos,3,1,30,,,,,
partida_38,15,TROPA_DESPLEGADA,JUGADOR_2,158,EstrategiaDefensiva,EstrategiaMenorCosto,1,1,P.E.K.K.A|Mini P.E.K.K.A|Mago de Hielo|Caballero,Mosquetera|Gigante|Mini P.E.K.K.A|Valquiria,JUGADOR_1,Valquiria,4,6,2,,,,,
partida_38,24,TROPA_DESPLEGADA,JUGADOR_2,158,EstrategiaDefensiva,EstrategiaMenorCosto,4,0,P.E.K.K.A|Mini P.E.K.K.A|Mago de Hielo|Caballero,Gigante|Mini P.E.K.K.A|Valquiria|Príncipe,JUGADOR_2,Mosquetera,4,3,29,,,,,
partida_38,27,TROPA_DESPLEGADA,JUGADOR_2,158,EstrategiaDefensiva,EstrategiaMenorCosto,2,1,P.E.K.K.A|Mini P.E.K.K.A|Mago de Hielo|Mago,Gigante|Mini P.E.K.K.A|Valquiria|Príncipe,JUGADOR_1,Caballero,3,6,2,,,,,
partida_38,36,TROPA_DESPLEGADA,JUGADOR_2,158,EstrategiaDefensiva,EstrategiaMenorCosto,1,4,P.E.K.K.A|Mago de Hielo|Mago|Arqueras,Gigante|Mini P.E.K.K.A|Valquiria|Príncipe,JUGADOR_1,Mini P.E.K.K.A,4,6,2,,,,,
partida_38,36,TROPA_DESPLEGADA,JUGADOR_2,158,EstrategiaDefensiva,EstrategiaMenorCosto,1,0,P.E.K.K.A|Mago de Hielo|Mago|Arqueras,Gigante|Valquiria|Príncipe|Caballero,JUGADOR_2,Mini P.E.K.K.A,4,10,19,,,,,
partida_38,45,TROPA_DESPLEGADA,JUGADOR_2,158,EstrategiaDefensiva,EstrategiaMenorCosto,4,0,P.E.K.K.A|Mago de Hielo|Mago|Arqueras,Gigante|Valquiria|Príncipe|Mago de Hielo,JUGADOR_2,Caballero,3,11,29,,,,,
partida_38,49,TROPA_DESPLEGADA,JUGADOR_2,158,EstrategiaDefensiva,EstrategiaMenorCosto,2,1,P.E.K.K.A|Mago|Arqueras|Gigante,Gigante|Valquiria|Príncipe|Mago de Hielo,JUGADOR_1,Mago de Hielo,3,6,2,,,,,
partida_38,56,TROPA_DESPLEGADA,JUGADOR_2,158,EstrategiaDefensiva,EstrategiaMenorCosto,4,0,P.E.K.K.A|Mago|Arqueras|Gigante,Gigante|Valquiria|Príncipe|Ejército de Esqueletos,JUGADOR_2,Mago de Hielo,3,4,28,,,,,
partida_38,58,TROPA_DESPLEGADA,JUGADOR_2,158,EstrategiaDefensiva,EstrategiaMenorCosto,0,1,P.E.K.K.A|Mago|Arqueras|Valquiria,Gigante|Valquiria|Príncipe|Ejército de Esqueletos,JUGADOR_1,Gigante,5,6,2,,,,,
partida_38,63,TROPA_DESPLEGADA,JUGADOR_2,158,EstrategiaDefensiva,EstrategiaMenorCosto,2,0,P.E.K.K.A|Mago|Arqueras|Valquiria,Gigante|Valquiria|Príncipe|Mosquetera,JUGADOR_2,Ejército de Esqueletos,3,6,30,,,,,
partida_38,73,TROPA_DESPLEGADA,JUGADOR_2,158,EstrategiaDefensiva,EstrategiaMenorCosto,1,3,P.E.K.K.A|Mago|Arqueras|Caballero,Gigante|Valquiria|Príncipe|Mosquetera,JUGADOR_1,Valquiria,4,6,2,,,,,
partida_38,75,TROPA_DESPLEGADA,JUGADOR_2,158,EstrategiaDefensiva,EstrategiaMenorCosto,2,0,P.E.K.K.A|Mago|Arqueras|Caballero,Gigante|Príncipe|Mosquetera|Mini P.E.K.K.A,JUGADOR_2,Valquiria,4,5,30,,,,,
partida_38,86,TROPA_DESPLEGADA,JUGADOR_2,158,EstrategiaDefensiva,EstrategiaMenorCosto,2,3,P.E.K.K.A|Mago|Arqueras|Mini P.E.K.K.A,Gigante|Príncipe|Mosquetera|Mini P.E.K.K.A,JUGADOR_1,Caballero,3,6,2,,,,,
partida_38,88,TROPA_DESPLEGADA,JUGADOR_2,158,EstrategiaDefensiva,EstrategiaMenorCosto,3,0,P.E.K.K.A|Mago|Arqueras|Mini P.E.K.K.A,Gigante|Príncipe|Mini P.E.K.K.A|Caballero,JUGADOR_2,Mosquetera,4,12,20,,,,,
partida_38,94,TROPA_DESPLEGADA,JUGADOR_2,158,EstrategiaDefensiva,EstrategiaMenorCosto,1,2,P.E.K.K.A|Mago|Arqueras|Mago de Hielo,Gigante|Príncipe|Mini P.E.K.K.A|Caballero,JUGADOR_1,Mini P.E.K.K.A,4,6,2,,,,,
partida_38,96,TROPA_DESPLEGADA,JUGADOR_2,158,EstrategiaDefensiva,EstrategiaMenorCosto,2,0,P.E.K.K.A|Mago|Arqueras|Mago de Hielo,Gigante|Príncipe|Mini P.E.K.K.A|Mago de Hielo,JUGADOR_2,Caballero,3,5,26,,,,,
partida_38,105,TROPA_DESPLEGADA,JUGADOR_2,158,EstrategiaDefensiva,EstrategiaMenorCosto,5,0,P.E.K.K.A|Mago|Arqueras|Mago de Hielo,Gigante|Príncipe|Mini P.E.K.K.A|Ejército de Esqueletos,JUGADOR_2,Mago de Hielo,3,7,24,,,,,
partida_38,106,TROPA_DESPLEGADA,JUGADOR_2,158,EstrategiaDefensiva,EstrategiaMenorCosto,2,0,P.E.K.K.A|Mago|Arqueras|Gigante,Gigante|Príncipe|Mini P.E.K.K.A|Ejército de Esqueletos,JUGADOR_1,Mago de Hielo,3,6,2,,,,,
partida_38,114,TROPA_DESPLEGADA,JUGADOR_2,158,EstrategiaDefensiva,EstrategiaMenorCosto,5,0,P.E.K.K.A|Mago|Arqueras|Gigante,Gigante|Príncipe|Mini P.E.K.K.A|Valquiria,JUGADOR_2,Ejército de Esqueletos,3,11,18,,,,,
partida_38,116,TROPA_DESPLEGADA,JUGADOR_2,158,EstrategiaDefensiva,EstrategiaMenorCosto,0,0,P.E.K.K.A|Mago|Arqueras|Valquiria,Gigante|Príncipe|Mini P.E.K.K.A|Valquiria,JUGADOR_1,Gigante,5,6,2,,,,,
partida_38,126,TROPA_DESPLEGADA,JUGADOR_2,158,EstrategiaDefensiva,EstrategiaMenorCosto,4,0,P.E.K.K.A|Mago|Arqueras|Valquiria,Gigante|Príncipe|Valquiria|Mosquetera,JUGADOR_2,Mini P.E.K.K.A,4,13,22,,,,,
partida_38,131,TROPA_DESPLEGADA,JUGADOR_2,158,EstrategiaDefensiva,EstrategiaMenorCosto,1,1,P.E.K.K.A|Mago|Arqueras|Caballero,Gigante|Príncipe|Valquiria|Mosquetera,JUGADOR_1,Valquiria,4,6,2,,,,,
partida_38,138,TROPA_DESPLEGADA,JUGADOR_2,158,EstrategiaDefensiva,EstrategiaMenorCosto,4,0,P.E.K.K.A|Mago|Arqueras|Caballero,Gigante|Príncipe|Mosquetera|Caballero,JUGADOR_2,Valquiria,4,13,22,,,,,
partida_38,141,TROPA_DESPLEGADA,JUGADOR_2,158,EstrategiaDefensiva,EstrategiaMenorCosto,2,1,P.E.K.K.A|Mago|Arqueras|Mini P.E.K.K.A,Gigante|Príncipe|Mosquetera|Caballero,JUGADOR_1,Caballero,3,6,2,,,,,
partida_38,147,TROPA_DESPLEGADA,JUGADOR_2,158,EstrategiaDefensiva,EstrategiaMenorCosto,4,0,P.E.K.K.A|Mago|Arqueras|Mini P.E.K.K.A,Gigante|Príncipe|Mosquetera|Mago de Hielo,JUGADOR_2,Caballero,3,10,12,,,,,
partida_38,151,TROPA_DESPLEGADA,JUGADOR_2,158,EstrategiaDefensiva,EstrategiaMenorCosto,1,1,P.E.K.K.A|Mago|Arqueras|Mago de Hielo,Gigante|Príncipe|Mosquetera|Mago de Hielo,JUGADOR_1,Mini P.E.K.K.A,4,6,2,,,,,
partida_38,156,TROPA_DESPLEGADA,JUGADOR_2,158,EstrategiaDefensiva,EstrategiaMenorCosto,3,0,P.E.K.K.A|Mago|Arqueras|Mago de Hielo,Gigante|Príncipe|Mosquetera|Ejército de Esqueletos,JUGADOR_2,Mago de Hielo,3,4,30,,,,,
partida_38,158,PARTIDA_TERMINADA,JUGADOR_2,158,EstrategiaDefensiva,EstrategiaMenorCosto,3,0,P.E.K.K.A|Mago|Arqueras|Mago de Hielo,Gigante|Príncipe|Mosquetera|Ejército de Esqueletos,,,,,,,,,,
partida_39,1,TROPA_DESPLEGADA,JUGADOR_1,180,EstrategiaDefensiva,EstrategiaAleatoria,0,5,Mago|Mini P.E.K.K.A|Mago de Hielo|Arqueras,Valquiria|Ejército de Esqueletos|Mago|Príncipe,JUGADOR_1,Gigante,5,6,2,,,,,
partida_39,1,TROPA_DESPLEGADA,JUGADOR_1,180,EstrategiaDefensiva,EstrategiaAleatoria,0,0,Mago|Mini P.E.K.K.A|Mago de Hielo|Arqueras,Valquiria|Ejército de Esqueletos|Príncipe|Arqueras,JUGADOR_2,Mago,5,16,22,,,,,
partida_39,9,TROPA_DESPLEGADA,JUGADOR_1,180,EstrategiaDefensiva,EstrategiaAleatoria,3,0,Mago|Mini P.E.K.K.A|Mago de Hielo|Arqueras,Valquiria|Ejército de Esqueletos|Príncipe|Gigante,JUGADOR_2,Arqueras,3,1,25,,,,,
partida_39,15,TROPA_DESPLEGADA,JUGADOR_1,180,EstrategiaDefensiva,EstrategiaAleatoria,1,2,Mago|Mago de Hielo|Arqueras|Ejército de Esqueletos,Valquiria|Ejército de Esqueletos|Príncipe|Gigante,JUGADOR_1,Mini P.E.K.K.A,4,6,2,,,,,
partida_39,21,TROPA_DESPLEGADA,JUGADOR_1,180,EstrategiaDefensiva,EstrategiaAleatoria,3,0,Mago|Mago de Hielo|Arqueras|Ejército de Esqueletos,Ejército de Esqueletos|Príncipe|Gigante|Caballero,JUGADOR_2,Valquiria,4,7,25,,,,,
partida_39,28,TROPA_DESPLEGADA,JUGADOR_1,180,EstrategiaDefensiva,EstrategiaAleatoria,2,2,Mago|Arqueras|Ejército de Esqueletos|Bárbaros,Ejército de Esqueletos|Príncipe|Gigante|Caballero,JUGADOR_1,Mago de Hielo,3,6,2,,,,,
partida_39,30,TROPA_DESPLEGADA,JUGADOR_1,180,EstrategiaDefensiva,EstrategiaAleatoria,3,0,Mago|Arqueras|Ejército de Esqueletos|Bárbaros,Ejército de Esqueletos|Príncipe|Gigante|Mago de Hielo,JUGADOR_2,Caballero,3,11,29,,,,,
partida_39,36,TROPA_DESPLEGADA,JUGADOR_1,180,EstrategiaDefensiva,EstrategiaAleatoria,0,2,Arqueras|Ejército de Esqueletos|Bárbaros|Príncipe,Ejército de Esqueletos|Príncipe|Gigante|Mago de Hielo,JUGADOR_1,Mago,5,6,2,,,,,
partida_39,40,TROPA_DESPLEGADA,JUGADOR_1,180,EstrategiaDefensiva,EstrategiaAleatoria,1,0,Arqueras|Ejército de Esqueletos|Bárbaros|Príncipe,Príncipe|Gigante|Mago de Hielo|Mago,JUGADOR_2,Ejército de Esqueletos,3,16,18,,,,,
partida_39,48,TROPA_DESPLEGADA,JUGADOR_1,180,EstrategiaDefensiva,EstrategiaAleatoria,4,0,Arqueras|Ejército de Esqueletos|Bárbaros|Príncipe,Príncipe|Gigante|Mago|Arqueras,JUGADOR_2,Mago de Hielo,3,16,31,,,,,
partida_39,53,TROPA_DESPLEGADA,JUGADOR_1,180,EstrategiaDefensiva,EstrategiaAleatoria,0,1,Arqueras|Ejército de Esqueletos|Bárbaros|Gigante,Príncipe|Gigante|Mago|Arqueras,JUGADOR_1,Príncipe,5,6,2,,,,,
partida_39,61,TROPA_DESPLEGADA,JUGADOR_1,180,EstrategiaDefensiva,EstrategiaAleatoria,3,1,Arqueras|Ejército de Esqueletos|Bárbaros|Gigante,Príncipe|Gigante|Mago|Valquiria,JUGADOR_2,Arqueras,3,9,18,,,,,
partida_39,71,TROPA_DESPLEGADA,JUGADOR_1,180,EstrategiaDefensiva,EstrategiaAleatoria,6,0,Arqueras|Ejército de Esqueletos|Bárbaros|Gigante,Príncipe|Gigante|Mago|Caballero,JUGADOR_2,Valquiria,4,15,31,,,,,
partida_39,73,TROPA_DESPLEGADA,JUGADOR_1,180,EstrategiaDefensiva,EstrategiaAleatoria,2,1,Arqueras|Ejército de Esqueletos|Bárbaros|Mini P.E.K.K.A,Príncipe|Gigante|Mago|Caballero,JUGADOR_1,Gigante,5,6,2,,,,,
partida_39,81,TROPA_DESPLEGADA,JUGADOR_1,180,EstrategiaDefensiva,EstrategiaAleatoria,1,4,Arqueras|Ejército de Esqueletos|Bárbaros|Mago de Hielo,Príncipe|Gigante|Mago|Caballero,JUGADOR_1,Mini P.E.K.K.A,4,6,2,,,,,
partida_39,81,TROPA_DESPLEGADA,JUGADOR_1,180,EstrategiaDefensiva,EstrategiaAleatoria,1,1,Arqueras|Ejército de Esqueletos|Bárbaros|Mago de Hielo,Príncipe|Gigante|Mago|Ejército de Esqueletos,JUGADOR_2,Caballero,3,17,30,,,,,
partida_39,89,TROPA_DESPLEGADA,JUGADOR_1,180,EstrategiaDefensiva,EstrategiaAleatoria,3,0,Arqueras|Ejército de Esqueletos|Bárbaros|Mago de Hielo,Príncipe|Gigante|Mago|Mago de Hielo,JUGADOR_2,Ejército de Esqueletos,3,17,31,,,,,
partida_39,94,TROPA_DESPLEGADA,JUGADOR_1,180,EstrategiaDefensiva,EstrategiaAleatoria,2,2,Arqueras|Ejército de Esqueletos|Bárbaros|Mago,Príncipe|Gigante|Mago|Mago de Hielo,JUGADOR_1,Mago de Hielo,3,6,2,,,,,
partida_39,97,TROPA_DESPLEGADA,JUGADOR_1,180,EstrategiaDefensiva,EstrategiaAleatoria,3,0,Arqueras|Ejército de Esqueletos|Bárbaros|Mago,Príncipe|Gigante|Mago|Arqueras,JUGADOR_2,Mago de Hielo,3,0,22,,,,,
partida_39,104,TROPA_DESPLEGADA,JUGADOR_1,180,EstrategiaDefensiva,EstrategiaAleatoria,0,2,Arqueras|Ejército de Esqueletos|Bárbaros|Príncipe,Príncipe|Gigante|Mago|Arqueras,JUGADOR_1,Mago,5,6,2,,,,,
partida_39,106,TROPA_DESPLEGADA,JUGADOR_1,180,EstrategiaDefensiva,EstrategiaAleatoria,1,0,Arqueras|Ejército de Esqueletos|Bárbaros|Príncipe,Príncipe|Gigante|Mago|Valquiria,JUGADOR_2,Arqueras,3,16,18,,,,,
partida_39,117,TROPA_DESPLEGADA,JUGADOR_1,180,EstrategiaDefensiva,EstrategiaAleatoria,5,0,Arqueras|Ejército de Esqueletos|Bárbaros|Príncipe,Príncipe|Gigante|Mago|Caballero,JUGADOR_2,Valquiria,4,7,23,,,,,
partida_39,118,TROPA_DESPLEGADA,JUGADOR_1,180,EstrategiaDefensiva,EstrategiaAleatoria,0,0,Arqueras|Ejército de Esqueletos|Bárbaros|Gigante,Príncipe|Gigante|Mago|Caballero,JUGADOR_1,Príncipe,5,6,2,,,,,
partida_39,126,TROPA_DESPLEGADA,JUGADOR_1,180,EstrategiaDefensiva,EstrategiaAleatoria,3,0,Arqueras|Ejército de Esqueletos|Bárbaros|Gigante,Príncipe|Gigante|Mago|Ejército de Esqueletos,JUGADOR_2,Caballero,3,10,20,,,,,
partida_39,132,TROPA_DESPLEGADA,JUGADOR_1,180,EstrategiaDefensiva,EstrategiaAleatoria,0,2,Arqueras|Ejército de Esqueletos|Bárbaros|Mini P.E.K.K.A,Príncipe|Gigante|Mago|Ejército de Esqueletos,JUGADOR_1,Gigante,5,6,2,,,,,
partida_39,136,TROPA_DESPLEGADA,JUGADOR_1,180,EstrategiaDefensiva,EstrategiaAleatoria,1,0,Arqueras|Ejército de Esqueletos|Bárbaros|Mini P.E.K.K.A,Príncipe|Gigante|Mago|Mago de Hielo,JUGADOR_2,Ejército de Esqueletos,3,5,29,,,,,
partida_39,146,TROPA_DESPLEGADA,JUGADOR_1,180,EstrategiaDefensiva,EstrategiaAleatoria,4,0,Arqueras|Ejército de Esqueletos|Bárbaros|Mini P.E.K.K.A,Príncipe|Gigante|Mago|Arqueras,JUGADOR_2,Mago de Hielo,3,8,25,,,,,
partida_39,148,TROPA_DESPLEGADA,JUGADOR_1,180,EstrategiaDefensiva,EstrategiaAleatoria,1,1,Arqueras|Ejército de Esqueletos|Bárbaros|Mago de Hielo,Príncipe|Gigante|Mago|Arqueras,JUGADOR_1,Mini P.E.K.K.A,4,6,2,,,,,
partida_39,153,TROPA_DESPLEGADA,JUGADOR_1,180,EstrategiaDefensiva,EstrategiaAleatoria,3,0,Arqueras|Ejército de Esqueletos|Bárbaros|Mago de Hielo,Príncipe|Gigante|Mago|Valquiria,JUGADOR_2,Arqueras,3,7,24,,,,,
partida_39,159,TROPA_DESPLEGADA,JUGADOR_1,180,EstrategiaDefensiva,EstrategiaAleatoria,2,2,Arqueras|Ejército de Esqueletos|Bárbaros|Mago,Príncipe|Gigante|Mago|Valquiria,JUGADOR_1,Mago de Hielo,3,6,2,,,,,
partida_39,169,TROPA_DESPLEGADA,JUGADOR_1,180,EstrategiaDefensiva,EstrategiaAleatoria,5,0,Arqueras|Ejército de Esqueletos|Bárbaros|Mago,Gigante|Mago|Valquiria|Caballero,JUGADOR_2,Príncipe,5,0,28,,,,,
partida_39,170,TROPA_DESPLEGADA,JUGADOR_1,180,EstrategiaDefensiva,EstrategiaAleatoria,0,0,Arqueras|Ejército de Esqueletos|Bárbaros|Príncipe,Gigante|Mago|Valquiria|Caballero,JUGADOR_1,Mago,5,6,2,,,,,
partida_39,177,TROPA_DESPLEGADA,JUGADOR_1,180,EstrategiaDefensiva,EstrategiaAleatoria,3,0,Arqueras|Ejército de Esqueletos|Bárbaros|Príncipe,Gigante|Mago|Valquiria|Ejército de Esqueletos,JUGADOR_2,Caballero,3,7,23,,,,,
partida_39,180,PARTIDA_TERMINADA,JUGADOR_1,180,EstrategiaDefensiva,EstrategiaAleatoria,4,1,Arqueras|Ejército de Esqueletos|Bárbaros|Príncipe,Gigante|Mago|Valquiria|Ejército de Esqueletos,,,,,,,,,,
partida_40,1,TROPA_DESPLEGADA,JUGADOR_1,43,EstrategiaAgresiva,EstrategiaAleatoria,1,5,Mago de Hielo|Bárbaros|Ejército de Esqueletos|Príncipe,Valquiria|Mago de Hielo|Mosquetera|Caballero,JUGADOR_1,Mini P.E.K.K.A,4,0,14,,,,,
partida_40,1,TROPA_DESPLEGADA,JUGADOR_1,43,EstrategiaAgresiva,EstrategiaAleatoria,1,1,Mago de Hielo|Bárbaros|Ejército de Esqueletos|Príncipe,Mago de Hielo|Mosquetera|Caballero|P.E.K.K.A,JUGADOR_2,Valquiria,4,9,19,,,,,
partida_40,6,TROPA_DESPLEGADA,JUGADOR_1,43,EstrategiaAgresiva,EstrategiaAleatoria,0,3,Bárbaros|Ejército de Esqueletos|Príncipe|Caballero,Mago de Hielo|Mosquetera|Caballero|P.E.K.K.A,JUGADOR_1,Mago de Hielo,3,0,14,,,,,
partida_40,8,TROPA_DESPLEGADA,JUGADOR_1,43,EstrategiaAgresiva,EstrategiaAleatoria,0,0,Bárbaros|Ejército de Esqueletos|Príncipe|Caballero,Mago de Hielo|Mosquetera|P.E.K.K.A|Príncipe,JUGADOR_2,Caballero,3,12,27,,,,,
partida_40,15,TROPA_DESPLEGADA,JUGADOR_1,43,EstrategiaAgresiva,EstrategiaAleatoria,0,3,Bárbaros|Ejército de Esqueletos|Príncipe|Mosquetera,Mago de Hielo|Mosquetera|P.E.K.K.A|Príncipe,JUGADOR_1,Caballero,3,0,14,,,,,
partida_40,19,TROPA_DESPLEGADA,JUGADOR_1,43,EstrategiaAgresiva,EstrategiaAleatoria,1,1,Bárbaros|Ejército de Esqueletos|Príncipe|Mosquetera,Mosquetera|P.E.K.K.A|Príncipe|Arqueras,JUGADOR_2,Mago de Hielo,3,7,19,,,,,
partida_40,24,TROPA_DESPLEGADA,JUGADOR_1,43,EstrategiaAgresiva,EstrategiaAleatoria,0,3,Bárbaros|Príncipe|Mosquetera|Gigante,Mosquetera|P.E.K.K.A|Príncipe|Arqueras,JUGADOR_1,Ejército de Esqueletos,3,0,21,,,,,
partida_40,25,TROPA_DESPLEGADA,JUGADOR_1,43,EstrategiaAgresiva,EstrategiaAleatoria,0,0,Bárbaros|Príncipe|Mosquetera|Gigante,Mosquetera|P.E.K.K.A|Príncipe|Mago,JUGADOR_2,Arqueras,3,4,28,,,,,
partida_40,36,TROPA_DESPLEGADA,JUGADOR_1,43,EstrategiaAgresiva,EstrategiaAleatoria,0,4,Bárbaros|Príncipe|Gigante|Mini P.E.K.K.A,Mosquetera|P.E.K.K.A|Príncipe|Mago,JUGADOR_1,Mosquetera,4,0,21,,,,,
partida_40,38,TROPA_DESPLEGADA,JUGADOR_1,43,EstrategiaAgresiva,EstrategiaAleatoria,0,0,Bárbaros|Príncipe|Gigante|Mini P.E.K.K.A,P.E.K.K.A|Príncipe|Mago|Valquiria,JUGADOR_2,Mosquetera,4,0,22,,,,,
partida_40,43,PARTIDA_TERMINADA,JUGADOR_1,43,EstrategiaAgresiva,EstrategiaAleatoria,2,2,Bárbaros|Príncipe|Gigante|Mini P.E.K.K.A,P.E.K.K.A|Príncipe|Mago|Valquiria,,,,,,,,,,
partida_41,1,TROPA_DESPLEGADA,JUGADOR_2,180,EstrategiaDefensiva,EstrategiaMenorCosto,1,5,Mago|P.E.K.K.A|Mago de Hielo|Gigante,Arqueras|Mago de Hielo|Mosquetera|Bárbaros,JUGADOR_1,Valquiria,4,6,2,,,,,
partida_41,1,TROPA_DESPLEGADA,JUGADOR_2,180,EstrategiaDefensiva,EstrategiaMenorCosto,1,2,Mago|P.E.K.K.A|Mago de Hielo|Gigante,Mago de Hielo|Mosquetera|Bárbaros|Mini P.E.K.K.A,JUGADOR_2,Arqueras,3,2,18,,,,,
partida_41,3,TROPA_DESPLEGADA,JUGADOR_2,180,EstrategiaDefensiva,EstrategiaMenorCosto,2,0,Mago|P.E.K.K.A|Mago de Hielo|Gigante,Mosquetera|Bárbaros|Mini P.E.K.K.A|P.E.K.K.A,JUGADOR_2,Mago de Hielo,3,8,17,,,,,
partida_41,13,TROPA_DESPLEGADA,JUGADOR_2,180,EstrategiaDefensiva,EstrategiaMenorCosto,0,3,Mago|P.E.K.K.A|Mago de Hielo|Arqueras,Mosquetera|Bárbaros|Mini P.E.K.K.A|P.E.K.K.A,JUGADOR_1,Gigante,5,6,2,,,,,
partida_41,15,TROPA_DESPLEGADA,JUGADOR_2,180,EstrategiaDefensiva,EstrategiaMenorCosto,1,0,Mago|P.E.K.K.A|Mago de Hielo|Arqueras,Bárbaros|Mini P.E.K.K.A|P.E.K.K.A|Gigante,JUGADOR_2,Mosquetera,4,4,17,,,,,
partida_41,28,TROPA_DESPLEGADA,JUGADOR_2,180,EstrategiaDefensiva,EstrategiaMenorCosto,2,4,Mago|P.E.K.K.A|Arqueras|Caballero,Bárbaros|Mini P.E.K.K.A|P.E.K.K.A|Gigante,JUGADOR_1,Mago de Hielo,3,6,2,,,,,
partida_41,28,TROPA_DESPLEGADA,JUGADOR_2,180,EstrategiaDefensiva,EstrategiaMenorCosto,2,0,Mago|P.E.K.K.A|Arqueras|Caballero,Bárbaros|P.E.K.K.A|Gigante|Mago,JUGADOR_2,Mini P.E.K.K.A,4,4,18,,,,,
partida_41,38,TROPA_DESPLEGADA,JUGADOR_2,180,EstrategiaDefensiva,EstrategiaMenorCosto,2,3,Mago|P.E.K.K.A|Arqueras|Mosquetera,Bárbaros|P.E.K.K.A|Gigante|Mago,JUGADOR_1,Caballero,3,6,2,,,,,
partida_41,42,TROPA_DESPLEGADA,JUGADOR_2,180,EstrategiaDefensiva,EstrategiaMenorCosto,4,0,Mago|P.E.K.K.A|Arqueras|Mosquetera,P.E.K.K.A|Gigante|Mago|Arqueras,JUGADOR_2,Bárbaros,5,0,28,,,,,
partida_41,46,TROPA_DESPLEGADA,JUGADOR_2,180,EstrategiaDefensiva,EstrategiaMenorCosto,0,1,P.E.K.K.A|Arqueras|Mosquetera|Valquiria,P.E.K.K.A|Gigante|Mago|Arqueras,JUGADOR_1,Mago,5,6,2,,,,,
partida_41,51,TROPA_DESPLEGADA,JUGADOR_2,180,EstrategiaDefensiva,EstrategiaMenorCosto,2,0,P.E.K.K.A|Arqueras|Mosquetera|Valquiria,P.E.K.K.A|Gigante|Mago|Mago de Hielo,JUGADOR_2,Arqueras,3,17,27,,,,,
partida_41,60,TROPA_DESPLEGADA,JUGADOR_2,180,EstrategiaDefensiva,EstrategiaMenorCosto,5,0,P.E.K.K.A|Arqueras|Mosquetera|Valquiria,P.E.K.K.A|Gigante|Mago|Mosquetera,JUGADOR_2,Mago de Hielo,3,10,18,,,,,
partida_41,61,TROPA_DESPLEGADA,JUGADOR_2,180,EstrategiaDefensiva,EstrategiaMenorCosto,1,0,P.E.K.K.A|Arqueras|Mosquetera|Gigante,P.E.K.K.A|Gigante|Mago|Mosquetera,JUGADOR_1,Valquiria,4,6,2,,,,,
partida_41,72,TROPA_DESPLEGADA,JUGADOR_2,180,EstrategiaDefensiva,EstrategiaMenorCosto,0,4,P.E.K.K.A|Arqueras|Mosquetera|Mago de Hielo,P.E.K.K.A|Gigante|Mago|Mosquetera,JUGADOR_1,Gigante,5,6,2,,,,,
partida_41,73,TROPA_DESPLEGADA,JUGADOR_2,180,EstrategiaDefensiva,EstrategiaMenorCosto,0,0,P.E.K.K.A|Arqueras|Mosquetera|Mago de Hielo,P.E.K.K.A|Gigante|Mago|Mini P.E.K.K.A,JUGADOR_2,Mosquetera,4,11,29,,,,,
partida_41,84,TROPA_DESPLEGADA,JUGADOR_2,180,EstrategiaDefensiva,EstrategiaMenorCosto,4,0,P.E.K.K.A|Arqueras|Mosquetera|Mago de Hielo,P.E.K.K.A|Gigante|Mago|Bárbaros,JUGADOR_2,Mini P.E.K.K.A,4,8,18,,,,,
partida_41,87,TROPA_DESPLEGADA,JUGADOR_2,180,EstrategiaDefensiva,EstrategiaMenorCosto,2,1,P.E.K.K.A|Arqueras|Mosquetera|Caballero,P.E.K.K.A|Gigante|Mago|Bárbaros,JUGADOR_1,Mago de Hielo,3,6,2,,,,,
partida_41,96,TROPA_DESPLEGADA,JUGADOR_2,180,EstrategiaDefensiva,EstrategiaMenorCosto,2,4,P.E.K.K.A|Arqueras|Mosquetera|Mago,P.E.K.K.A|Gigante|Mago|Bárbaros,JUGADOR_1,Caballero,3,6,2,,,,,
partida_41,99,TROPA_DESPLEGADA,JUGADOR_2,180,EstrategiaDefensiva,EstrategiaMenorCosto,3,0,P.E.K.K.A|Arqueras|Mosquetera|Mago,P.E.K.K.A|Mago|Bárbaros|Arqueras,JUGADOR_2,Gigante,5,12,20,,,,,
partida_41,105,TROPA_DESPLEGADA,JUGADOR_2,180,EstrategiaDefensiva,EstrategiaMenorCosto,1,2,P.E.K.K.A|Arqueras|Mago|Valquiria,P.E.K.K.A|Mago|Bárbaros|Arqueras,JUGADOR_1,Mosquetera,4,6,2,,,,,
partida_41,108,TROPA_DESPLEGADA,JUGADOR_2,180,EstrategiaDefensiva,EstrategiaMenorCosto,2,0,P.E.K.K.A|Arqueras|Mago|Valquiria,P.E.K.K.A|Mago|Bárbaros|Mago de Hielo,JUGADOR_2,Arqueras,3,3,28,,,,,
partida_41,117,TROPA_DESPLEGADA,JUGADOR_2,180,EstrategiaDefensiva,EstrategiaMenorCosto,5,0,P.E.K.K.A|Arqueras|Mago|Valquiria,P.E.K.K.A|Mago|Bárbaros|Mosquetera,JUGADOR_2,Mago de Hielo,3,3,30,,,,,
partida_41,118,TROPA_DESPLEGADA,JUGADOR_2,180,EstrategiaDefensiva,EstrategiaMenorCosto,1,0,P.E.K.K.A|Arqueras|Mago|Gigante,P.E.K.K.A|Mago|Bárbaros|Mosquetera,JUGADOR_1,Valquiria,4,6,2,,,,,
partida_41,129,TROPA_DESPLEGADA,JUGADOR_2,180,EstrategiaDefensiva,EstrategiaMenorCosto,0,4,P.E.K.K.A|Arqueras|Mago|Mago de Hielo,P.E.K.K.A|Mago|Bárbaros|Mosquetera,JUGADOR_1,Gigante,5,6,2,,,,,
partida_41,129,TROPA_DESPLEGADA,JUGADOR_2,180,EstrategiaDefensiva,EstrategiaMenorCosto,0,0,P.E.K.K.A|Arqueras|Mago|Mago de Hielo,P.E.K.K.A|Mago|Bárbaros|Mini P.E.K.K.A,JUGADOR_2,Mosquetera,4,2,11,,,,,
partida_41,141,TROPA_DESPLEGADA,JUGADOR_2,180,EstrategiaDefensiva,EstrategiaMenorCosto,4,0,P.E.K.K.A|Arqueras|Mago|Mago de Hielo,P.E.K.K.A|Mago|Bárbaros|Gigante,JUGADOR_2,Mini P.E.K.K.A,4,17,29,,,,,
partida_41,144,TROPA_DESPLEGADA,JUGADOR_2,180,EstrategiaDefensiva,EstrategiaMenorCosto,2,1,P.E.K.K.A|Arqueras|Mago|Caballero,P.E.K.K.A|Mago|Bárbaros|Gigante,JUGADOR_1,Mago de Hielo,3,6,2,,,,,
partida_41,153,TROPA_DESPLEGADA,JUGADOR_2,180,EstrategiaDefensiva,EstrategiaMenorCosto,2,4,P.E.K.K.A|Arqueras|Mago|Mosquetera,P.E.K.K.A|Mago|Bárbaros|Gigante,JUGADOR_1,Caballero,3,6,2,,,,,
partida_41,156,TROPA_DESPLEGADA,JUGADOR_2,180,EstrategiaDefensiva,EstrategiaMenorCosto,3,0,P.E.K.K.A|Arqueras|Mago|Mosquetera,P.E.K.K.A|Bárbaros|Gigante|Arqueras,JUGADOR_2,Mago,5,3,20,,,,,
partida_41,165,TROPA_DESPLEGADA,JUGADOR_2,180,EstrategiaDefensiva,EstrategiaMenorCosto,1,3,P.E.K.K.A|Arqueras|Mosquetera|Valquiria,P.E.K.K.A|Bárbaros|Gigante|Arqueras,JUGADOR_1,Mago,5,6,2,,,,,
partida_41,165,TROPA_DESPLEGADA,JUGADOR_2,180,EstrategiaDefensiva,EstrategiaMenorCosto,1,0,P.E.K.K.A|Arqueras|Mosquetera|Valquiria,P.E.K.K.A|Bárbaros|Gigante|Mago de Hielo,JUGADOR_2,Arqueras,3,0,31,,,,,
partida_41,174,TROPA_DESPLEGADA,JUGADOR_2,180,EstrategiaDefensiva,EstrategiaMenorCosto,4,0,P.E.K.K.A|Arqueras|Mosquetera|Valquiria,P.E.K.K.A|Bárbaros|Gigante|Mosquetera,JUGADOR_2,Mago de Hielo,3,8,11,,,,,
partida_41,177,TROPA_DESPLEGADA,JUGADOR_2,180,EstrategiaDefensiva,EstrategiaMenorCosto,1,1,P.E.K.K.A|Arqueras|Mosquetera|Gigante,P.E.K.K.A|Bárbaros|Gigante|Mosquetera,JUGADOR_1,Valquiria,4,6,2,,,,,
partida_41,180,PARTIDA_TERMINADA,JUGADOR_2,180,EstrategiaDefensiva,EstrategiaMenorCosto,2,2,P.E.K.K.A|Arqueras|Mosquetera|Gigante,P.E.K.K.A|Bárbaros|Gigante|Mosquetera,,,,,,,,,,
partida_42,1,TROPA_DESPLEGADA,JUGADOR_2,81,EstrategiaAleatoria,EstrategiaAgresiva,5,1,P.E.K.K.A|Mosquetera|Mago de Hielo|Príncipe,Mago|Príncipe|Valquiria|P.E.K.K.A,JUGADOR_2,Mini P.E.K.K.A,4,0,17,,,,,
partida_42,2,TROPA_DESPLEGADA,JUGADOR_2,81,EstrategiaAleatoria,EstrategiaAgresiva,1,1,P.E.K.K.A|Mago de Hielo|Príncipe|Gigante,Mago|Príncipe|Valquiria|P.E.K.K.A,JUGADOR_1,Mosquetera,4,5,7,,,,,
partida_42,8,TROPA_DESPLEGADA,JUGADOR_2,81,EstrategiaAleatoria,EstrategiaAgresiva,0,3,P.E.K.K.A|Príncipe|Gigante|Arqueras,Mago|Príncipe|Valquiria|P.E.K.K.A,JUGADOR_1,Mago de Hielo,3,2,1,,,,,
partida_42,11,TROPA_DESPLEGADA,JUGADOR_2,81,EstrategiaAleatoria,EstrategiaAgresiva,1,0,P.E.K.K.A|Príncipe|Gigante|Arqueras,Mago|Príncipe|P.E.K.K.A|Ejército de Esqueletos,JUGADOR_2,Valquiria,4,0,17,,,,,
partida_42,17,TROPA_DESPLEGADA,JUGADOR_2,81,EstrategiaAleatoria,EstrategiaAgresiva,0,2,P.E.K.K.A|Príncipe|Gigante|Mago,Mago|Príncipe|P.E.K.K.A|Ejército de Esqueletos,JUGADOR_1,Arqueras,3,1,2,,,,,
partida_42,18,TROPA_DESPLEGADA,JUGADOR_2,81,EstrategiaAleatoria,EstrategiaAgresiva,1,0,P.E.K.K.A|Príncipe|Gigante|Mago,Mago|Príncipe|P.E.K.K.A|Bárbaros,JUGADOR_2,Ejército de Esqueletos,3,0,17,,,,,
partida_42,33,TROPA_DESPLEGADA,JUGADOR_2,81,EstrategiaAleatoria,EstrategiaAgresiva,1,5,P.E.K.K.A|Príncipe|Mago|Ejército de Esqueletos,Mago|Príncipe|P.E.K.K.A|Bárbaros,JUGADOR_1,Gigante,5,1,10,,,,,
partida_42,33,TROPA_DESPLEGADA,JUGADOR_2,81,EstrategiaAleatoria,EstrategiaAgresiva,1,0,P.E.K.K.A|Príncipe|Mago|Ejército de Esqueletos,Mago|P.E.K.K.A|Bárbaros|Caballero,JUGADOR_2,Príncipe,5,0,17,,,,,
partida_42,39,TROPA_DESPLEGADA,JUGADOR_2,81,EstrategiaAleatoria,EstrategiaAgresiva,0,2,P.E.K.K.A|Príncipe|Mago|Mosquetera,Mago|P.E.K.K.A|Bárbaros|Caballero,JUGADOR_1,Ejército de Esqueletos,3,17,1,,,,,
partida_42,43,TROPA_DESPLEGADA,JUGADOR_2,81,EstrategiaAleatoria,EstrategiaAgresiva,1,0,P.E.K.K.A|Príncipe|Mago|Mosquetera,Mago|P.E.K.K.A|Bárbaros|Mini P.E.K.K.A,JUGADOR_2,Caballero,3,0,17,,,,,
partida_42,51,TROPA_DESPLEGADA,JUGADOR_2,81,EstrategiaAleatoria,EstrategiaAgresiva,0,3,P.E.K.K.A|Príncipe|Mago|Mago de Hielo,Mago|P.E.K.K.A|Bárbaros|Mini P.E.K.K.A,JUGADOR_1,Mosquetera,4,13,3,,,,,
partida_42,56,TROPA_DESPLEGADA,JUGADOR_2,81,EstrategiaAleatoria,EstrategiaAgresiva,1,0,P.E.K.K.A|Príncipe|Mago|Mago de Hielo,Mago|P.E.K.K.A|Bárbaros|Valquiria,JUGADOR_2,Mini P.E.K.K.A,4,0,10,,,,,
partida_42,60,TROPA_DESPLEGADA,JUGADOR_2,81,EstrategiaAleatoria,EstrategiaAgresiva,0,2,P.E.K.K.A|Príncipe|Mago|Arqueras,Mago|P.E.K.K.A|Bárbaros|Valquiria,JUGADOR_1,Mago de Hielo,3,3,9,,,,,
partida_42,66,TROPA_DESPLEGADA,JUGADOR_2,81,EstrategiaAleatoria,EstrategiaAgresiva,2,0,P.E.K.K.A|Príncipe|Mago|Arqueras,Mago|P.E.K.K.A|Bárbaros|Ejército de Esqueletos,JUGADOR_2,Valquiria,4,0,10,,,,,
partida_42,69,TROPA_DESPLEGADA,JUGADOR_2,81,EstrategiaAleatoria,EstrategiaAgresiva,0,1,P.E.K.K.A|Príncipe|Mago|Gigante,Mago|P.E.K.K.A|Bárbaros|Ejército de Esqueletos,JUGADOR_1,Arqueras,3,6,1,,,,,
partida_42,76,TROPA_DESPLEGADA,JUGADOR_2,81,EstrategiaAleatoria,EstrategiaAgresiva,2,0,P.E.K.K.A|Príncipe|Mago|Gigante,Mago|P.E.K.K.A|Bárbaros|Príncipe,JUGADOR_2,Ejército de Esqueletos,3,0,10,,,,,
partida_42,81,PARTIDA_TERMINADA,JUGADOR_2,81,EstrategiaAleatoria,EstrategiaAgresiva,4,2,P.E.K.K.A|Príncipe|Mago|Gigante,Mago|P.E.K.K.A|Bárbaros|Príncipe,,,,,,,,,,
partida_43,1,TROPA_DESPLEGADA,JUGADOR_1,154,EstrategiaAgresiva,EstrategiaAleatoria,1,5,Ejército de Esqueletos|P.E.K.K.A|Arqueras|Valquiria,Mago|Bárbaros|Ejército de Esqueletos|Mago de Hielo,JUGADOR_1,Mini P.E.K.K.A,4,0,14,,,,,
partida_43,2,TROPA_DESPLEGADA,JUGADOR_1,154,EstrategiaAgresiva,EstrategiaAleatoria,1,0,Ejército de Esqueletos|P.E.K.K.A|Arqueras|Valquiria,Mago|Ejército de Esqueletos|Mago de Hielo|Arqueras,JUGADOR_2,Bárbaros,5,14,22,,,,,
partida_43,6,TROPA_DESPLEGADA,JUGADOR_1,154,EstrategiaAgresiva,EstrategiaAleatoria,0,2,P.E.K.K.A|Arqueras|Valquiria|Caballero,Mago|Ejército de Esqueletos|Mago de Hielo|Arqueras,JUGADOR_1,Ejército de Esqueletos,3,0,14,,,,,
partida_43,11,TROPA_DESPLEGADA,JUGADOR_1,154,EstrategiaAgresiva,EstrategiaAleatoria,1,0,P.E.K.K.A|Arqueras|Valquiria|Caballero,Mago|Ejército de Esqueletos|Arqueras|Príncipe,JUGADOR_2,Mago de Hielo,3,1,30,,,,,
partida_43,15,TROPA_DESPLEGADA,JUGADOR_1,154,EstrategiaAgresiva,EstrategiaAleatoria,0,2,P.E.K.K.A|Arqueras|Valquiria|Mago,Mago|Ejército de Esqueletos|Arqueras|Príncipe,JUGADOR_1,Caballero,3,0,14,,,,,
partida_43,19,TROPA_DESPLEGADA,JUGADOR_1,154,EstrategiaAgresiva,EstrategiaAleatoria,1,0,P.E.K.K.A|Arqueras|Valquiria|Mago,Mago|Arqueras|Príncipe|Gigante,JUGADOR_2,Ejército de Esqueletos,3,1,27,,,,,
partida_43,24,TROPA_DESPLEGADA,JUGADOR_1,154,EstrategiaAgresiva,EstrategiaAleatoria,0,2,P.E.K.K.A|Valquiria|Mago|Gigante,Mago|Arqueras|Príncipe|Gigante,JUGADOR_1,Arqueras,3,0,21,,,,,
partida_43,28,TROPA_DESPLEGADA,JUGADOR_1,154,EstrategiaAgresiva,EstrategiaAleatoria,1,0,P.E.K.K.A|Valquiria|Mago|Gigante,Mago|Príncipe|Gigante|Mosquetera,JUGADOR_2,Arqueras,3,11,23,,,,,
partida_43,37,TROPA_DESPLEGADA,JUGADOR_1,154,EstrategiaAgresiva,EstrategiaAleatoria,0,3,P.E.K.K.A|Mago|Gigante|Mini P.E.K.K.A,Mago|Príncipe|Gigante|Mosquetera,JUGADOR_1,Valquiria,4,0,21,,,,,
partida_43,40,TROPA_DESPLEGADA,JUGADOR_1,154,EstrategiaAgresiva,EstrategiaAleatoria,1,0,P.E.K.K.A|Mago|Gigante|Mini P.E.K.K.A,Mago|Príncipe|Gigante|Bárbaros,JUGADOR_2,Mosquetera,4,3,23,,,,,
partida_43,48,TROPA_DESPLEGADA,JUGADOR_1,154,EstrategiaAgresiva,EstrategiaAleatoria,0,3,P.E.K.K.A|Mago|Gigante|Ejército de Esqueletos,Mago|Príncipe|Gigante|Bárbaros,JUGADOR_1,Mini P.E.K.K.A,4,0,21,,,,,
partida_43,54,TROPA_DESPLEGADA,JUGADOR_1,154,EstrategiaAgresiva,EstrategiaAleatoria,2,0,P.E.K.K.A|Mago|Gigante|Ejército de Esqueletos,Mago|Gigante|Bárbaros|Mago de Hielo,JUGADOR_2,Príncipe,5,12,26,,,,,
partida_43,57,TROPA_DESPLEGADA,JUGADOR_1,154,EstrategiaAgresiva,EstrategiaAleatoria,0,1,P.E.K.K.A|Mago|Gigante|Caballero,Mago|Gigante|Bárbaros|Mago de Hielo,JUGADOR_1,Ejército de Esqueletos,3,0,21,,,,,
partida_43,63,TROPA_DESPLEGADA,JUGADOR_1,154,EstrategiaAgresiva,EstrategiaAleatoria,2,0,P.E.K.K.A|Mago|Gigante|Caballero,Mago|Gigante|Bárbaros|Ejército de Esqueletos,JUGADOR_2,Mago de Hielo,3,0,27,,,,,
partida_43,66,TROPA_DESPLEGADA,JUGADOR_1,154,EstrategiaAgresiva,EstrategiaAleatoria,0,1,P.E.K.K.A|Mago|Gigante|Arqueras,Mago|Gigante|Bárbaros|Ejército de Esqueletos,JUGADOR_1,Caballero,3,0,21,,,,,
partida_43,74,TROPA_DESPLEGADA,JUGADOR_1,154,EstrategiaAgresiva,EstrategiaAleatoria,2,0,P.E.K.K.A|Mago|Gigante|Arqueras,Mago|Gigante|Bárbaros|Arqueras,JUGADOR_2,Ejército de Esqueletos,3,0,26,,,,,
partida_43,75,TROPA_DESPLEGADA,JUGADOR_1,154,EstrategiaAgresiva,EstrategiaAleatoria,0,1,P.E.K.K.A|Mago|Gigante|Valquiria,Mago|Gigante|Bárbaros|Arqueras,JUGADOR_1,Arqueras,3,0,21,,,,,
partida_43,83,TROPA_DESPLEGADA,JUGADOR_1,154,EstrategiaAgresiva,EstrategiaAleatoria,2,0,P.E.K.K.A|Mago|Gigante|Valquiria,Mago|Gigante|Bárbaros|Mosquetera,JUGADOR_2,Arqueras,3,16,21,,,,,
partida_43,88,TROPA_DESPLEGADA,JUGADOR_1,154,EstrategiaAgresiva,EstrategiaAleatoria,0,2,P.E.K.K.A|Mago|Gigante|Mini P.E.K.K.A,Mago|Gigante|Bárbaros|Mosquetera,JUGADOR_1,Valquiria,4,0,21,,,,,
partida_43,97,TROPA_DESPLEGADA,JUGADOR_1,154,EstrategiaAgresiva,EstrategiaAleatoria,3,0,P.E.K.K.A|Mago|Gigante|Mini P.E.K.K.A,Mago|Gigante|Mosquetera|Príncipe,JUGADOR_2,Bárbaros,5,15,21,,,,,
partida_43,99,TROPA_DESPLEGADA,JUGADOR_1,154,EstrategiaAgresiva,EstrategiaAleatoria,0,1,P.E.K.K.A|Mago|Gigante|Ejército de Esqueletos,Mago|Gigante|Mosquetera|Príncipe,JUGADOR_1,Mini P.E.K.K.A,4,0,21,,,,,
partida_43,108,TROPA_DESPLEGADA,JUGADOR_1,154,EstrategiaAgresiva,EstrategiaAleatoria,0,4,P.E.K.K.A|Mago|Gigante|Caballero,Mago|Gigante|Mosquetera|Príncipe,JUGADOR_1,Ejército de Esqueletos,3,0,21,,,,,
partida_43,108,TROPA_DESPLEGADA,JUGADOR_1,154,EstrategiaAgresiva,EstrategiaAleatoria,0,0,P.E.K.K.A|Mago|Gigante|Caballero,Mago|Gigante|Príncipe|Mago de Hielo,JUGADOR_2,Mosquetera,4,0,23,,,,,
partida_43,117,TROPA_DESPLEGADA,JUGADOR_1,154,EstrategiaAgresiva,EstrategiaAleatoria,0,3,P.E.K.K.A|Mago|Gigante|Arqueras,Mago|Gigante|Príncipe|Mago de Hielo,JUGADOR_1,Caballero,3,0,21,,,,,
partida_43,117,TROPA_DESPLEGADA,JUGADOR_1,154,EstrategiaAgresiva,EstrategiaAleatoria,0,0,P.E.K.K.A|Mago|Gigante|Arqueras,Mago|Gigante|Príncipe|Ejército de Esqueletos,JUGADOR_2,Mago de Hielo,3,8,22,,,,,
partida_43,126,TROPA_DESPLEGADA,JUGADOR_1,154,EstrategiaAgresiva,EstrategiaAleatoria,0,3,P.E.K.K.A|Mago|Gigante|Valquiria,Mago|Gigante|Príncipe|Ejército de Esqueletos,JUGADOR_1,Arqueras,3,0,21,,,,,
partida_43,128,TROPA_DESPLEGADA,JUGADOR_1,154,EstrategiaAgresiva,EstrategiaAleatoria,0,0,P.E.K.K.A|Mago|Gigante|Valquiria,Mago|Gigante|Príncipe|Arqueras,JUGADOR_2,Ejército de Esqueletos,3,2,22,,,,,
partida_43,137,TROPA_DESPLEGADA,JUGADOR_1,154,EstrategiaAgresiva,EstrategiaAleatoria,3,0,P.E.K.K.A|Mago|Gigante|Valquiria,Mago|Gigante|Príncipe|Bárbaros,JUGADOR_2,Arqueras,3,9,31,,,,,
partida_43,140,TROPA_DESPLEGADA,JUGADOR_1,154,EstrategiaAgresiva,EstrategiaAleatoria,0,1,P.E.K.K.A|Mago|Gigante|Mini P.E.K.K.A,Mago|Gigante|Príncipe|Bárbaros,JUGADOR_1,Valquiria,4,0,21,,,,,
partida_43,150,TROPA_DESPLEGADA,JUGADOR_1,154,EstrategiaAgresiva,EstrategiaAleatoria,0,5,P.E.K.K.A|Mago|Gigante|Ejército de Esqueletos,Mago|Gigante|Príncipe|Bárbaros,JUGADOR_1,Mini P.E.K.K.A,4,0,21,,,,,
partida_43,150,TROPA_DESPLEGADA,JUGADOR_1,154,EstrategiaAgresiva,EstrategiaAleatoria,0,0,P.E.K.K.A|Mago|Gigante|Ejército de Esqueletos,Mago|Gigante|Príncipe|Mosquetera,JUGADOR_2,Bárbaros,5,3,30,,,,,
partida_43,154,PARTIDA_TERMINADA,JUGADOR_1,154,EstrategiaAgresiva,EstrategiaAleatoria,1,1,P.E.K.K.A|Mago|Gigante|Ejército de Esqueletos,Mago|Gigante|Príncipe|Mosquetera,,,,,,,,,,
partida_44,1,TROPA_DESPLEGADA,JUGADOR_2,180,EstrategiaDefensiva,EstrategiaMenorCosto,0,5,P.E.K.K.A|Ejército de Esqueletos|Mini P.E.K.K.A|Valquiria,Caballero|P.E.K.K.A|Gigante|Mago,JUGADOR_1,Gigante,5,6,2,,,,,
partida_44,1,TROPA_DESPLEGADA,JUGADOR_2,180,EstrategiaDefensiva,EstrategiaMenorCosto,0,2,P.E.K.K.A|Ejército de Esqueletos|Mini P.E.K.K.A|Valquiria,P.E.K.K.A|Gigante|Mago|Mosquetera,JUGADOR_2,Caballero,3,16,21,,,,,
partida_44,6,TROPA_DESPLEGADA,JUGADOR_2,180,EstrategiaDefensiva,EstrategiaMenorCosto,2,0,P.E.K.K.A|Ejército de Esqueletos|Mini P.E.K.K.A|Valquiria,P.E.K.K.A|Gigante|Mago|Príncipe,JUGADOR_2,Mosquetera,4,11,23,,,,,
partida_44,18,TROPA_DESPLEGADA,JUGADOR_2,180,EstrategiaDefensiva,EstrategiaMenorCosto,2,4,P.E.K.K.A|Ejército de Esqueletos|Mini P.E.K.K.A|Mago de Hielo,P.E.K.K.A|Gigante|Mago|Príncipe,JUGADOR_1,Valquiria,4,6,2,,,,,
partida_44,21,TROPA_DESPLEGADA,JUGADOR_2,180,EstrategiaDefensiva,EstrategiaMenorCosto,3,0,P.E.K.K.A|Ejército de Esqueletos|Mini P.E.K.K.A|Mago de Hielo,P.E.K.K.A|Mago|Príncipe|Valquiria,JUGADOR_2,Gigante,5,4,20,,,,,
partida_44,27,TROPA_DESPLEGADA,JUGADOR_2,180,EstrategiaDefensiva,EstrategiaMenorCosto,1,2,P.E.K.K.A|Ejército de Esqueletos|Mago de Hielo|Arqueras,P.E.K.K.A|Mago|Príncipe|Valquiria,JUGADOR_1,Mini P.E.K.K.A,4,6,2,,,,,
partida_44,33,TROPA_DESPLEGADA,JUGADOR_2,180,EstrategiaDefensiva,EstrategiaMenorCosto,3,0,P.E.K.K.A|Ejército de Esqueletos|Mago de Hielo|Arqueras,P.E.K.K.A|Mago|Príncipe|Bárbaros,JUGADOR_2,Valquiria,4,1,24,,,,,
partida_44,39,TROPA_DESPLEGADA,JUGADOR_2,180,EstrategiaDefensiva,EstrategiaMenorCosto,2,2,P.E.K.K.A|Ejército de Esqueletos|Arqueras|Príncipe,P.E.K.K.A|Mago|Príncipe|Bárbaros,JUGADOR_1,Mago de Hielo,3,6,2,,,,,
partida_44,48,TROPA_DESPLEGADA,JUGADOR_2,180,EstrategiaDefensiva,EstrategiaMenorCosto,5,0,P.E.K.K.A|Ejército de Esqueletos|Arqueras|Príncipe,P.E.K.K.A|Príncipe|Bárbaros|Caballero,JUGADOR_2,Mago,5,10,25,,,,,
partida_44,49,TROPA_DESPLEGADA,JUGADOR_2,180,EstrategiaDefensiva,EstrategiaMenorCosto,0,0,P.E.K.K.A|Ejército de Esqueletos|Arqueras|Gigante,P.E.K.K.A|Príncipe|Bárbaros|Caballero,JUGADOR_1,Príncipe,5,6,2,,,,,
partida_44,57,TROPA_DESPLEGADA,JUGADOR_2,180,EstrategiaDefensiva,EstrategiaMenorCosto,3,0,P.E.K.K.A|Ejército de Esqueletos|Arqueras|Gigante,P.E.K.K.A|Príncipe|Bárbaros|Mosquetera,JUGADOR_2,Caballero,3,0,31,,,,,
partida_44,64,TROPA_DESPLEGADA,JUGADOR_2,180,EstrategiaDefensiva,EstrategiaMenorCosto,0,2,P.E.K.K.A|Ejército de Esqueletos|Arqueras|Valquiria,P.E.K.K.A|Príncipe|Bárbaros|Mosquetera,JUGADOR_1,Gigante,5,6,2,,,,,
partida_44,69,TROPA_DESPLEGADA,JUGADOR_2,180,EstrategiaDefensiva,EstrategiaMenorCosto,2,0,P.E.K.K.A|Ejército de Esqueletos|Arqueras|Valquiria,P.E.K.K.A|Príncipe|Bárbaros|Gigante,JUGADOR_2,Mosquetera,4,9,20,,,,,
partida_44,82,TROPA_DESPLEGADA,JUGADOR_2,180,EstrategiaDefensiva,EstrategiaMenorCosto,2,4,P.E.K.K.A|Ejército de Esqueletos|Arqueras|Mini P.E.K.K.A,P.E.K.K.A|Príncipe|Bárbaros|Gigante,JUGADOR_1,Valquiria,4,6,2,,,,,
partida_44,84,TROPA_DESPLEGADA,JUGADOR_2,180,EstrategiaDefensiva,EstrategiaMenorCosto,3,0,P.E.K.K.A|Ejército de Esqueletos|Arqueras|Mini P.E.K.K.A,P.E.K.K.A|Bárbaros|Gigante|Valquiria,JUGADOR_2,Príncipe,5,15,17,,,,,
partida_44,90,TROPA_DESPLEGADA,JUGADOR_2,180,EstrategiaDefensiva,EstrategiaMenorCosto,1,2,P.E.K.K.A|Ejército de Esqueletos|Arqueras|Mago de Hielo,P.E.K.K.A|Bárbaros|Gigante|Valquiria,JUGADOR_1,Mini P.E.K.K.A,4,6,2,,,,,
partida_44,97,TROPA_DESPLEGADA,JUGADOR_2,180,EstrategiaDefensiva,EstrategiaMenorCosto,3,0,P.E.K.K.A|Ejército de Esqueletos|Arqueras|Mago de Hielo,P.E.K.K.A|Bárbaros|Gigante|Mago,JUGADOR_2,Valquiria,4,4,30,,,,,
partida_44,106,TROPA_DESPLEGADA,JUGADOR_2,180,EstrategiaDefensiva,EstrategiaMenorCosto,3,3,P.E.K.K.A|Ejército de Esqueletos|Arqueras|Príncipe,P.E.K.K.A|Bárbaros|Gigante|Mago,JUGADOR_1,Mago de Hielo,3,6,2,,,,,
partida_44,111,TROPA_DESPLEGADA,JUGADOR_2,180,EstrategiaDefensiva,EstrategiaMenorCosto,5,0,P.E.K.K.A|Ejército de Esqueletos|Arqueras|Príncipe,P.E.K.K.A|Gigante|Mago|Caballero,JUGADOR_2,Bárbaros,5,17,22,,,,,
partida_44,113,TROPA_DESPLEGADA,JUGADOR_2,180,EstrategiaDefensiva,EstrategiaMenorCosto,0,0,P.E.K.K.A|Ejército de Esqueletos|Arqueras|Gigante,P.E.K.K.A|Gigante|Mago|Caballero,JUGADOR_1,Príncipe,5,6,2,,,,,
partida_44,120,TROPA_DESPLEGADA,JUGADOR_2,180,EstrategiaDefensiva,EstrategiaMenorCosto,3,0,P.E.K.K.A|Ejército de Esqueletos|Arqueras|Gigante,P.E.K.K.A|Gigante|Mago|Mosquetera,JUGADOR_2,Caballero,3,14,31,,,,,
partida_44,127,TROPA_DESPLEGADA,JUGADOR_2,180,EstrategiaDefensiva,EstrategiaMenorCosto,0,2,P.E.K.K.A|Ejército de Esqueletos|Arqueras|Valquiria,P.E.K.K.A|Gigante|Mago|Mosquetera,JUGADOR_1,Gigante,5,6,2,,,,,
partida_44,132,TROPA_DESPLEGADA,JUGADOR_2,180,EstrategiaDefensiva,EstrategiaMenorCosto,2,0,P.E.K.K.A|Ejército de Esqueletos|Arqueras|Valquiria,P.E.K.K.A|Gigante|Mago|Príncipe,JUGADOR_2,Mosquetera,4,12,17,,,,,
partida_44,141,TROPA_DESPLEGADA,JUGADOR_2,180,EstrategiaDefensiva,EstrategiaMenorCosto,1,3,P.E.K.K.A|Ejército de Esqueletos|Arqueras|Mini P.E.K.K.A,P.E.K.K.A|Gigante|Mago|Príncipe,JUGADOR_1,Valquiria,4,6,2,,,,,
partida_44,147,TROPA_DESPLEGADA,JUGADOR_2,180,EstrategiaDefensiva,EstrategiaMenorCosto,3,0,P.E.K.K.A|Ejército de Esqueletos|Arqueras|Mini P.E.K.K.A,P.E.K.K.A|Mago|Príncipe|Valquiria,JUGADOR_2,Gigante,5,1,25,,,,,
partida_44,153,TROPA_DESPLEGADA,JUGADOR_2,180,EstrategiaDefensiva,EstrategiaMenorCosto,1,2,P.E.K.K.A|Ejército de Esqueletos|Arqueras|Mago de Hielo,P.E.K.K.A|Mago|Príncipe|Valquiria,JUGADOR_1,Mini P.E.K.K.A,4,6,2,,,,,
partida_44,159,TROPA_DESPLEGADA,JUGADOR_2,180,EstrategiaDefensiva,EstrategiaMenorCosto,3,0,P.E.K.K.A|Ejército de Esqueletos|Arqueras|Mago de Hielo,P.E.K.K.A|Mago|Príncipe|Bárbaros,JUGADOR_2,Valquiria,4,15,17,,,,,
partida_44,165,TROPA_DESPLEGADA,JUGADOR_2,180,EstrategiaDefensiva,EstrategiaMenorCosto,2,2,P.E.K.K.A|Ejército de Esqueletos|Arqueras|Príncipe,P.E.K.K.A|Mago|Príncipe|Bárbaros,JUGADOR_1,Mago de Hielo,3,6,2,,,,,
partida_44,174,TROPA_DESPLEGADA,JUGADOR_2,180,EstrategiaDefensiva,EstrategiaMenorCosto,0,5,P.E.K.K.A|Ejército de Esqueletos|Arqueras|Gigante,P.E.K.K.A|Mago|Príncipe|Bárbaros,JUGADOR_1,Príncipe,5,6,2,,,,,
partida_44,174,TROPA_DESPLEGADA,JUGADOR_2,180,EstrategiaDefensiva,EstrategiaMenorCosto,0,0,P.E.K.K.A|Ejército de Esqueletos|Arqueras|Gigante,P.E.K.K.A|Príncipe|Bárbaros|Caballero,JUGADOR_2,Mago,5,14,17,,,,,
partida_44,180,PARTIDA_TERMINADA,JUGADOR_2,180,EstrategiaDefensiva,EstrategiaMenorCosto,2,2,P.E.K.K.A|Ejército de Esqueletos|Arqueras|Gigante,P.E.K.K.A|Príncipe|Bárbaros|Caballero,,,,,,,,,,
partida_45,1,TROPA_DESPLEGADA,JUGADOR_1,45,EstrategiaAgresiva,EstrategiaAgresiva,1,5,Ejército de Esqueletos|Valquiria|Príncipe|Mago,Ejército de Esqueletos|Valquiria|Caballero|Mosquetera,JUGADOR_1,Mini P.E.K.K.A,4,0,14,,,,,
partida_45,1,TROPA_DESPLEGADA,JUGADOR_1,45,EstrategiaAgresiva,EstrategiaAgresiva,1,1,Ejército de Esqueletos|Valquiria|Príncipe|Mago,Ejército de Esqueletos|Caballero|Mosquetera|P.E.K.K.A,JUGADOR_2,Valquiria,4,0,17,,,,,
partida_45,6,TROPA_DESPLEGADA,JUGADOR_1,45,EstrategiaAgresiva,EstrategiaAgresiva,0,3,Valquiria|Príncipe|Mago|P.E.K.K.A,Ejército de Esqueletos|Caballero|Mosquetera|P.E.K.K.A,JUGADOR_1,Ejército de Esqueletos,3,0,14,,,,,
partida_45,7,TROPA_DESPLEGADA,JUGADOR_1,45,EstrategiaAgresiva,EstrategiaAgresiva,0,0,Valquiria|Príncipe|Mago|P.E.K.K.A,Ejército de Esqueletos|Mosquetera|P.E.K.K.A|Bárbaros,JUGADOR_2,Caballero,3,0,17,,,,,
partida_45,15,TROPA_DESPLEGADA,JUGADOR_1,45,EstrategiaAgresiva,EstrategiaAgresiva,3,0,Valquiria|Príncipe|Mago|P.E.K.K.A,Mosquetera|P.E.K.K.A|Bárbaros|Gigante,JUGADOR_2,Ejército de Esqueletos,3,0,17,,,,,
partida_45,18,TROPA_DESPLEGADA,JUGADOR_1,45,EstrategiaAgresiva,EstrategiaAgresiva,0,1,Príncipe|Mago|P.E.K.K.A|Bárbaros,Mosquetera|P.E.K.K.A|Bárbaros|Gigante,JUGADOR_1,Valquiria,4,0,14,,,,,
partida_45,27,TROPA_DESPLEGADA,JUGADOR_1,45,EstrategiaAgresiva,EstrategiaAgresiva,3,0,Príncipe|Mago|P.E.K.K.A|Bárbaros,P.E.K.K.A|Bárbaros|Gigante|Príncipe,JUGADOR_2,Mosquetera,4,0,22,,,,,
partida_45,34,TROPA_DESPLEGADA,JUGADOR_1,45,EstrategiaAgresiva,EstrategiaAgresiva,0,2,Mago|P.E.K.K.A|Bárbaros|Caballero,P.E.K.K.A|Bárbaros|Gigante|Príncipe,JUGADOR_1,Príncipe,5,0,21,,,,,
partida_45,42,TROPA_DESPLEGADA,JUGADOR_1,45,EstrategiaAgresiva,EstrategiaAgresiva,0,5,Mago|P.E.K.K.A|Bárbaros|Mini P.E.K.K.A,P.E.K.K.A|Bárbaros|Gigante|Príncipe,JUGADOR_1,Caballero,3,0,21,,,,,
partida_45,42,TROPA_DESPLEGADA,JUGADOR_1,45,EstrategiaAgresiva,EstrategiaAgresiva,0,0,Mago|P.E.K.K.A|Bárbaros|Mini P.E.K.K.A,P.E.K.K.A|Bárbaros|Gigante|Valquiria,JUGADOR_2,Príncipe,5,0,22,,,,,
partida_45,45,PARTIDA_TERMINADA,JUGADOR_1,45,EstrategiaAgresiva,EstrategiaAgresiva,1,1,Mago|P.E.K.K.A|Bárbaros|Mini P.E.K.K.A,P.E.K.K.A|Bárbaros|Gigante|Valquiria,,,,,,,,,,
partida_46,1,TROPA_DESPLEGADA,JUGADOR_1,103,EstrategiaMenorCosto,EstrategiaAgresiva,2,5,Mosquetera|Arqueras|Bárbaros|Príncipe,Valquiria|Bárbaros|Ejército de Esqueletos|Mago,JUGADOR_1,Caballero,3,14,13,,,,,
partida_46,2,TROPA_DESPLEGADA,JUGADOR_1,103,EstrategiaMenorCosto,EstrategiaAgresiva,2,0,Mosquetera|Arqueras|Bárbaros|Príncipe,Valquiria|Bárbaros|Ejército de Esqueletos|Arqueras,JUGADOR_2,Mago,5,0,17,,,,,
partida_46,4,TROPA_DESPLEGADA,JUGADOR_1,103,EstrategiaMenorCosto,EstrategiaAgresiva,0,1,Mosquetera|Bárbaros|Príncipe|Mini P.E.K.K.A,Valquiria|Bárbaros|Ejército de Esqueletos|Arqueras,JUGADOR_1,Arqueras,3,16,8,,,,,
partida_46,9,TROPA_DESPLEGADA,JUGADOR_1,103,EstrategiaMenorCosto,EstrategiaAgresiva,2,0,Mosquetera|Bárbaros|Príncipe|Mini P.E.K.K.A,Valquiria|Bárbaros|Arqueras|Mago de Hielo,JUGADOR_2,Ejército de Esqueletos,3,0,17,,,,,
partida_46,15,TROPA_DESPLEGADA,JUGADOR_1,103,EstrategiaMenorCosto,EstrategiaAgresiva,0,2,Bárbaros|Príncipe|Mini P.E.K.K.A|P.E.K.K.A,Valquiria|Bárbaros|Arqueras|Mago de Hielo,JUGADOR_1,Mosquetera,4,16,0,,,,,
partida_46,18,TROPA_DESPLEGADA,JUGADOR_1,103,EstrategiaMenorCosto,EstrategiaAgresiva,1,0,Bárbaros|Príncipe|Mini P.E.K.K.A|P.E.K.K.A,Valquiria|Bárbaros|Arqueras|Caballero,JUGADOR_2,Mago de Hielo,3,0,17,,,,,
partida_46,27,TROPA_DESPLEGADA,JUGADOR_1,103,EstrategiaMenorCosto,EstrategiaAgresiva,0,3,Bárbaros|Príncipe|P.E.K.K.A|Valquiria,Valquiria|Bárbaros|Arqueras|Caballero,JUGADOR_1,Mini P.E.K.K.A,4,13,3,,,,,
partida_46,27,TROPA_DESPLEGADA,JUGADOR_1,103,EstrategiaMenorCosto,EstrategiaAgresiva,0,0,Bárbaros|Príncipe|P.E.K.K.A|Valquiria,Valquiria|Bárbaros|Arqueras|Mosquetera,JUGADOR_2,Caballero,3,0,10,,,,,
partida_46,37,TROPA_DESPLEGADA,JUGADOR_1,103,EstrategiaMenorCosto,EstrategiaAgresiva,3,0,Bárbaros|Príncipe|P.E.K.K.A|Valquiria,Valquiria|Bárbaros|Mosquetera|Mago,JUGADOR_2,Arqueras,3,0,10,,,,,
partida_46,39,TROPA_DESPLEGADA,JUGADOR_1,103,EstrategiaMenorCosto,EstrategiaAgresiva,0,1,Bárbaros|Príncipe|P.E.K.K.A|Caballero,Valquiria|Bárbaros|Mosquetera|Mago,JUGADOR_1,Valquiria,4,6,6,,,,,
partida_46,48,TROPA_DESPLEGADA,JUGADOR_1,103,EstrategiaMenorCosto,EstrategiaAgresiva,3,0,Bárbaros|Príncipe|P.E.K.K.A|Caballero,Bárbaros|Mosquetera|Mago|Ejército de Esqueletos,JUGADOR_2,Valquiria,4,0,10,,,,,
partida_46,49,TROPA_DESPLEGADA,JUGADOR_1,103,EstrategiaMenorCosto,EstrategiaAgresiva,0,0,Bárbaros|Príncipe|P.E.K.K.A|Arqueras,Bárbaros|Mosquetera|Mago|Ejército de Esqueletos,JUGADOR_1,Caballero,3,17,0,,,,,
partida_46,58,TROPA_DESPLEGADA,JUGADOR_1,103,EstrategiaMenorCosto,EstrategiaAgresiva,3,0,Bárbaros|Príncipe|P.E.K.K.A|Arqueras,Bárbaros|Mosquetera|Mago|Mago de Hielo,JUGADOR_2,Ejército de Esqueletos,3,0,10,,,,,
partida_46,59,TROPA_DESPLEGADA,JUGADOR_1,103,EstrategiaMenorCosto,EstrategiaAgresiva,0,0,Bárbaros|Príncipe|P.E.K.K.A|Mosquetera,Bárbaros|Mosquetera|Mago|Mago de Hielo,JUGADOR_1,Arqueras,3,4,4,,,,,
partida_46,66,TROPA_DESPLEGADA,JUGADOR_1,103,EstrategiaMenorCosto,EstrategiaAgresiva,3,0,Bárbaros|Príncipe|P.E.K.K.A|Mosquetera,Bárbaros|Mosquetera|Mago|Caballero,JUGADOR_2,Mago de Hielo,3,0,10,,,,,
partida_46,69,TROPA_DESPLEGADA,JUGADOR_1,103,EstrategiaMenorCosto,EstrategiaAgresiva,0,1,Bárbaros|Príncipe|P.E.K.K.A|Mini P.E.K.K.A,Bárbaros|Mosquetera|Mago|Caballero,JUGADOR_1,Mosquetera,4,17,9,,,,,
partida_46,80,TROPA_DESPLEGADA,JUGADOR_1,103,EstrategiaMenorCosto,EstrategiaAgresiva,3,0,Bárbaros|Príncipe|P.E.K.K.A|Mini P.E.K.K.A,Bárbaros|Mago|Caballero|Arqueras,JUGADOR_2,Mosquetera,4,0,10,,,,,
partida_46,81,TROPA_DESPLEGADA,JUGADOR_1,103,EstrategiaMenorCosto,EstrategiaAgresiva,0,1,Bárbaros|Príncipe|P.E.K.K.A|Valquiria,Bárbaros|Mago|Caballero|Arqueras,JUGADOR_1,Mini P.E.K.K.A,4,13,0,,,,,
partida_46,87,TROPA_DESPLEGADA,JUGADOR_1,103,EstrategiaMenorCosto,EstrategiaAgresiva,2,0,Bárbaros|Príncipe|P.E.K.K.A|Valquiria,Bárbaros|Mago|Arqueras|Valquiria,JUGADOR_2,Caballero,3,0,10,,,,,
partida_46,93,TROPA_DESPLEGADA,JUGADOR_1,103,EstrategiaMenorCosto,EstrategiaAgresiva,0,2,Bárbaros|Príncipe|P.E.K.K.A|Caballero,Bárbaros|Mago|Arqueras|Valquiria,JUGADOR_1,Valquiria,4,16,19,,,,,
partida_46,96,TROPA_DESPLEGADA,JUGADOR_1,103,EstrategiaMenorCosto,EstrategiaAgresiva,1,0,Bárbaros|Príncipe|P.E.K.K.A|Caballero,Bárbaros|Mago|Valquiria|Ejército de Esqueletos,JUGADOR_2,Arqueras,3,0,10,,,,,
partida_46,102,TROPA_DESPLEGADA,JUGADOR_1,103,EstrategiaMenorCosto,EstrategiaAgresiva,0,2,Bárbaros|Príncipe|P.E.K.K.A|Arqueras,Bárbaros|Mago|Valquiria|Ejército de Esqueletos,JUGADOR_1,Caballero,3,4,21,,,,,
partida_46,103,PARTIDA_TERMINADA,JUGADOR_1,103,EstrategiaMenorCosto,EstrategiaAgresiva,0,2,Bárbaros|Príncipe|P.E.K.K.A|Arqueras,Bárbaros|Mago|Valquiria|Ejército de Esqueletos,,,,,,,,,,
partida_47,1,TROPA_DESPLEGADA,JUGADOR_1,180,EstrategiaAgresiva,EstrategiaDefensiva,5,2,Ejército de Esqueletos|Mago|Arqueras|P.E.K.K.A,Bárbaros|Ejército de Esqueletos|Mago|P.E.K.K.A,JUGADOR_2,Mago de Hielo,3,6,28,,,,,
partida_47,2,TROPA_DESPLEGADA,JUGADOR_1,180,EstrategiaAgresiva,EstrategiaDefensiva,0,2,Ejército de Esqueletos|Arqueras|P.E.K.K.A|Mosquetera,Bárbaros|Ejército de Esqueletos|Mago|P.E.K.K.A,JUGADOR_1,Mago,5,0,14,,,,,
partida_47,9,TROPA_DESPLEGADA,JUGADOR_1,180,EstrategiaAgresiva,EstrategiaDefensiva,0,5,Arqueras|P.E.K.K.A|Mosquetera|Bárbaros,Bárbaros|Ejército de Esqueletos|Mago|P.E.K.K.A,JUGADOR_1,Ejército de Esqueletos,3,0,14,,,,,
partida_47,9,TROPA_DESPLEGADA,JUGADOR_1,180,EstrategiaAgresiva,EstrategiaDefensiva,0,0,Arqueras|P.E.K.K.A|Mosquetera|Bárbaros,Bárbaros|Ejército de Esqueletos|P.E.K.K.A|Mosquetera,JUGADOR_2,Mago,5,6,28,,,,,
partida_47,26,TROPA_DESPLEGADA,JUGADOR_1,180,EstrategiaAgresiva,EstrategiaDefensiva,1,5,Arqueras|P.E.K.K.A|Bárbaros|Caballero,Bárbaros|Ejército de Esqueletos|P.E.K.K.A|Mosquetera,JUGADOR_1,Mosquetera,4,0,14,,,,,
partida_47,29,TROPA_DESPLEGADA,JUGADOR_1,180,EstrategiaAgresiva,EstrategiaDefensiva,2,2,Arqueras|P.E.K.K.A|Bárbaros|Caballero,Bárbaros|Ejército de Esqueletos|P.E.K.K.A|Príncipe,JUGADOR_2,Mosquetera,4,6,28,,,,,
partida_47,30,TROPA_DESPLEGADA,JUGADOR_1,180,EstrategiaAgresiva,EstrategiaDefensiva,0,3,Arqueras|P.E.K.K.A|Bárbaros|Príncipe,Bárbaros|Ejército de Esqueletos|P.E.K.K.A|Príncipe,JUGADOR_1,Caballero,3,0,21,,,,,
partida_47,39,TROPA_DESPLEGADA,JUGADOR_1,180,EstrategiaAgresiva,EstrategiaDefensiva,0,6,P.E.K.K.A|Bárbaros|Príncipe|Mago,Bárbaros|Ejército de Esqueletos|P.E.K.K.A|Príncipe,JUGADOR_1,Arqueras,3,0,21,,,,,
partida_47,39,TROPA_DESPLEGADA,JUGADOR_1,180,EstrategiaAgresiva,EstrategiaDefensiva,0,1,P.E.K.K.A|Bárbaros|Príncipe|Mago,Bárbaros|Ejército de Esqueletos|P.E.K.K.A|Mini P.E.K.K.A,JUGADOR_2,Príncipe,5,6,28,,,,,
partida_47,51,TROPA_DESPLEGADA,JUGADOR_1,180,EstrategiaAgresiva,EstrategiaDefensiva,4,1,P.E.K.K.A|Bárbaros|Príncipe|Mago,Bárbaros|Ejército de Esqueletos|P.E.K.K.A|Mago de Hielo,JUGADOR_2,Mini P.E.K.K.A,4,6,28,,,,,
partida_47,54,TROPA_DESPLEGADA,JUGADOR_1,180,EstrategiaAgresiva,EstrategiaDefensiva,0,2,P.E.K.K.A|Bárbaros|Mago|Ejército de Esqueletos,Bárbaros|Ejército de Esqueletos|P.E.K.K.A|Mago de Hielo,JUGADOR_1,Príncipe,5,0,21,,,,,
partida_47,63,TROPA_DESPLEGADA,JUGADOR_1,180,EstrategiaAgresiva,EstrategiaDefensiva,0,5,P.E.K.K.A|Bárbaros|Mago|Mosquetera,Bárbaros|Ejército de Esqueletos|P.E.K.K.A|Mago de Hielo,JUGADOR_1,Ejército de Esqueletos,3,0,21,,,,,
partida_47,65,TROPA_DESPLEGADA,JUGADOR_1,180,EstrategiaAgresiva,EstrategiaDefensiva,0,2,P.E.K.K.A|Bárbaros|Mago|Mosquetera,Bárbaros|Ejército de Esqueletos|P.E.K.K.A|Mago,JUGADOR_2,Mago de Hielo,3,6,28,,,,,
partida_47,75,TROPA_DESPLEGADA,JUGADOR_1,180,EstrategiaAgresiva,EstrategiaDefensiva,0,6,P.E.K.K.A|Bárbaros|Mago|Caballero,Bárbaros|Ejército de Esqueletos|P.E.K.K.A|Mago,JUGADOR_1,Mosquetera,4,0,21,,,,,
partida_47,75,TROPA_DESPLEGADA,JUGADOR_1,180,EstrategiaAgresiva,EstrategiaDefensiva,0,1,P.E.K.K.A|Bárbaros|Mago|Caballero,Bárbaros|Ejército de Esqueletos|P.E.K.K.A|Mosquetera,JUGADOR_2,Mago,5,6,28,,,,,
partida_47,85,TROPA_DESPLEGADA,JUGADOR_1,180,EstrategiaAgresiva,EstrategiaDefensiva,0,4,P.E.K.K.A|Bárbaros|Mago|Arqueras,Bárbaros|Ejército de Esqueletos|P.E.K.K.A|Mosquetera,JUGADOR_1,Caballero,3,0,21,,,,,
partida_47,87,TROPA_DESPLEGADA,JUGADOR_1,180,EstrategiaAgresiva,EstrategiaDefensiva,1,1,P.E.K.K.A|Bárbaros|Mago|Arqueras,Bárbaros|Ejército de Esqueletos|P.E.K.K.A|Príncipe,JUGADOR_2,Mosquetera,4,6,28,,,,,
partida_47,94,TROPA_DESPLEGADA,JUGADOR_1,180,EstrategiaAgresiva,EstrategiaDefensiva,0,3,P.E.K.K.A|Bárbaros|Mago|Príncipe,Bárbaros|Ejército de Esqueletos|P.E.K.K.A|Príncipe,JUGADOR_1,Arqueras,3,0,21,,,,,
partida_47,100,TROPA_DESPLEGADA,JUGADOR_1,180,EstrategiaAgresiva,EstrategiaDefensiva,2,0,P.E.K.K.A|Bárbaros|Mago|Príncipe,Bárbaros|Ejército de Esqueletos|P.E.K.K.A|Mini P.E.K.K.A,JUGADOR_2,Príncipe,5,6,28,,,,,
partida_47,111,TROPA_DESPLEGADA,JUGADOR_1,180,EstrategiaAgresiva,EstrategiaDefensiva,1,4,P.E.K.K.A|Bárbaros|Mago|Ejército de Esqueletos,Bárbaros|Ejército de Esqueletos|P.E.K.K.A|Mini P.E.K.K.A,JUGADOR_1,Príncipe,5,0,20,,,,,
partida_47,117,TROPA_DESPLEGADA,JUGADOR_1,180,EstrategiaAgresiva,EstrategiaDefensiva,0,6,P.E.K.K.A|Bárbaros|Mago|Mosquetera,Bárbaros|Ejército de Esqueletos|P.E.K.K.A|Mini P.E.K.K.A,JUGADOR_1,Ejército de Esqueletos,3,0,21,,,,,
partida_47,117,TROPA_DESPLEGADA,JUGADOR_1,180,EstrategiaAgresiva,EstrategiaDefensiva,0,2,P.E.K.K.A|Bárbaros|Mago|Mosquetera,Bárbaros|Ejército de Esqueletos|P.E.K.K.A|Mago de Hielo,JUGADOR_2,Mini P.E.K.K.A,4,6,28,,,,,
partida_47,127,TROPA_DESPLEGADA,JUGADOR_1,180,EstrategiaAgresiva,EstrategiaDefensiva,3,2,P.E.K.K.A|Bárbaros|Mago|Mosquetera,Bárbaros|Ejército de Esqueletos|P.E.K.K.A|Mago,JUGADOR_2,Mago de Hielo,3,6,28,,,,,
partida_47,129,TROPA_DESPLEGADA,JUGADOR_1,180,EstrategiaAgresiva,EstrategiaDefensiva,0,3,P.E.K.K.A|Bárbaros|Mago|Caballero,Bárbaros|Ejército de Esqueletos|P.E.K.K.A|Mago,JUGADOR_1,Mosquetera,4,0,21,,,,,
partida_47,135,TROPA_DESPLEGADA,JUGADOR_1,180,EstrategiaAgresiva,EstrategiaDefensiva,2,0,P.E.K.K.A|Bárbaros|Mago|Caballero,Bárbaros|Ejército de Esqueletos|P.E.K.K.A|Mosquetera,JUGADOR_2,Mago,5,6,28,,,,,
partida_47,138,TROPA_DESPLEGADA,JUGADOR_1,180,EstrategiaAgresiva,EstrategiaDefensiva,0,1,P.E.K.K.A|Bárbaros|Mago|Arqueras,Bárbaros|Ejército de Esqueletos|P.E.K.K.A|Mosquetera,JUGADOR_1,Caballero,3,0,20,,,,,
partida_47,147,TROPA_DESPLEGADA,JUGADOR_1,180,EstrategiaAgresiva,EstrategiaDefensiva,0,4,P.E.K.K.A|Bárbaros|Mago|Príncipe,Bárbaros|Ejército de Esqueletos|P.E.K.K.A|Mosquetera,JUGADOR_1,Arqueras,3,0,21,,,,,
partida_47,150,TROPA_DESPLEGADA,JUGADOR_1,180,EstrategiaAgresiva,EstrategiaDefensiva,1,1,P.E.K.K.A|Bárbaros|Mago|Príncipe,Bárbaros|Ejército de Esqueletos|P.E.K.K.A|Príncipe,JUGADOR_2,Mosquetera,4,6,28,,,,,
partida_47,162,TROPA_DESPLEGADA,JUGADOR_1,180,EstrategiaAgresiva,EstrategiaDefensiva,0,5,P.E.K.K.A|Bárbaros|Mago|Ejército de Esqueletos,Bárbaros|Ejército de Esqueletos|P.E.K.K.A|Príncipe,JUGADOR_1,Príncipe,5,0,21,,,,,
partida_47,162,TROPA_DESPLEGADA,JUGADOR_1,180,EstrategiaAgresiva,EstrategiaDefensiva,0,0,P.E.K.K.A|Bárbaros|Mago|Ejército de Esqueletos,Bárbaros|Ejército de Esqueletos|P.E.K.K.A|Mini P.E.K.K.A,JUGADOR_2,Príncipe,5,6,28,,,,,
partida_47,172,TROPA_DESPLEGADA,JUGADOR_1,180,EstrategiaAgresiva,EstrategiaDefensiva,0,3,P.E.K.K.A|Bárbaros|Mago|Mosquetera,Bárbaros|Ejército de Esqueletos|P.E.K.K.A|Mini P.E.K.K.A,JUGADOR_1,Ejército de Esqueletos,3,0,21,,,,,
partida_47,177,TROPA_DESPLEGADA,JUGADOR_1,180,EstrategiaAgresiva,EstrategiaDefensiva,2,1,P.E.K.K.A|Bárbaros|Mago|Mosquetera,Bárbaros|Ejército de Esqueletos|P.E.K.K.A|Mago de Hielo,JUGADOR_2,Mini P.E.K.K.A,4,6,28,,,,,
partida_47,180,PARTIDA_TERMINADA,JUGADOR_1,180,EstrategiaAgresiva,EstrategiaDefensiva,3,2,P.E.K.K.A|Bárbaros|Mago|Mosquetera,Bárbaros|Ejército de Esqueletos|P.E.K.K.A|Mago de Hielo,,,,,,,,,,
partida_48,1,TROPA_DESPLEGADA,JUGADOR_1,180,EstrategiaDefensiva,EstrategiaDefensiva,0,5,Valquiria|Mago|Mini P.E.K.K.A|P.E.K.K.A,Bárbaros|Mosquetera|Caballero|Príncipe,JUGADOR_1,Príncipe,5,6,2,,,,,
partida_48,2,TROPA_DESPLEGADA,JUGADOR_1,180,EstrategiaDefensiva,EstrategiaDefensiva,0,0,Valquiria|Mago|Mini P.E.K.K.A|P.E.K.K.A,Bárbaros|Mosquetera|Caballero|Mago de Hielo,JUGADOR_2,Príncipe,5,6,28,,,,,
partida_48,15,TROPA_DESPLEGADA,JUGADOR_1,180,EstrategiaDefensiva,EstrategiaDefensiva,1,5,Mago|Mini P.E.K.K.A|P.E.K.K.A|Bárbaros,Bárbaros|Mosquetera|Caballero|Mago de Hielo,JUGADOR_1,Valquiria,4,6,2,,,,,
partida_48,18,TROPA_DESPLEGADA,JUGADOR_1,180,EstrategiaDefensiva,EstrategiaDefensiva,2,3,Mago|Mini P.E.K.K.A|P.E.K.K.A|Bárbaros,Bárbaros|Mosquetera|Mago de Hielo|Ejército de Esqueletos,JUGADOR_2,Caballero,3,6,28,,,,,
partida_48,24,TROPA_DESPLEGADA,JUGADOR_1,180,EstrategiaDefensiva,EstrategiaDefensiva,4,2,Mago|Mini P.E.K.K.A|P.E.K.K.A|Bárbaros,Bárbaros|Mosquetera|Ejército de Esqueletos|Arqueras,JUGADOR_2,Mago de Hielo,3,6,28,,,,,
partida_48,27,TROPA_DESPLEGADA,JUGADOR_1,180,EstrategiaDefensiva,EstrategiaDefensiva,1,3,Mago|P.E.K.K.A|Bárbaros|Arqueras,Bárbaros|Mosquetera|Ejército de Esqueletos|Arqueras,JUGADOR_1,Mini P.E.K.K.A,4,6,2,,,,,
partida_48,33,TROPA_DESPLEGADA,JUGADOR_1,180,EstrategiaDefensiva,EstrategiaDefensiva,3,1,Mago|P.E.K.K.A|Bárbaros|Arqueras,Bárbaros|Ejército de Esqueletos|Arqueras|Valquiria,JUGADOR_2,Mosquetera,4,6,28,,,,,
partida_48,40,TROPA_DESPLEGADA,JUGADOR_1,180,EstrategiaDefensiva,EstrategiaDefensiva,0,3,P.E.K.K.A|Bárbaros|Arqueras|Gigante,Bárbaros|Ejército de Esqueletos|Arqueras|Valquiria,JUGADOR_1,Mago,5,6,2,,,,,
partida_48,48,TROPA_DESPLEGADA,JUGADOR_1,180,EstrategiaDefensiva,EstrategiaDefensiva,3,2,P.E.K.K.A|Bárbaros|Arqueras|Gigante,Bárbaros|Ejército de Esqueletos|Arqueras|Príncipe,JUGADOR_2,Valquiria,4,6,28,,,,,
partida_48,54,TROPA_DESPLEGADA,JUGADOR_1,180,EstrategiaDefensiva,EstrategiaDefensiva,0,4,P.E.K.K.A|Bárbaros|Arqueras|Príncipe,Bárbaros|Ejército de Esqueletos|Arqueras|Príncipe,JUGADOR_1,Gigante,5,6,2,,,,,
partida_48,59,TROPA_DESPLEGADA,JUGADOR_1,180,EstrategiaDefensiva,EstrategiaDefensiva,1,0,P.E.K.K.A|Bárbaros|Arqueras|Príncipe,Bárbaros|Ejército de Esqueletos|Arqueras|Caballero,JUGADOR_2,Príncipe,5,6,28,,,,,
partida_48,70,TROPA_DESPLEGADA,JUGADOR_1,180,EstrategiaDefensiva,EstrategiaDefensiva,0,4,P.E.K.K.A|Bárbaros|Arqueras|Valquiria,Bárbaros|Ejército de Esqueletos|Arqueras|Caballero,JUGADOR_1,Príncipe,5,6,2,,,,,
partida_48,74,TROPA_DESPLEGADA,JUGADOR_1,180,EstrategiaDefensiva,EstrategiaDefensiva,1,2,P.E.K.K.A|Bárbaros|Arqueras|Valquiria,Bárbaros|Ejército de Esqueletos|Arqueras|Mago de Hielo,JUGADOR_2,Caballero,3,6,28,,,,,
partida_48,82,TROPA_DESPLEGADA,JUGADOR_1,180,EstrategiaDefensiva,EstrategiaDefensiva,4,2,P.E.K.K.A|Bárbaros|Arqueras|Valquiria,Bárbaros|Ejército de Esqueletos|Arqueras|Mosquetera,JUGADOR_2,Mago de Hielo,3,6,28,,,,,
partida_48,84,TROPA_DESPLEGADA,JUGADOR_1,180,EstrategiaDefensiva,EstrategiaDefensiva,1,3,P.E.K.K.A|Bárbaros|Arqueras|Mini P.E.K.K.A,Bárbaros|Ejército de Esqueletos|Arqueras|Mosquetera,JUGADOR_1,Valquiria,4,6,2,,,,,
partida_48,92,TROPA_DESPLEGADA,JUGADOR_1,180,EstrategiaDefensiva,EstrategiaDefensiva,3,1,P.E.K.K.A|Bárbaros|Arqueras|Mini P.E.K.K.A,Bárbaros|Ejército de Esqueletos|Arqueras|Valquiria,JUGADOR_2,Mosquetera,4,6,28,,,,,
partida_48,96,TROPA_DESPLEGADA,JUGADOR_1,180,EstrategiaDefensiva,EstrategiaDefensiva,1,3,P.E.K.K.A|Bárbaros|Arqueras|Mago,Bárbaros|Ejército de Esqueletos|Arqueras|Valquiria,JUGADOR_1,Mini P.E.K.K.A,4,6,2,,,,,
partida_48,104,TROPA_DESPLEGADA,JUGADOR_1,180,EstrategiaDefensiva,EstrategiaDefensiva,3,1,P.E.K.K.A|Bárbaros|Arqueras|Mago,Bárbaros|Ejército de Esqueletos|Arqueras|Príncipe,JUGADOR_2,Valquiria,4,6,28,,,,,
partida_48,109,TROPA_DESPLEGADA,JUGADOR_1,180,EstrategiaDefensiva,EstrategiaDefensiva,0,3,P.E.K.K.A|Bárbaros|Arqueras|Gigante,Bárbaros|Ejército de Esqueletos|Arqueras|Príncipe,JUGADOR_1,Mago,5,6,2,,,,,
partida_48,114,TROPA_DESPLEGADA,JUGADOR_1,180,EstrategiaDefensiva,EstrategiaDefensiva,2,0,P.E.K.K.A|Bárbaros|Arqueras|Gigante,Bárbaros|Ejército de Esqueletos|Arqueras|Caballero,JUGADOR_2,Príncipe,5,6,28,,,,,
partida_48,125,TROPA_DESPLEGADA,JUGADOR_1,180,EstrategiaDefensiva,EstrategiaDefensiva,0,3,P.E.K.K.A|Bárbaros|Arqueras|Príncipe,Bárbaros|Ejército de Esqueletos|Arqueras|Caballero,JUGADOR_1,Gigante,5,6,2,,,,,
partida_48,129,TROPA_DESPLEGADA,JUGADOR_1,180,EstrategiaDefensiva,EstrategiaDefensiva,2,2,P.E.K.K.A|Bárbaros|Arqueras|Príncipe,Bárbaros|Ejército de Esqueletos|Arqueras|Mago de Hielo,JUGADOR_2,Caballero,3,6,28,,,,,
partida_48,138,TROPA_DESPLEGADA,JUGADOR_1,180,EstrategiaDefensiva,EstrategiaDefensiva,0,5,P.E.K.K.A|Bárbaros|Arqueras|Valquiria,Bárbaros|Ejército de Esqueletos|Arqueras|Mago de Hielo,JUGADOR_1,Príncipe,5,6,2,,,,,
partida_48,143,TROPA_DESPLEGADA,JUGADOR_1,180,EstrategiaDefensiva,EstrategiaDefensiva,1,3,P.E.K.K.A|Bárbaros|Arqueras|Valquiria,Bárbaros|Ejército de Esqueletos|Arqueras|Mosquetera,JUGADOR_2,Mago de Hielo,3,6,28,,,,,
partida_48,147,TROPA_DESPLEGADA,JUGADOR_1,180,EstrategiaDefensiva,EstrategiaDefensiva,3,1,P.E.K.K.A|Bárbaros|Arqueras|Valquiria,Bárbaros|Ejército de Esqueletos|Arqueras|Valquiria,JUGADOR_2,Mosquetera,4,6,28,,,,,
partida_48,153,TROPA_DESPLEGADA,JUGADOR_1,180,EstrategiaDefensiva,EstrategiaDefensiva,1,3,P.E.K.K.A|Bárbaros|Arqueras|Mini P.E.K.K.A,Bárbaros|Ejército de Esqueletos|Arqueras|Valquiria,JUGADOR_1,Valquiria,4,6,2,,,,,
partida_48,160,TROPA_DESPLEGADA,JUGADOR_1,180,EstrategiaDefensiva,EstrategiaDefensiva,3,1,P.E.K.K.A|Bárbaros|Arqueras|Mini P.E.K.K.A,Bárbaros|Ejército de Esqueletos|Arqueras|Príncipe,JUGADOR_2,Valquiria,4,6,28,,,,,
partida_48,165,TROPA_DESPLEGADA,JUGADOR_1,180,EstrategiaDefensiva,EstrategiaDefensiva,1,3,P.E.K.K.A|Bárbaros|Arqueras|Mago,Bárbaros|Ejército de Esqueletos|Arqueras|Príncipe,JUGADOR_1,Mini P.E.K.K.A,4,6,2,,,,,
partida_48,171,TROPA_DESPLEGADA,JUGADOR_1,180,EstrategiaDefensiva,EstrategiaDefensiva,3,0,P.E.K.K.A|Bárbaros|Arqueras|Mago,Bárbaros|Ejército de Esqueletos|Arqueras|Caballero,JUGADOR_2,Príncipe,5,6,28,,,,,
partida_48,177,TROPA_DESPLEGADA,JUGADOR_1,180,EstrategiaDefensiva,EstrategiaDefensiva,0,2,P.E.K.K.A|Bárbaros|Arqueras|Gigante,Bárbaros|Ejército de Esqueletos|Arqueras|Caballero,JUGADOR_1,Mago,5,6,2,,,,,
partida_48,180,PARTIDA_TERMINADA,JUGADOR_1,180,EstrategiaDefensiva,EstrategiaDefensiva,1,3,P.E.K.K.A|Bárbaros|Arqueras|Gigante,Bárbaros|Ejército de Esqueletos|Arqueras|Caballero,,,,,,,,,,
partida_49,2,TROPA_DESPLEGADA,JUGADOR_1,136,EstrategiaDefensiva,EstrategiaDefensiva,0,5,Caballero|Mago|Bárbaros|Valquiria,Mosquetera|Arqueras|Gigante|Valquiria,JUGADOR_1,Príncipe,5,6,2,,,,,
partida_49,2,TROPA_DESPLEGADA,JUGADOR_1,136,EstrategiaDefensiva,EstrategiaDefensiva,0,0,Caballero|Mago|Bárbaros|Valquiria,Mosquetera|Arqueras|Valquiria|Bárbaros,JUGADOR_2,Gigante,5,6,28,,,,,
partida_49,15,TROPA_DESPLEGADA,JUGADOR_1,136,EstrategiaDefensiva,EstrategiaDefensiva,5,1,Caballero|Mago|Bárbaros|Valquiria,Mosquetera|Arqueras|Bárbaros|Caballero,JUGADOR_2,Valquiria,4,6,28,,,,,
partida_49,16,TROPA_DESPLEGADA,JUGADOR_1,136,EstrategiaDefensiva,EstrategiaDefensiva,1,1,Caballero|Mago|Bárbaros|Ejército de Esqueletos,Mosquetera|Arqueras|Bárbaros|Caballero,JUGADOR_1,Valquiria,4,6,2,,,,,
partida_49,27,TROPA_DESPLEGADA,JUGADOR_1,136,EstrategiaDefensiva,EstrategiaDefensiva,5,2,Caballero|Mago|Bárbaros|Ejército de Esqueletos,Mosquetera|Arqueras|Bárbaros|Mago de Hielo,JUGADOR_2,Caballero,3,6,28,,,,,
partida_49,29,TROPA_DESPLEGADA,JUGADOR_1,136,EstrategiaDefensiva,EstrategiaDefensiva,2,2,Mago|Bárbaros|Ejército de Esqueletos|P.E.K.K.A,Mosquetera|Arqueras|Bárbaros|Mago de Hielo,JUGADOR_1,Caballero,3,6,2,,,,,
partida_49,36,TROPA_DESPLEGADA,JUGADOR_1,136,EstrategiaDefensiva,EstrategiaDefensiva,0,5,Bárbaros|Ejército de Esqueletos|P.E.K.K.A|Mini P.E.K.K.A,Mosquetera|Arqueras|Bárbaros|Mago de Hielo,JUGADOR_1,Mago,5,6,2,,,,,
partida_49,36,TROPA_DESPLEGADA,JUGADOR_1,136,EstrategiaDefensiva,EstrategiaDefensiva,0,2,Bárbaros|Ejército de Esqueletos|P.E.K.K.A|Mini P.E.K.K.A,Mosquetera|Arqueras|Bárbaros|Mago,JUGADOR_2,Mago de Hielo,3,6,28,,,,,
partida_49,46,TROPA_DESPLEGADA,JUGADOR_1,136,EstrategiaDefensiva,EstrategiaDefensiva,3,1,Bárbaros|Ejército de Esqueletos|P.E.K.K.A|Mini P.E.K.K.A,Arqueras|Bárbaros|Mago|Gigante,JUGADOR_2,Mosquetera,4,6,28,,,,,
partida_49,53,TROPA_DESPLEGADA,JUGADOR_1,136,EstrategiaDefensiva,EstrategiaDefensiva,1,3,Bárbaros|Ejército de Esqueletos|P.E.K.K.A|Príncipe,Arqueras|Bárbaros|Mago|Gigante,JUGADOR_1,Mini P.E.K.K.A,4,6,2,,,,,
partida_49,61,TROPA_DESPLEGADA,JUGADOR_1,136,EstrategiaDefensiva,EstrategiaDefensiva,4,1,Bárbaros|Ejército de Esqueletos|P.E.K.K.A|Príncipe,Arqueras|Bárbaros|Mago|Valquiria,JUGADOR_2,Gigante,5,6,28,,,,,
partida_49,63,TROPA_DESPLEGADA,JUGADOR_1,136,EstrategiaDefensiva,EstrategiaDefensiva,0,2,Bárbaros|Ejército de Esqueletos|P.E.K.K.A|Valquiria,Arqueras|Bárbaros|Mago|Valquiria,JUGADOR_1,Príncipe,5,6,2,,,,,
partida_49,78,TROPA_DESPLEGADA,JUGADOR_1,136,EstrategiaDefensiva,EstrategiaDefensiva,1,7,Bárbaros|Ejército de Esqueletos|P.E.K.K.A|Caballero,Arqueras|Bárbaros|Mago|Valquiria,JUGADOR_1,Valquiria,4,6,2,,,,,
partida_49,83,TROPA_DESPLEGADA,JUGADOR_1,136,EstrategiaDefensiva,EstrategiaDefensiva,2,4,Bárbaros|Ejército de Esqueletos|P.E.K.K.A|Caballero,Arqueras|Bárbaros|Mago|Caballero,JUGADOR_2,Valquiria,4,6,28,,,,,
partida_49,85,TROPA_DESPLEGADA,JUGADOR_1,136,EstrategiaDefensiva,EstrategiaDefensiva,3,2,Bárbaros|Ejército de Esqueletos|P.E.K.K.A|Caballero,Arqueras|Bárbaros|Mago|Mago de Hielo,JUGADOR_2,Caballero,3,6,28,,,,,
partida_49,92,TROPA_DESPLEGADA,JUGADOR_1,136,EstrategiaDefensiva,EstrategiaDefensiva,2,4,Bárbaros|Ejército de Esqueletos|P.E.K.K.A|Mago,Arqueras|Bárbaros|Mago|Mago de Hielo,JUGADOR_1,Caballero,3,6,2,,,,,
partida_49,94,TROPA_DESPLEGADA,JUGADOR_1,136,EstrategiaDefensiva,EstrategiaDefensiva,3,2,Bárbaros|Ejército de Esqueletos|P.E.K.K.A|Mago,Arqueras|Bárbaros|Mago|Mosquetera,JUGADOR_2,Mago de Hielo,3,6,28,,,,,
partida_49,102,TROPA_DESPLEGADA,JUGADOR_1,136,EstrategiaDefensiva,EstrategiaDefensiva,6,0,Bárbaros|Ejército de Esqueletos|P.E.K.K.A|Mago,Arqueras|Bárbaros|Mosquetera|Gigante,JUGADOR_2,Mago,5,6,28,,,,,
partida_49,103,TROPA_DESPLEGADA,JUGADOR_1,136,EstrategiaDefensiva,EstrategiaDefensiva,1,0,Bárbaros|Ejército de Esqueletos|P.E.K.K.A|Mini P.E.K.K.A,Arqueras|Bárbaros|Mosquetera|Gigante,JUGADOR_1,Mago,5,6,2,,,,,
partida_49,117,TROPA_DESPLEGADA,JUGADOR_1,136,EstrategiaDefensiva,EstrategiaDefensiva,2,5,Bárbaros|Ejército de Esqueletos|P.E.K.K.A|Príncipe,Arqueras|Bárbaros|Mosquetera|Gigante,JUGADOR_1,Mini P.E.K.K.A,4,6,2,,,,,
partida_49,117,TROPA_DESPLEGADA,JUGADOR_1,136,EstrategiaDefensiva,EstrategiaDefensiva,2,0,Bárbaros|Ejército de Esqueletos|P.E.K.K.A|Príncipe,Arqueras|Bárbaros|Mosquetera|Valquiria,JUGADOR_2,Gigante,5,6,28,,,,,
partida_49,128,TROPA_DESPLEGADA,JUGADOR_1,136,EstrategiaDefensiva,EstrategiaDefensiva,0,3,Bárbaros|Ejército de Esqueletos|P.E.K.K.A|Valquiria,Arqueras|Bárbaros|Mosquetera|Valquiria,JUGADOR_1,Príncipe,5,6,2,,,,,
partida_49,133,TROPA_DESPLEGADA,JUGADOR_1,136,EstrategiaDefensiva,EstrategiaDefensiva,2,1,Bárbaros|Ejército de Esqueletos|P.E.K.K.A|Valquiria,Arqueras|Bárbaros|Mosquetera|Caballero,JUGADOR_2,Valquiria,4,6,28,,,,,
partida_49,136,PARTIDA_TERMINADA,JUGADOR_1,136,EstrategiaDefensiva,EstrategiaDefensiva,3,2,Bárbaros|Ejército de Esqueletos|P.E.K.K.A|Valquiria,Arqueras|Bárbaros|Mosquetera|Caballero,,,,,,,,,,
partida_50,3,TROPA_DESPLEGADA,JUGADOR_1,180,EstrategiaAleatoria,EstrategiaAleatoria,6,1,Mini P.E.K.K.A|Gigante|Mosquetera|Ejército de Esqueletos,Mago|Arqueras|Caballero|P.E.K.K.A,JUGADOR_2,Gigante,5,6,27,,,,,
partida_50,4,TROPA_DESPLEGADA,JUGADOR_1,180,EstrategiaAleatoria,EstrategiaAleatoria,2,1,Mini P.E.K.K.A|Gigante|Ejército de Esqueletos|Arqueras,Mago|Arqueras|Caballero|P.E.K.K.A,JUGADOR_1,Mosquetera,4,0,6,,,,,
partida_50,6,TROPA_DESPLEGADA,JUGADOR_1,180,EstrategiaAleatoria,EstrategiaAleatoria,0,2,Mini P.E.K.K.A|Gigante|Arqueras|Caballero,Mago|Arqueras|Caballero|P.E.K.K.A,JUGADOR_1,Ejército de Esqueletos,3,12,11,,,,,
partida_50,15,TROPA_DESPLEGADA,JUGADOR_1,180,EstrategiaAleatoria,EstrategiaAleatoria,0,5,Mini P.E.K.K.A|Gigante|Arqueras|Mago de Hielo,Mago|Arqueras|Caballero|P.E.K.K.A,JUGADOR_1,Caballero,3,17,0,,,,,
partida_50,15,TROPA_DESPLEGADA,JUGADOR_1,180,EstrategiaAleatoria,EstrategiaAleatoria,0,0,Mini P.E.K.K.A|Gigante|Arqueras|Mago de Hielo,Arqueras|Caballero|P.E.K.K.A|Príncipe,JUGADOR_2,Mago,5,7,31,,,,,
partida_50,24,TROPA_DESPLEGADA,JUGADOR_1,180,EstrategiaAleatoria,EstrategiaAleatoria,3,0,Mini P.E.K.K.A|Gigante|Arqueras|Mago de Hielo,Arqueras|P.E.K.K.A|Príncipe|Ejército de Esqueletos,JUGADOR_2,Caballero,3,10,25,,,,,
partida_50,25,TROPA_DESPLEGADA,JUGADOR_1,180,EstrategiaAleatoria,EstrategiaAleatoria,0,0,Mini P.E.K.K.A|Gigante|Arqueras|Príncipe,Arqueras|P.E.K.K.A|Príncipe|Ejército de Esqueletos,JUGADOR_1,Mago de Hielo,3,15,11,,,,,
partida_50,33,TROPA_DESPLEGADA,JUGADOR_1,180,EstrategiaAleatoria,EstrategiaAleatoria,0,3,Mini P.E.K.K.A|Gigante|Príncipe|Mosquetera,Arqueras|P.E.K.K.A|Príncipe|Ejército de Esqueletos,JUGADOR_1,Arqueras,3,10,13,,,,,
partida_50,33,TROPA_DESPLEGADA,JUGADOR_1,180,EstrategiaAleatoria,EstrategiaAleatoria,0,0,Mini P.E.K.K.A|Gigante|Príncipe|Mosquetera,Arqueras|P.E.K.K.A|Príncipe|Mosquetera,JUGADOR_2,Ejército de Esqueletos,3,11,19,,,,,
partida_50,42,TROPA_DESPLEGADA,JUGADOR_1,180,EstrategiaAleatoria,EstrategiaAleatoria,3,0,Mini P.E.K.K.A|Gigante|Príncipe|Mosquetera,P.E.K.K.A|Príncipe|Mosquetera|Gigante,JUGADOR_2,Arqueras,3,6,20,,,,,
partida_50,45,TROPA_DESPLEGADA,JUGADOR_1,180,EstrategiaAleatoria,EstrategiaAleatoria,0,1,Gigante|Príncipe|Mosquetera|Ejército de Esqueletos,P.E.K.K.A|Príncipe|Mosquetera|Gigante,JUGADOR_1,Mini P.E.K.K.A,4,1,14,,,,,
partida_50,58,TROPA_DESPLEGADA,JUGADOR_1,180,EstrategiaAleatoria,EstrategiaAleatoria,4,0,Gigante|Príncipe|Mosquetera|Ejército de Esqueletos,P.E.K.K.A|Mosquetera|Gigante|Mago,JUGADOR_2,Príncipe,5,13,31,,,,,
partida_50,59,TROPA_DESPLEGADA,JUGADOR_1,180,EstrategiaAleatoria,EstrategiaAleatoria,1,0,Gigante|Príncipe|Mosquetera|Caballero,P.E.K.K.A|Mosquetera|Gigante|Mago,JUGADOR_1,Ejército de Esqueletos,3,12,11,,,,,
partida_50,66,TROPA_DESPLEGADA,JUGADOR_1,180,EstrategiaAleatoria,EstrategiaAleatoria,0,3,Gigante|Príncipe|Caballero|Mago de Hielo,P.E.K.K.A|Mosquetera|Gigante|Mago,JUGADOR_1,Mosquetera,4,15,9,,,,,
partida_50,69,TROPA_DESPLEGADA,JUGADOR_1,180,EstrategiaAleatoria,EstrategiaAleatoria,1,0,Gigante|Príncipe|Caballero|Mago de Hielo,P.E.K.K.A|Gigante|Mago|Caballero,JUGADOR_2,Mosquetera,4,3,31,,,,,
partida_50,76,TROPA_DESPLEGADA,JUGADOR_1,180,EstrategiaAleatoria,EstrategiaAleatoria,0,2,Gigante|Príncipe|Mago de Hielo|Arqueras,P.E.K.K.A|Gigante|Mago|Caballero,JUGADOR_1,Caballero,3,11,6,,,,,
partida_50,78,TROPA_DESPLEGADA,JUGADOR_1,180,EstrategiaAleatoria,EstrategiaAleatoria,1,0,Gigante|Príncipe|Mago de Hielo|Arqueras,P.E.K.K.A|Gigante|Mago|Ejército de Esqueletos,JUGADOR_2,Caballero,3,7,25,,,,,
partida_50,84,TROPA_DESPLEGADA,JUGADOR_1,180,EstrategiaAleatoria,EstrategiaAleatoria,0,2,Gigante|Príncipe|Arqueras|Mini P.E.K.K.A,P.E.K.K.A|Gigante|Mago|Ejército de Esqueletos,JUGADOR_1,Mago de Hielo,3,8,12,,,,,
partida_50,87,TROPA_DESPLEGADA,JUGADOR_1,180,EstrategiaAleatoria,EstrategiaAleatoria,1,0,Gigante|Príncipe|Arqueras|Mini P.E.K.K.A,P.E.K.K.A|Gigante|Mago|Arqueras,JUGADOR_2,Ejército de Esqueletos,3,2,29,,,,,
partida_50,93,TROPA_DESPLEGADA,JUGADOR_1,180,EstrategiaAleatoria,EstrategiaAleatoria,0,2,Gigante|Príncipe|Mini P.E.K.K.A|Ejército de Esqueletos,P.E.K.K.A|Gigante|Mago|Arqueras,JUGADOR_1,Arqueras,3,1,2,,,,,
partida_50,98,TROPA_DESPLEGADA,JUGADOR_1,180,EstrategiaAleatoria,EstrategiaAleatoria,1,0,Gigante|Príncipe|Mini P.E.K.K.A|Ejército de Esqueletos,P.E.K.K.A|Gigante|Mago|Príncipe,JUGADOR_2,Arqueras,3,13,18,,,,,
partida_50,102,TROPA_DESPLEGADA,JUGADOR_1,180,EstrategiaAleatoria,EstrategiaAleatoria,0,2,Gigante|Príncipe|Mini P.E.K.K.A|Mosquetera,P.E.K.K.A|Gigante|Mago|Príncipe,JUGADOR_1,Ejército de Esqueletos,3,12,5,,,,,
partida_50,111,TROPA_DESPLEGADA,JUGADOR_1,180,EstrategiaAleatoria,EstrategiaAleatoria,3,0,Gigante|Príncipe|Mini P.E.K.K.A|Mosquetera,P.E.K.K.A|Gigante|Príncipe|Mosquetera,JUGADOR_2,Mago,5,6,26,,,,,
partida_50,114,TROPA_DESPLEGADA,JUGADOR_1,180,EstrategiaAleatoria,EstrategiaAleatoria,0,1,Gigante|Príncipe|Mosquetera|Caballero,P.E.K.K.A|Gigante|Príncipe|Mosquetera,JUGADOR_1,Mini P.E.K.K.A,4,0,11,,,,,
partida_50,123,TROPA_DESPLEGADA,JUGADOR_1,180,EstrategiaAleatoria,EstrategiaAleatoria,0,4,Gigante|Príncipe|Mosquetera|Mago de Hielo,P.E.K.K.A|Gigante|Príncipe|Mosquetera,JUGADOR_1,Caballero,3,12,8,,,,,
partida_50,125,TROPA_DESPLEGADA,JUGADOR_1,180,EstrategiaAleatoria,EstrategiaAleatoria,0,0,Gigante|Príncipe|Mosquetera|Mago de Hielo,P.E.K.K.A|Gigante|Príncipe|Caballero,JUGADOR_2,Mosquetera,4,16,26,,,,,
partida_50,132,TROPA_DESPLEGADA,JUGADOR_1,180,EstrategiaAleatoria,EstrategiaAleatoria,0,3,Gigante|Príncipe|Mosquetera|Arqueras,P.E.K.K.A|Gigante|Príncipe|Caballero,JUGADOR_1,Mago de Hielo,3,1,4,,,,,
partida_50,139,TROPA_DESPLEGADA,JUGADOR_1,180,EstrategiaAleatoria,EstrategiaAleatoria,2,0,Gigante|Príncipe|Mosquetera|Arqueras,P.E.K.K.A|Gigante|Caballero|Ejército de Esqueletos,JUGADOR_2,Príncipe,5,6,30,,,,,
partida_50,141,TROPA_DESPLEGADA,JUGADOR_1,180,EstrategiaAleatoria,EstrategiaAleatoria,0,1,Gigante|Príncipe|Mosquetera|Ejército de Esqueletos,P.E.K.K.A|Gigante|Caballero|Ejército de Esqueletos,JUGADOR_1,Arqueras,3,6,2,,,,,
partida_50,147,TROPA_DESPLEGADA,JUGADOR_1,180,EstrategiaAleatoria,EstrategiaAleatoria,2,0,Gigante|Príncipe|Mosquetera|Ejército de Esqueletos,P.E.K.K.A|Gigante|Ejército de Esqueletos|Arqueras,JUGADOR_2,Caballero,3,12,21,,,,,
partida_50,150,TROPA_DESPLEGADA,JUGADOR_1,180,EstrategiaAleatoria,EstrategiaAleatoria,0,1,Gigante|Príncipe|Mosquetera|Mini P.E.K.K.A,P.E.K.K.A|Gigante|Ejército de Esqueletos|Arqueras,JUGADOR_1,Ejército de Esqueletos,3,3,14,,,,,
partida_50,162,TROPA_DESPLEGADA,JUGADOR_1,180,EstrategiaAleatoria,EstrategiaAleatoria,4,2,Gigante|Príncipe|Mosquetera|Mini P.E.K.K.A,P.E.K.K.A|Gigante|Arqueras|Mago,JUGADOR_2,Ejército de Esqueletos,3,16,22,,,,,
partida_50,163,TROPA_DESPLEGADA,JUGADOR_1,180,EstrategiaAleatoria,EstrategiaAleatoria,0,2,Gigante|Príncipe|Mini P.E.K.K.A|Caballero,P.E.K.K.A|Gigante|Arqueras|Mago,JUGADOR_1,Mosquetera,4,13,8,,,,,
partida_50,165,TROPA_DESPLEGADA,JUGADOR_1,180,EstrategiaAleatoria,EstrategiaAleatoria,1,0,Gigante|Príncipe|Mini P.E.K.K.A|Caballero,P.E.K.K.A|Gigante|Mago|Mosquetera,JUGADOR_2,Arqueras,3,17,24,,,,,
partida_50,171,TROPA_DESPLEGADA,JUGADOR_1,180,EstrategiaAleatoria,EstrategiaAleatoria,0,2,Gigante|Príncipe|Mini P.E.K.K.A|Mago de Hielo,P.E.K.K.A|Gigante|Mago|Mosquetera,JUGADOR_1,Caballero,3,0,21,,,,,
partida_50,180,TROPA_DESPLEGADA,JUGADOR_1,180,EstrategiaAleatoria,EstrategiaAleatoria,3,1,Gigante|Príncipe|Mini P.E.K.K.A|Mago de Hielo,P.E.K.K.A|Gigante|Mago|Príncipe,JUGADOR_2,Mosquetera,4,13,31,,,,,
partida_50,180,PARTIDA_TERMINADA,JUGADOR_1,180,EstrategiaAleatoria,EstrategiaAleatoria,3,1,Gigante|Príncipe|Mini P.E.K.K.A|Mago de Hielo,P.E.K.K.A|Gigante|Mago|Príncipe,,,,,,,,,,
partida_51,1,TROPA_DESPLEGADA,JUGADOR_2,133,EstrategiaAgresiva,EstrategiaAgresiva,5,0,Caballero|Arqueras|Valquiria|Ejército de Esqueletos,Ejército de Esqueletos|Gigante|Valquiria|Mini P.E.K.K.A,JUGADOR_2,Príncipe,5,0,17,,,,,
partida_51,2,TROPA_DESPLEGADA,JUGADOR_2,133,EstrategiaAgresiva,EstrategiaAgresiva,1,0,Caballero|Arqueras|Ejército de Esqueletos|P.E.K.K.A,Ejército de Esqueletos|Gigante|Valquiria|Mini P.E.K.K.A,JUGADOR_1,Valquiria,4,0,14,,,,,
partida_51,6,TROPA_DESPLEGADA,JUGADOR_2,133,EstrategiaAgresiva,EstrategiaAgresiva,0,2,Arqueras|Ejército de Esqueletos|P.E.K.K.A|Mosquetera,Ejército de Esqueletos|Gigante|Valquiria|Mini P.E.K.K.A,JUGADOR_1,Caballero,3,0,14,,,,,
partida_51,9,TROPA_DESPLEGADA,JUGADOR_2,133,EstrategiaAgresiva,EstrategiaAgresiva,1,0,Arqueras|Ejército de Esqueletos|P.E.K.K.A|Mosquetera,Gigante|Valquiria|Mini P.E.K.K.A|Caballero,JUGADOR_2,Ejército de Esqueletos,3,0,17,,,,,
partida_51,15,TROPA_DESPLEGADA,JUGADOR_2,133,EstrategiaAgresiva,EstrategiaAgresiva,0,2,Arqueras|P.E.K.K.A|Mosquetera|Mini P.E.K.K.A,Gigante|Valquiria|Mini P.E.K.K.A|Caballero,JUGADOR_1,Ejército de Esqueletos,3,0,14,,,,,
partida_51,20,TROPA_DESPLEGADA,JUGADOR_2,133,EstrategiaAgresiva,EstrategiaAgresiva,1,0,Arqueras|P.E.K.K.A|Mosquetera|Mini P.E.K.K.A,Gigante|Valquiria|Mini P.E.K.K.A|Mosquetera,JUGADOR_2,Caballero,3,0,17,,,,,
partida_51,25,TROPA_DESPLEGADA,JUGADOR_2,133,EstrategiaAgresiva,EstrategiaAgresiva,0,2,P.E.K.K.A|Mosquetera|Mini P.E.K.K.A|Bárbaros,Gigante|Valquiria|Mini P.E.K.K.A|Mosquetera,JUGADOR_1,Arqueras,3,0,14,,,,,
partida_51,30,TROPA_DESPLEGADA,JUGADOR_2,133,EstrategiaAgresiva,EstrategiaAgresiva,2,0,P.E.K.K.A|Mosquetera|Mini P.E.K.K.A|Bárbaros,Gigante|Valquiria|Mosquetera|Arqueras,JUGADOR_2,Mini P.E.K.K.A,4,0,17,,,,,
partida_51,36,TROPA_DESPLEGADA,JUGADOR_2,133,EstrategiaAgresiva,EstrategiaAgresiva,0,2,P.E.K.K.A|Mosquetera|Bárbaros|Valquiria,Gigante|Valquiria|Mosquetera|Arqueras,JUGADOR_1,Mini P.E.K.K.A,4,0,14,,,,,
partida_51,39,TROPA_DESPLEGADA,JUGADOR_2,133,EstrategiaAgresiva,EstrategiaAgresiva,1,0,P.E.K.K.A|Mosquetera|Bárbaros|Valquiria,Gigante|Valquiria|Mosquetera|Príncipe,JUGADOR_2,Arqueras,3,0,17,,,,,
partida_51,48,TROPA_DESPLEGADA,JUGADOR_2,133,EstrategiaAgresiva,EstrategiaAgresiva,0,3,P.E.K.K.A|Mosquetera|Bárbaros|Caballero,Gigante|Valquiria|Mosquetera|Príncipe,JUGADOR_1,Valquiria,4,0,14,,,,,
partida_51,51,TROPA_DESPLEGADA,JUGADOR_2,133,EstrategiaAgresiva,EstrategiaAgresiva,1,0,P.E.K.K.A|Mosquetera|Bárbaros|Caballero,Gigante|Mosquetera|Príncipe|Ejército de Esqueletos,JUGADOR_2,Valquiria,4,0,17,,,,,
partida_51,57,TROPA_DESPLEGADA,JUGADOR_2,133,EstrategiaAgresiva,EstrategiaAgresiva,0,2,P.E.K.K.A|Mosquetera|Bárbaros|Ejército de Esqueletos,Gigante|Mosquetera|Príncipe|Ejército de Esqueletos,JUGADOR_1,Caballero,3,0,14,,,,,
partida_51,61,TROPA_DESPLEGADA,JUGADOR_2,133,EstrategiaAgresiva,EstrategiaAgresiva,1,0,P.E.K.K.A|Mosquetera|Bárbaros|Ejército de Esqueletos,Gigante|Mosquetera|Príncipe|Caballero,JUGADOR_2,Ejército de Esqueletos,3,0,17,,,,,
partida_51,66,TROPA_DESPLEGADA,JUGADOR_2,133,EstrategiaAgresiva,EstrategiaAgresiva,0,2,P.E.K.K.A|Mosquetera|Bárbaros|Arqueras,Gigante|Mosquetera|Príncipe|Caballero,JUGADOR_1,Ejército de Esqueletos,3,0,14,,,,,
partida_51,69,TROPA_DESPLEGADA,JUGADOR_2,133,EstrategiaAgresiva,EstrategiaAgresiva,1,0,P.E.K.K.A|Mosquetera|Bárbaros|Arqueras,Gigante|Mosquetera|Príncipe|Mini P.E.K.K.A,JUGADOR_2,Caballero,3,0,17,,,,,
partida_51,75,TROPA_DESPLEGADA,JUGADOR_2,133,EstrategiaAgresiva,EstrategiaAgresiva,0,2,P.E.K.K.A|Mosquetera|Bárbaros|Mini P.E.K.K.A,Gigante|Mosquetera|Príncipe|Mini P.E.K.K.A,JUGADOR_1,Arqueras,3,0,14,,,,,
partida_51,83,TROPA_DESPLEGADA,JUGADOR_2,133,EstrategiaAgresiva,EstrategiaAgresiva,2,0,P.E.K.K.A|Mosquetera|Bárbaros|Mini P.E.K.K.A,Gigante|Mosquetera|Príncipe|Arqueras,JUGADOR_2,Mini P.E.K.K.A,4,0,17,,,,,
partida_51,89,TROPA_DESPLEGADA,JUGADOR_2,133,EstrategiaAgresiva,EstrategiaAgresiva,0,2,P.E.K.K.A|Mosquetera|Bárbaros|Valquiria,Gigante|Mosquetera|Príncipe|Arqueras,JUGADOR_1,Mini P.E.K.K.A,4,0,14,,,,,
partida_51,90,TROPA_DESPLEGADA,JUGADOR_2,133,EstrategiaAgresiva,EstrategiaAgresiva,1,0,P.E.K.K.A|Mosquetera|Bárbaros|Valquiria,Gigante|Mosquetera|Príncipe|Valquiria,JUGADOR_2,Arqueras,3,0,17,,,,,
partida_51,99,TROPA_DESPLEGADA,JUGADOR_2,133,EstrategiaAgresiva,EstrategiaAgresiva,0,3,P.E.K.K.A|Mosquetera|Bárbaros|Caballero,Gigante|Mosquetera|Príncipe|Valquiria,JUGADOR_1,Valquiria,4,0,21,,,,,
partida_51,102,TROPA_DESPLEGADA,JUGADOR_2,133,EstrategiaAgresiva,EstrategiaAgresiva,1,0,P.E.K.K.A|Mosquetera|Bárbaros|Caballero,Gigante|Mosquetera|Príncipe|Ejército de Esqueletos,JUGADOR_2,Valquiria,4,0,22,,,,,
partida_51,108,TROPA_DESPLEGADA,JUGADOR_2,133,EstrategiaAgresiva,EstrategiaAgresiva,0,2,P.E.K.K.A|Mosquetera|Bárbaros|Ejército de Esqueletos,Gigante|Mosquetera|Príncipe|Ejército de Esqueletos,JUGADOR_1,Caballero,3,0,21,,,,,
partida_51,111,TROPA_DESPLEGADA,JUGADOR_2,133,EstrategiaAgresiva,EstrategiaAgresiva,1,0,P.E.K.K.A|Mosquetera|Bárbaros|Ejército de Esqueletos,Gigante|Mosquetera|Príncipe|Caballero,JUGADOR_2,Ejército de Esqueletos,3,0,10,,,,,
partida_51,117,TROPA_DESPLEGADA,JUGADOR_2,133,EstrategiaAgresiva,EstrategiaAgresiva,0,2,P.E.K.K.A|Mosquetera|Bárbaros|Arqueras,Gigante|Mosquetera|Príncipe|Caballero,JUGADOR_1,Ejército de Esqueletos,3,0,21,,,,,
partida_51,121,TROPA_DESPLEGADA,JUGADOR_2,133,EstrategiaAgresiva,EstrategiaAgresiva,1,0,P.E.K.K.A|Mosquetera|Bárbaros|Arqueras,Gigante|Mosquetera|Príncipe|Mini P.E.K.K.A,JUGADOR_2,Caballero,3,0,10,,,,,
partida_51,126,TROPA_DESPLEGADA,JUGADOR_2,133,EstrategiaAgresiva,EstrategiaAgresiva,0,2,P.E.K.K.A|Mosquetera|Bárbaros|Mini P.E.K.K.A,Gigante|Mosquetera|Príncipe|Mini P.E.K.K.A,JUGADOR_1,Arqueras,3,0,21,,,,,
partida_51,132,TROPA_DESPLEGADA,JUGADOR_2,133,EstrategiaAgresiva,EstrategiaAgresiva,2,0,P.E.K.K.A|Mosquetera|Bárbaros|Mini P.E.K.K.A,Gigante|Mosquetera|Príncipe|Arqueras,JUGADOR_2,Mini P.E.K.K.A,4,0,10,,,,,
partida_51,133,PARTIDA_TERMINADA,JUGADOR_2,133,EstrategiaAgresiva,EstrategiaAgresiva,2,0,P.E.K.K.A|Mosquetera|Bárbaros|Mini P.E.K.K.A,Gigante|Mosquetera|Príncipe|Arqueras,,,,,,,,,,
partida_52,1,TROPA_DESPLEGADA,JUGADOR_2,110,EstrategiaAleatoria,EstrategiaAleatoria,1,5,Mosquetera|Caballero|Príncipe|Mini P.E.K.K.A,Mosquetera|Mago|Valquiria|Ejército de Esqueletos,JUGADOR_1,Valquiria,4,2,10,,,,,
partida_52,6,TROPA_DESPLEGADA,JUGADOR_2,110,EstrategiaAleatoria,EstrategiaAleatoria,0,7,Mosquetera|Príncipe|Mini P.E.K.K.A|P.E.K.K.A,Mosquetera|Mago|Valquiria|Ejército de Esqueletos,JUGADOR_1,Caballero,3,3,0,,,,,
partida_52,6,TROPA_DESPLEGADA,JUGADOR_2,110,EstrategiaAleatoria,EstrategiaAleatoria,0,3,Mosquetera|Príncipe|Mini P.E.K.K.A|P.E.K.K.A,Mosquetera|Mago|Ejército de Esqueletos|Gigante,JUGADOR_2,Valquiria,4,17,26,,,,,
partida_52,8,TROPA_DESPLEGADA,JUGADOR_2,110,EstrategiaAleatoria,EstrategiaAleatoria,0,0,Mosquetera|Príncipe|Mini P.E.K.K.A|P.E.K.K.A,Mosquetera|Mago|Gigante|Bárbaros,JUGADOR_2,Ejército de Esqueletos,3,6,24,,,,,
partida_52,18,TROPA_DESPLEGADA,JUGADOR_2,110,EstrategiaAleatoria,EstrategiaAleatoria,0,4,Príncipe|Mini P.E.K.K.A|P.E.K.K.A|Ejército de Esqueletos,Mosquetera|Mago|Gigante|Bárbaros,JUGADOR_1,Mosquetera,4,3,14,,,,,
partida_52,22,TROPA_DESPLEGADA,JUGADOR_2,110,EstrategiaAleatoria,EstrategiaAleatoria,1,0,Príncipe|Mini P.E.K.K.A|P.E.K.K.A|Ejército de Esqueletos,Mosquetera|Mago|Gigante|Mini P.E.K.K.A,JUGADOR_2,Bárbaros,5,0,29,,,,,
partida_52,29,TROPA_DESPLEGADA,JUGADOR_2,110,EstrategiaAleatoria,EstrategiaAleatoria,0,2,Príncipe|Mini P.E.K.K.A|P.E.K.K.A|Arqueras,Mosquetera|Mago|Gigante|Mini P.E.K.K.A,JUGADOR_1,Ejército de Esqueletos,3,5,1,,,,,
partida_52,34,TROPA_DESPLEGADA,JUGADOR_2,110,EstrategiaAleatoria,EstrategiaAleatoria,2,0,Príncipe|Mini P.E.K.K.A|P.E.K.K.A|Arqueras,Mosquetera|Mago|Gigante|Arqueras,JUGADOR_2,Mini P.E.K.K.A,4,8,21,,,,,
partida_52,38,TROPA_DESPLEGADA,JUGADOR_2,110,EstrategiaAleatoria,EstrategiaAleatoria,0,1,Príncipe|Mini P.E.K.K.A|P.E.K.K.A|Valquiria,Mosquetera|Mago|Gigante|Arqueras,JUGADOR_1,Arqueras,3,10,14,,,,,
partida_52,42,TROPA_DESPLEGADA,JUGADOR_2,110,EstrategiaAleatoria,EstrategiaAleatoria,2,0,Príncipe|Mini P.E.K.K.A|P.E.K.K.A|Valquiria,Mosquetera|Mago|Gigante|Valquiria,JUGADOR_2,Arqueras,3,11,23,,,,,
partida_52,48,TROPA_DESPLEGADA,JUGADOR_2,110,EstrategiaAleatoria,EstrategiaAleatoria,0,2,Príncipe|Mini P.E.K.K.A|P.E.K.K.A|Caballero,Mosquetera|Mago|Gigante|Valquiria,JUGADOR_1,Valquiria,4,1,9,,,,,
partida_52,55,TROPA_DESPLEGADA,JUGADOR_2,110,EstrategiaAleatoria,EstrategiaAleatoria,2,0,Príncipe|Mini P.E.K.K.A|P.E.K.K.A|Caballero,Mosquetera|Mago|Gigante|Ejército de Esqueletos,JUGADOR_2,Valquiria,4,7,26,,,,,
partida_52,58,TROPA_DESPLEGADA,JUGADOR_2,110,EstrategiaAleatoria,EstrategiaAleatoria,0,1,Príncipe|Mini P.E.K.K.A|P.E.K.K.A|Mosquetera,Mosquetera|Mago|Gigante|Ejército de Esqueletos,JUGADOR_1,Caballero,3,1,20,,,,,
partida_52,63,TROPA_DESPLEGADA,JUGADOR_2,110,EstrategiaAleatoria,EstrategiaAleatoria,2,0,Príncipe|Mini P.E.K.K.A|P.E.K.K.A|Mosquetera,Mosquetera|Mago|Gigante|Bárbaros,JUGADOR_2,Ejército de Esqueletos,3,10,21,,,,,
partida_52,69,TROPA_DESPLEGADA,JUGADOR_2,110,EstrategiaAleatoria,EstrategiaAleatoria,0,2,Príncipe|P.E.K.K.A|Mosquetera|Ejército de Esqueletos,Mosquetera|Mago|Gigante|Bárbaros,JUGADOR_1,Mini P.E.K.K.A,4,13,3,,,,,
partida_52,75,TROPA_DESPLEGADA,JUGADOR_2,110,EstrategiaAleatoria,EstrategiaAleatoria,2,0,Príncipe|P.E.K.K.A|Mosquetera|Ejército de Esqueletos,Mago|Gigante|Bárbaros|Mini P.E.K.K.A,JUGADOR_2,Mosquetera,4,10,25,,,,,
partida_52,79,TROPA_DESPLEGADA,JUGADOR_2,110,EstrategiaAleatoria,EstrategiaAleatoria,0,1,Príncipe|P.E.K.K.A|Mosquetera|Arqueras,Mago|Gigante|Bárbaros|Mini P.E.K.K.A,JUGADOR_1,Ejército de Esqueletos,3,8,0,,,,,
partida_52,87,TROPA_DESPLEGADA,JUGADOR_2,110,EstrategiaAleatoria,EstrategiaAleatoria,3,0,Príncipe|P.E.K.K.A|Mosquetera|Arqueras,Mago|Gigante|Bárbaros|Arqueras,JUGADOR_2,Mini P.E.K.K.A,4,12,26,,,,,
partida_52,88,TROPA_DESPLEGADA,JUGADOR_2,110,EstrategiaAleatoria,EstrategiaAleatoria,0,0,Príncipe|P.E.K.K.A|Mosquetera|Valquiria,Mago|Gigante|Bárbaros|Arqueras,JUGADOR_1,Arqueras,3,1,2,,,,,
partida_52,96,TROPA_DESPLEGADA,JUGADOR_2,110,EstrategiaAleatoria,EstrategiaAleatoria,3,0,Príncipe|P.E.K.K.A|Mosquetera|Valquiria,Mago|Gigante|Bárbaros|Valquiria,JUGADOR_2,Arqueras,3,15,17,,,,,
partida_52,100,TROPA_DESPLEGADA,JUGADOR_2,110,EstrategiaAleatoria,EstrategiaAleatoria,0,1,Príncipe|P.E.K.K.A|Mosquetera|Caballero,Mago|Gigante|Bárbaros|Valquiria,JUGADOR_1,Valquiria,4,5,19,,,,,
partida_52,108,TROPA_DESPLEGADA,JUGADOR_2,110,EstrategiaAleatoria,EstrategiaAleatoria,0,4,Príncipe|P.E.K.K.A|Mosquetera|Mini P.E.K.K.A,Mago|Gigante|Bárbaros|Valquiria,JUGADOR_1,Caballero,3,7,17,,,,,
partida_52,108,TROPA_DESPLEGADA,JUGADOR_2,110,EstrategiaAleatoria,EstrategiaAleatoria,0,0,Príncipe|P.E.K.K.A|Mosquetera|Mini P.E.K.K.A,Mago|Gigante|Bárbaros|Ejército de Esqueletos,JUGADOR_2,Valquiria,4,17,22,,,,,
partida_52,110,PARTIDA_TERMINADA,JUGADOR_2,110,EstrategiaAleatoria,EstrategiaAleatoria,0,0,Príncipe|P.E.K.K.A|Mosquetera|Mini P.E.K.K.A,Mago|Gigante|Bárbaros|Ejército de Esqueletos,,,,,,,,,,
partida_53,1,TROPA_DESPLEGADA,JUGADOR_1,180,EstrategiaMenorCosto,EstrategiaDefensiva,2,5,Príncipe|Mini P.E.K.K.A|Bárbaros|Mago de Hielo,Mago de Hielo|Arqueras|Ejército de Esqueletos|Valquiria,JUGADOR_1,Arqueras,3,15,3,,,,,
partida_53,1,TROPA_DESPLEGADA,JUGADOR_1,180,EstrategiaMenorCosto,EstrategiaDefensiva,2,1,Príncipe|Mini P.E.K.K.A|Bárbaros|Mago de Hielo,Mago de Hielo|Arqueras|Ejército de Esqueletos|Mago,JUGADOR_2,Valquiria,4,6,28,,,,,
partida_53,3,TROPA_DESPLEGADA,JUGADOR_1,180,EstrategiaMenorCosto,EstrategiaDefensiva,0,2,Príncipe|Mini P.E.K.K.A|Bárbaros|Gigante,Mago de Hielo|Arqueras|Ejército de Esqueletos|Mago,JUGADOR_1,Mago de Hielo,3,10,6,,,,,
partida_53,12,TROPA_DESPLEGADA,JUGADOR_1,180,EstrategiaMenorCosto,EstrategiaDefensiva,3,2,Príncipe|Mini P.E.K.K.A|Bárbaros|Gigante,Arqueras|Ejército de Esqueletos|Mago|Bárbaros,JUGADOR_2,Mago de Hielo,3,6,28,,,,,
partida_53,16,TROPA_DESPLEGADA,JUGADOR_1,180,EstrategiaMenorCosto,EstrategiaDefensiva,0,3,Príncipe|Bárbaros|Gigante|Caballero,Arqueras|Ejército de Esqueletos|Mago|Bárbaros,JUGADOR_1,Mini P.E.K.K.A,4,16,3,,,,,
partida_53,21,TROPA_DESPLEGADA,JUGADOR_1,180,EstrategiaMenorCosto,EstrategiaDefensiva,2,0,Príncipe|Bárbaros|Gigante|Caballero,Arqueras|Ejército de Esqueletos|Bárbaros|Mosquetera,JUGADOR_2,Mago,5,6,28,,,,,
partida_53,24,TROPA_DESPLEGADA,JUGADOR_1,180,EstrategiaMenorCosto,EstrategiaDefensiva,0,1,Príncipe|Bárbaros|Gigante|Mosquetera,Arqueras|Ejército de Esqueletos|Bárbaros|Mosquetera,JUGADOR_1,Caballero,3,15,0,,,,,
partida_53,36,TROPA_DESPLEGADA,JUGADOR_1,180,EstrategiaMenorCosto,EstrategiaDefensiva,0,5,Príncipe|Bárbaros|Gigante|Arqueras,Arqueras|Ejército de Esqueletos|Bárbaros|Mosquetera,JUGADOR_1,Mosquetera,4,2,10,,,,,
partida_53,38,TROPA_DESPLEGADA,JUGADOR_1,180,EstrategiaMenorCosto,EstrategiaDefensiva,0,1,Príncipe|Bárbaros|Gigante|Arqueras,Arqueras|Ejército de Esqueletos|Bárbaros|Caballero,JUGADOR_2,Mosquetera,4,6,28,,,,,
partida_53,47,TROPA_DESPLEGADA,JUGADOR_1,180,EstrategiaMenorCosto,EstrategiaDefensiva,0,4,Príncipe|Bárbaros|Gigante|Mago de Hielo,Arqueras|Ejército de Esqueletos|Bárbaros|Caballero,JUGADOR_1,Arqueras,3,6,9,,,,,
partida_53,48,TROPA_DESPLEGADA,JUGADOR_1,180,EstrategiaMenorCosto,EstrategiaDefensiva,1,2,Príncipe|Bárbaros|Gigante|Mago de Hielo,Arqueras|Ejército de Esqueletos|Bárbaros|Valquiria,JUGADOR_2,Caballero,3,6,28,,,,,
partida_53,56,TROPA_DESPLEGADA,JUGADOR_1,180,EstrategiaMenorCosto,EstrategiaDefensiva,0,4,Príncipe|Bárbaros|Gigante|Mini P.E.K.K.A,Arqueras|Ejército de Esqueletos|Bárbaros|Valquiria,JUGADOR_1,Mago de Hielo,3,1,8,,,,,
partida_53,57,TROPA_DESPLEGADA,JUGADOR_1,180,EstrategiaMenorCosto,EstrategiaDefensiva,1,1,Príncipe|Bárbaros|Gigante|Mini P.E.K.K.A,Arqueras|Ejército de Esqueletos|Bárbaros|Mago de Hielo,JUGADOR_2,Valquiria,4,6,28,,,,,
partida_53,67,TROPA_DESPLEGADA,JUGADOR_1,180,EstrategiaMenorCosto,EstrategiaDefensiva,0,4,Príncipe|Bárbaros|Gigante|Caballero,Arqueras|Ejército de Esqueletos|Bárbaros|Mago de Hielo,JUGADOR_1,Mini P.E.K.K.A,4,6,11,,,,,
partida_53,69,TROPA_DESPLEGADA,JUGADOR_1,180,EstrategiaMenorCosto,EstrategiaDefensiva,1,2,Príncipe|Bárbaros|Gigante|Caballero,Arqueras|Ejército de Esqueletos|Bárbaros|Mago,JUGADOR_2,Mago de Hielo,3,6,28,,,,,
partida_53,75,TROPA_DESPLEGADA,JUGADOR_1,180,EstrategiaMenorCosto,EstrategiaDefensiva,0,4,Príncipe|Bárbaros|Gigante|Mosquetera,Arqueras|Ejército de Esqueletos|Bárbaros|Mago,JUGADOR_1,Caballero,3,16,6,,,,,
partida_53,79,TROPA_DESPLEGADA,JUGADOR_1,180,EstrategiaMenorCosto,EstrategiaDefensiva,1,0,Príncipe|Bárbaros|Gigante|Mosquetera,Arqueras|Ejército de Esqueletos|Bárbaros|Mosquetera,JUGADOR_2,Mago,5,6,28,,,,,
partida_53,87,TROPA_DESPLEGADA,JUGADOR_1,180,EstrategiaMenorCosto,EstrategiaDefensiva,0,3,Príncipe|Bárbaros|Gigante|Arqueras,Arqueras|Ejército de Esqueletos|Bárbaros|Mosquetera,JUGADOR_1,Mosquetera,4,5,11,,,,,
partida_53,94,TROPA_DESPLEGADA,JUGADOR_1,180,EstrategiaMenorCosto,EstrategiaDefensiva,2,1,Príncipe|Bárbaros|Gigante|Arqueras,Arqueras|Ejército de Esqueletos|Bárbaros|Caballero,JUGADOR_2,Mosquetera,4,6,28,,,,,
partida_53,96,TROPA_DESPLEGADA,JUGADOR_1,180,EstrategiaMenorCosto,EstrategiaDefensiva,0,2,Príncipe|Bárbaros|Gigante|Mago de Hielo,Arqueras|Ejército de Esqueletos|Bárbaros|Caballero,JUGADOR_1,Arqueras,3,8,9,,,,,
partida_53,105,TROPA_DESPLEGADA,JUGADOR_1,180,EstrategiaMenorCosto,EstrategiaDefensiva,0,5,Príncipe|Bárbaros|Gigante|Mini P.E.K.K.A,Arqueras|Ejército de Esqueletos|Bárbaros|Caballero,JUGADOR_1,Mago de Hielo,3,16,4,,,,,
partida_53,107,TROPA_DESPLEGADA,JUGADOR_1,180,EstrategiaMenorCosto,EstrategiaDefensiva,0,2,Príncipe|Bárbaros|Gigante|Mini P.E.K.K.A,Arqueras|Ejército de Esqueletos|Bárbaros|Valquiria,JUGADOR_2,Caballero,3,6,28,,,,,
partida_53,114,TROPA_DESPLEGADA,JUGADOR_1,180,EstrategiaMenorCosto,EstrategiaDefensiva,3,1,Príncipe|Bárbaros|Gigante|Mini P.E.K.K.A,Arqueras|Ejército de Esqueletos|Bárbaros|Mago de Hielo,JUGADOR_2,Valquiria,4,6,28,,,,,
partida_53,117,TROPA_DESPLEGADA,JUGADOR_1,180,EstrategiaMenorCosto,EstrategiaDefensiva,0,2,Príncipe|Bárbaros|Gigante|Caballero,Arqueras|Ejército de Esqueletos|Bárbaros|Mago de Hielo,JUGADOR_1,Mini P.E.K.K.A,4,11,7,,,,,
partida_53,126,TROPA_DESPLEGADA,JUGADOR_1,180,EstrategiaMenorCosto,EstrategiaDefensiva,0,5,Príncipe|Bárbaros|Gigante|Mosquetera,Arqueras|Ejército de Esqueletos|Bárbaros|Mago de Hielo,JUGADOR_1,Caballero,3,5,10,,,,,
partida_53,132,TROPA_DESPLEGADA,JUGADOR_1,180,EstrategiaMenorCosto,EstrategiaDefensiva,2,4,Príncipe|Bárbaros|Gigante|Mosquetera,Arqueras|Ejército de Esqueletos|Bárbaros|Mago,JUGADOR_2,Mago de Hielo,3,6,28,,,,,
partida_53,135,TROPA_DESPLEGADA,JUGADOR_1,180,EstrategiaMenorCosto,EstrategiaDefensiva,3,0,Príncipe|Bárbaros|Gigante|Mosquetera,Arqueras|Ejército de Esqueletos|Bárbaros|Mosquetera,JUGADOR_2,Mago,5,6,28,,,,,
partida_53,138,TROPA_DESPLEGADA,JUGADOR_1,180,EstrategiaMenorCosto,EstrategiaDefensiva,0,1,Príncipe|Bárbaros|Gigante|Arqueras,Arqueras|Ejército de Esqueletos|Bárbaros|Mosquetera,JUGADOR_1,Mosquetera,4,4,4,,,,,
partida_53,147,TROPA_DESPLEGADA,JUGADOR_1,180,EstrategiaMenorCosto,EstrategiaDefensiva,0,4,Príncipe|Bárbaros|Gigante|Mago de Hielo,Arqueras|Ejército de Esqueletos|Bárbaros|Mosquetera,JUGADOR_1,Arqueras,3,15,9,,,,,
partida_53,151,TROPA_DESPLEGADA,JUGADOR_1,180,EstrategiaMenorCosto,EstrategiaDefensiva,1,1,Príncipe|Bárbaros|Gigante|Mago de Hielo,Arqueras|Ejército de Esqueletos|Bárbaros|Caballero,JUGADOR_2,Mosquetera,4,6,28,,,,,
partida_53,156,TROPA_DESPLEGADA,JUGADOR_1,180,EstrategiaMenorCosto,EstrategiaDefensiva,0,3,Príncipe|Bárbaros|Gigante|Mini P.E.K.K.A,Arqueras|Ejército de Esqueletos|Bárbaros|Caballero,JUGADOR_1,Mago de Hielo,3,8,12,,,,,
partida_53,164,TROPA_DESPLEGADA,JUGADOR_1,180,EstrategiaMenorCosto,EstrategiaDefensiva,2,2,Príncipe|Bárbaros|Gigante|Mini P.E.K.K.A,Arqueras|Ejército de Esqueletos|Bárbaros|Valquiria,JUGADOR_2,Caballero,3,6,28,,,,,
partida_53,168,TROPA_DESPLEGADA,JUGADOR_1,180,EstrategiaMenorCosto,EstrategiaDefensiva,0,4,Príncipe|Bárbaros|Gigante|Caballero,Arqueras|Ejército de Esqueletos|Bárbaros|Valquiria,JUGADOR_1,Mini P.E.K.K.A,4,1,0,,,,,
partida_53,171,TROPA_DESPLEGADA,JUGADOR_1,180,EstrategiaMenorCosto,EstrategiaDefensiva,1,1,Príncipe|Bárbaros|Gigante|Caballero,Arqueras|Ejército de Esqueletos|Bárbaros|Mago de Hielo,JUGADOR_2,Valquiria,4,6,28,,,,,
partida_53,177,TROPA_DESPLEGADA,JUGADOR_1,180,EstrategiaMenorCosto,EstrategiaDefensiva,0,3,Príncipe|Bárbaros|Gigante|Mosquetera,Arqueras|Ejército de Esqueletos|Bárbaros|Mago de Hielo,JUGADOR_1,Caballero,3,17,7,,,,,
partida_53,180,PARTIDA_TERMINADA,JUGADOR_1,180,EstrategiaMenorCosto,EstrategiaDefensiva,1,4,Príncipe|Bárbaros|Gigante|Mosquetera,Arqueras|Ejército de Esqueletos|Bárbaros|Mago de Hielo,,,,,,,,,,
partida_54,1,TROPA_DESPLEGADA,JUGADOR_1,78,EstrategiaMenorCosto,EstrategiaAleatoria,2,5,Mini P.E.K.K.A|Ejército de Esqueletos|Arqueras|Bárbaros,Arqueras|Mago de Hielo|Mosquetera|Caballero,JUGADOR_1,Caballero,3,11,3,,,,,
partida_54,1,TROPA_DESPLEGADA,JUGADOR_1,78,EstrategiaMenorCosto,EstrategiaAleatoria,2,2,Mini P.E.K.K.A|Ejército de Esqueletos|Arqueras|Bárbaros,Arqueras|Mago de Hielo|Mosquetera|Valquiria,JUGADOR_2,Caballero,3,6,17,,,,,
partida_54,4,TROPA_DESPLEGADA,JUGADOR_1,78,EstrategiaMenorCosto,EstrategiaAleatoria,3,0,Mini P.E.K.K.A|Ejército de Esqueletos|Arqueras|Bárbaros,Arqueras|Mosquetera|Valquiria|Gigante,JUGADOR_2,Mago de Hielo,3,6,19,,,,,
partida_54,5,TROPA_DESPLEGADA,JUGADOR_1,78,EstrategiaMenorCosto,EstrategiaAleatoria,0,0,Mini P.E.K.K.A|Arqueras|Bárbaros|Mago,Arqueras|Mosquetera|Valquiria|Gigante,JUGADOR_1,Ejército de Esqueletos,3,11,3,,,,,
partida_54,12,TROPA_DESPLEGADA,JUGADOR_1,78,EstrategiaMenorCosto,EstrategiaAleatoria,3,0,Mini P.E.K.K.A|Arqueras|Bárbaros|Mago,Mosquetera|Valquiria|Gigante|Ejército de Esqueletos,JUGADOR_2,Arqueras,3,14,30,,,,,
partida_54,13,TROPA_DESPLEGADA,JUGADOR_1,78,EstrategiaMenorCosto,EstrategiaAleatoria,0,0,Mini P.E.K.K.A|Bárbaros|Mago|P.E.K.K.A,Mosquetera|Valquiria|Gigante|Ejército de Esqueletos,JUGADOR_1,Arqueras,3,10,12,,,,,
partida_54,21,TROPA_DESPLEGADA,JUGADOR_1,78,EstrategiaMenorCosto,EstrategiaAleatoria,3,0,Mini P.E.K.K.A|Bárbaros|Mago|P.E.K.K.A,Mosquetera|Valquiria|Gigante|Príncipe,JUGADOR_2,Ejército de Esqueletos,3,0,29,,,,,
partida_54,24,TROPA_DESPLEGADA,JUGADOR_1,78,EstrategiaMenorCosto,EstrategiaAleatoria,0,1,Bárbaros|Mago|P.E.K.K.A|Mago de Hielo,Mosquetera|Valquiria|Gigante|Príncipe,JUGADOR_1,Mini P.E.K.K.A,4,11,10,,,,,
partida_54,33,TROPA_DESPLEGADA,JUGADOR_1,78,EstrategiaMenorCosto,EstrategiaAleatoria,0,4,Bárbaros|Mago|P.E.K.K.A|Caballero,Mosquetera|Valquiria|Gigante|Príncipe,JUGADOR_1,Mago de Hielo,3,7,12,,,,,
partida_54,38,TROPA_DESPLEGADA,JUGADOR_1,78,EstrategiaMenorCosto,EstrategiaAleatoria,1,0,Bárbaros|Mago|P.E.K.K.A|Caballero,Mosquetera|Valquiria|Príncipe|Caballero,JUGADOR_2,Gigante,5,4,28,,,,,
partida_54,43,TROPA_DESPLEGADA,JUGADOR_1,78,EstrategiaMenorCosto,EstrategiaAleatoria,0,2,Bárbaros|Mago|P.E.K.K.A|Ejército de Esqueletos,Mosquetera|Valquiria|Príncipe|Caballero,JUGADOR_1,Caballero,3,12,5,,,,,
partida_54,45,TROPA_DESPLEGADA,JUGADOR_1,78,EstrategiaMenorCosto,EstrategiaAleatoria,1,0,Bárbaros|Mago|P.E.K.K.A|Ejército de Esqueletos,Mosquetera|Valquiria|Príncipe|Mago de Hielo,JUGADOR_2,Caballero,3,1,24,,,,,
partida_54,51,TROPA_DESPLEGADA,JUGADOR_1,78,EstrategiaMenorCosto,EstrategiaAleatoria,0,2,Bárbaros|Mago|P.E.K.K.A|Arqueras,Mosquetera|Valquiria|Príncipe|Mago de Hielo,JUGADOR_1,Ejército de Esqueletos,3,4,14,,,,,
partida_54,54,TROPA_DESPLEGADA,JUGADOR_1,78,EstrategiaMenorCosto,EstrategiaAleatoria,1,0,Bárbaros|Mago|P.E.K.K.A|Arqueras,Mosquetera|Valquiria|Príncipe|Arqueras,JUGADOR_2,Mago de Hielo,3,17,28,,,,,
partida_54,64,TROPA_DESPLEGADA,JUGADOR_1,78,EstrategiaMenorCosto,EstrategiaAleatoria,1,3,Bárbaros|Mago|P.E.K.K.A|Mini P.E.K.K.A,Mosquetera|Valquiria|Príncipe|Arqueras,JUGADOR_1,Arqueras,3,15,9,,,,,
partida_54,65,TROPA_DESPLEGADA,JUGADOR_1,78,EstrategiaMenorCosto,EstrategiaAleatoria,1,0,Bárbaros|Mago|P.E.K.K.A|Mini P.E.K.K.A,Mosquetera|Valquiria|Príncipe|Ejército de Esqueletos,JUGADOR_2,Arqueras,3,9,18,,,,,
partida_54,72,TROPA_DESPLEGADA,JUGADOR_1,78,EstrategiaMenorCosto,EstrategiaAleatoria,0,3,Bárbaros|Mago|P.E.K.K.A|Mago de Hielo,Mosquetera|Valquiria|Príncipe|Ejército de Esqueletos,JUGADOR_1,Mini P.E.K.K.A,4,0,8,,,,,
partida_54,73,TROPA_DESPLEGADA,JUGADOR_1,78,EstrategiaMenorCosto,EstrategiaAleatoria,0,0,Bárbaros|Mago|P.E.K.K.A|Mago de Hielo,Mosquetera|Valquiria|Príncipe|Gigante,JUGADOR_2,Ejército de Esqueletos,3,13,22,,,,,
partida_54,78,PARTIDA_TERMINADA,JUGADOR_1,78,EstrategiaMenorCosto,EstrategiaAleatoria,2,2,Bárbaros|Mago|P.E.K.K.A|Mago de Hielo,Mosquetera|Valquiria|Príncipe|Gigante,,,,,,,,,,
partida_55,1,TROPA_DESPLEGADA,JUGADOR_2,180,EstrategiaMenorCosto,EstrategiaDefensiva,2,5,P.E.K.K.A|Mosquetera|Príncipe|Gigante,P.E.K.K.A|Mini P.E.K.K.A|Caballero|Bárbaros,JUGADOR_1,Caballero,3,3,1,,,,,
partida_55,1,TROPA_DESPLEGADA,JUGADOR_2,180,EstrategiaMenorCosto,EstrategiaDefensiva,2,2,P.E.K.K.A|Mosquetera|Príncipe|Gigante,P.E.K.K.A|Mini P.E.K.K.A|Bárbaros|Mago de Hielo,JUGADOR_2,Caballero,3,6,28,,,,,
partida_55,6,TROPA_DESPLEGADA,JUGADOR_2,180,EstrategiaMenorCosto,EstrategiaDefensiva,0,4,P.E.K.K.A|Príncipe|Gigante|Ejército de Esqueletos,P.E.K.K.A|Mini P.E.K.K.A|Bárbaros|Mago de Hielo,JUGADOR_1,Mosquetera,4,2,10,,,,,
partida_55,9,TROPA_DESPLEGADA,JUGADOR_2,180,EstrategiaMenorCosto,EstrategiaDefensiva,1,1,P.E.K.K.A|Príncipe|Gigante|Ejército de Esqueletos,P.E.K.K.A|Bárbaros|Mago de Hielo|Príncipe,JUGADOR_2,Mini P.E.K.K.A,4,6,28,,,,,
partida_55,16,TROPA_DESPLEGADA,JUGADOR_2,180,EstrategiaMenorCosto,EstrategiaDefensiva,0,3,P.E.K.K.A|Príncipe|Gigante|Mago de Hielo,P.E.K.K.A|Bárbaros|Mago de Hielo|Príncipe,JUGADOR_1,Ejército de Esqueletos,3,14,3,,,,,
partida_55,21,TROPA_DESPLEGADA,JUGADOR_2,180,EstrategiaMenorCosto,EstrategiaDefensiva,2,0,P.E.K.K.A|Príncipe|Gigante|Mago de Hielo,P.E.K.K.A|Bárbaros|Mago de Hielo|Mago,JUGADOR_2,Príncipe,5,6,28,,,,,
partida_55,24,TROPA_DESPLEGADA,JUGADOR_2,180,EstrategiaMenorCosto,EstrategiaDefensiva,0,1,P.E.K.K.A|Príncipe|Gigante|Mini P.E.K.K.A,P.E.K.K.A|Bárbaros|Mago de Hielo|Mago,JUGADOR_1,Mago de Hielo,3,17,14,,,,,
partida_55,36,TROPA_DESPLEGADA,JUGADOR_2,180,EstrategiaMenorCosto,EstrategiaDefensiva,0,5,P.E.K.K.A|Príncipe|Gigante|Caballero,P.E.K.K.A|Bárbaros|Mago de Hielo|Mago,JUGADOR_1,Mini P.E.K.K.A,4,2,9,,,,,
partida_55,36,TROPA_DESPLEGADA,JUGADOR_2,180,EstrategiaMenorCosto,EstrategiaDefensiva,0,2,P.E.K.K.A|Príncipe|Gigante|Caballero,P.E.K.K.A|Bárbaros|Mago|Mosquetera,JUGADOR_2,Mago de Hielo,3,6,28,,,,,
partida_55,45,TROPA_DESPLEGADA,JUGADOR_2,180,EstrategiaMenorCosto,EstrategiaDefensiva,0,5,P.E.K.K.A|Príncipe|Gigante|Mosquetera,P.E.K.K.A|Bárbaros|Mago|Mosquetera,JUGADOR_1,Caballero,3,11,14,,,,,
partida_55,45,TROPA_DESPLEGADA,JUGADOR_2,180,EstrategiaMenorCosto,EstrategiaDefensiva,0,0,P.E.K.K.A|Príncipe|Gigante|Mosquetera,P.E.K.K.A|Bárbaros|Mosquetera|Caballero,JUGADOR_2,Mago,5,6,28,,,,,
partida_55,57,TROPA_DESPLEGADA,JUGADOR_2,180,EstrategiaMenorCosto,EstrategiaDefensiva,0,4,P.E.K.K.A|Príncipe|Gigante|Ejército de Esqueletos,P.E.K.K.A|Bárbaros|Mosquetera|Caballero,JUGADOR_1,Mosquetera,4,3,0,,,,,
partida_55,62,TROPA_DESPLEGADA,JUGADOR_2,180,EstrategiaMenorCosto,EstrategiaDefensiva,1,2,P.E.K.K.A|Príncipe|Gigante|Ejército de Esqueletos,P.E.K.K.A|Bárbaros|Mosquetera|Mini P.E.K.K.A,JUGADOR_2,Caballero,3,6,28,,,,,
partida_55,66,TROPA_DESPLEGADA,JUGADOR_2,180,EstrategiaMenorCosto,EstrategiaDefensiva,0,4,P.E.K.K.A|Príncipe|Gigante|Mago de Hielo,P.E.K.K.A|Bárbaros|Mosquetera|Mini P.E.K.K.A,JUGADOR_1,Ejército de Esqueletos,3,9,5,,,,,
partida_55,69,TROPA_DESPLEGADA,JUGADOR_2,180,EstrategiaMenorCosto,EstrategiaDefensiva,1,1,P.E.K.K.A|Príncipe|Gigante|Mago de Hielo,P.E.K.K.A|Bárbaros|Mosquetera|Príncipe,JUGADOR_2,Mini P.E.K.K.A,4,6,28,,,,,
partida_55,75,TROPA_DESPLEGADA,JUGADOR_2,180,EstrategiaMenorCosto,EstrategiaDefensiva,0,3,P.E.K.K.A|Príncipe|Gigante|Mini P.E.K.K.A,P.E.K.K.A|Bárbaros|Mosquetera|Príncipe,JUGADOR_1,Mago de Hielo,3,4,9,,,,,
partida_55,81,TROPA_DESPLEGADA,JUGADOR_2,180,EstrategiaMenorCosto,EstrategiaDefensiva,2,0,P.E.K.K.A|Príncipe|Gigante|Mini P.E.K.K.A,P.E.K.K.A|Bárbaros|Mosquetera|Mago de Hielo,JUGADOR_2,Príncipe,5,6,28,,,,,
partida_55,87,TROPA_DESPLEGADA,JUGADOR_2,180,EstrategiaMenorCosto,EstrategiaDefensiva,0,2,P.E.K.K.A|Príncipe|Gigante|Caballero,P.E.K.K.A|Bárbaros|Mosquetera|Mago de Hielo,JUGADOR_1,Mini P.E.K.K.A,4,12,9,,,,,
partida_55,96,TROPA_DESPLEGADA,JUGADOR_2,180,EstrategiaMenorCosto,EstrategiaDefensiva,0,5,P.E.K.K.A|Príncipe|Gigante|Mosquetera,P.E.K.K.A|Bárbaros|Mosquetera|Mago de Hielo,JUGADOR_1,Caballero,3,13,4,,,,,
partida_55,97,TROPA_DESPLEGADA,JUGADOR_2,180,EstrategiaMenorCosto,EstrategiaDefensiva,0,2,P.E.K.K.A|Príncipe|Gigante|Mosquetera,P.E.K.K.A|Bárbaros|Mosquetera|Mago,JUGADOR_2,Mago de Hielo,3,6,28,,,,,
partida_55,105,TROPA_DESPLEGADA,JUGADOR_2,180,EstrategiaMenorCosto,EstrategiaDefensiva,3,1,P.E.K.K.A|Príncipe|Gigante|Mosquetera,P.E.K.K.A|Bárbaros|Mago|Caballero,JUGADOR_2,Mosquetera,4,6,28,,,,,
partida_55,108,TROPA_DESPLEGADA,JUGADOR_2,180,EstrategiaMenorCosto,EstrategiaDefensiva,0,2,P.E.K.K.A|Príncipe|Gigante|Ejército de Esqueletos,P.E.K.K.A|Bárbaros|Mago|Caballero,JUGADOR_1,Mosquetera,4,5,3,,,,,
partida_55,117,TROPA_DESPLEGADA,JUGADOR_2,180,EstrategiaMenorCosto,EstrategiaDefensiva,0,5,P.E.K.K.A|Príncipe|Gigante|Mago de Hielo,P.E.K.K.A|Bárbaros|Mago|Caballero,JUGADOR_1,Ejército de Esqueletos,3,7,6,,,,,
partida_55,118,TROPA_DESPLEGADA,JUGADOR_2,180,EstrategiaMenorCosto,EstrategiaDefensiva,0,2,P.E.K.K.A|Príncipe|Gigante|Mago de Hielo,P.E.K.K.A|Bárbaros|Mago|Mini P.E.K.K.A,JUGADOR_2,Caballero,3,6,28,,,,,
partida_55,126,TROPA_DESPLEGADA,JUGADOR_2,180,EstrategiaMenorCosto,EstrategiaDefensiva,0,5,P.E.K.K.A|Príncipe|Gigante|Mini P.E.K.K.A,P.E.K.K.A|Bárbaros|Mago|Mini P.E.K.K.A,JUGADOR_1,Mago de Hielo,3,6,4,,,,,
partida_55,131,TROPA_DESPLEGADA,JUGADOR_2,180,EstrategiaMenorCosto,EstrategiaDefensiva,1,2,P.E.K.K.A|Príncipe|Gigante|Mini P.E.K.K.A,P.E.K.K.A|Bárbaros|Mago|Príncipe,JUGADOR_2,Mini P.E.K.K.A,4,6,28,,,,,
partida_55,138,TROPA_DESPLEGADA,JUGADOR_2,180,EstrategiaMenorCosto,EstrategiaDefensiva,0,5,P.E.K.K.A|Príncipe|Gigante|Caballero,P.E.K.K.A|Bárbaros|Mago|Príncipe,JUGADOR_1,Mini P.E.K.K.A,4,14,8,,,,,
partida_55,138,TROPA_DESPLEGADA,JUGADOR_2,180,EstrategiaMenorCosto,EstrategiaDefensiva,0,0,P.E.K.K.A|Príncipe|Gigante|Caballero,P.E.K.K.A|Bárbaros|Mago|Mago de Hielo,JUGADOR_2,Príncipe,5,6,28,,,,,
partida_55,147,TROPA_DESPLEGADA,JUGADOR_2,180,EstrategiaMenorCosto,EstrategiaDefensiva,0,3,P.E.K.K.A|Príncipe|Gigante|Mosquetera,P.E.K.K.A|Bárbaros|Mago|Mago de Hielo,JUGADOR_1,Caballero,3,2,9,,,,,
partida_55,153,TROPA_DESPLEGADA,JUGADOR_2,180,EstrategiaMenorCosto,EstrategiaDefensiva,2,2,P.E.K.K.A|Príncipe|Gigante|Mosquetera,P.E.K.K.A|Bárbaros|Mago|Mosquetera,JUGADOR_2,Mago de Hielo,3,6,28,,,,,
partida_55,159,TROPA_DESPLEGADA,JUGADOR_2,180,EstrategiaMenorCosto,EstrategiaDefensiva,0,4,P.E.K.K.A|Príncipe|Gigante|Ejército de Esqueletos,P.E.K.K.A|Bárbaros|Mago|Mosquetera,JUGADOR_1,Mosquetera,4,10,9,,,,,
partida_55,164,TROPA_DESPLEGADA,JUGADOR_2,180,EstrategiaMenorCosto,EstrategiaDefensiva,1,0,P.E.K.K.A|Príncipe|Gigante|Ejército de Esqueletos,P.E.K.K.A|Bárbaros|Mosquetera|Caballero,JUGADOR_2,Mago,5,6,28,,,,,
partida_55,168,TROPA_DESPLEGADA,JUGADOR_2,180,EstrategiaMenorCosto,EstrategiaDefensiva,0,2,P.E.K.K.A|Príncipe|Gigante|Mago de Hielo,P.E.K.K.A|Bárbaros|Mosquetera|Caballero,JUGADOR_1,Ejército de Esqueletos,3,12,0,,,,,
partida_55,177,TROPA_DESPLEGADA,JUGADOR_2,180,EstrategiaMenorCosto,EstrategiaDefensiva,0,5,P.E.K.K.A|Príncipe|Gigante|Mini P.E.K.K.A,P.E.K.K.A|Bárbaros|Mosquetera|Caballero,JUGADOR_1,Mago de Hielo,3,4,17,,,,,
partida_55,179,TROPA_DESPLEGADA,JUGADOR_2,180,EstrategiaMenorCosto,EstrategiaDefensiva,0,2,P.E.K.K.A|Príncipe|Gigante|Mini P.E.K.K.A,P.E.K.K.A|Bárbaros|Mosquetera|Mini P.E.K.K.A,JUGADOR_2,Caballero,3,6,28,,,,,
partida_55,180,PARTIDA_TERMINADA,JUGADOR_2,180,EstrategiaMenorCosto,EstrategiaDefensiva,1,3,P.E.K.K.A|Príncipe|Gigante|Mini P.E.K.K.A,P.E.K.K.A|Bárbaros|Mosquetera|Mini P.E.K.K.A,,,,,,,,,,
partida_56,1,TROPA_DESPLEGADA,JUGADOR_1,180,EstrategiaAleatoria,EstrategiaMenorCosto,5,2,Mago|Mini P.E.K.K.A|P.E.K.K.A|Gigante,Caballero|Arqueras|Valquiria|Mago de Hielo,JUGADOR_2,Ejército de Esqueletos,3,0,30,,,,,
partida_56,2,TROPA_DESPLEGADA,JUGADOR_1,180,EstrategiaAleatoria,EstrategiaMenorCosto,0,2,Mago|Mini P.E.K.K.A|P.E.K.K.A|Ejército de Esqueletos,Caballero|Arqueras|Valquiria|Mago de Hielo,JUGADOR_1,Gigante,5,13,14,,,,,
partida_56,3,TROPA_DESPLEGADA,JUGADOR_1,180,EstrategiaAleatoria,EstrategiaMenorCosto,1,0,Mago|Mini P.E.K.K.A|P.E.K.K.A|Ejército de Esqueletos,Arqueras|Valquiria|Mago de Hielo|Mini P.E.K.K.A,JUGADOR_2,Caballero,3,11,29,,,,,
partida_56,9,TROPA_DESPLEGADA,JUGADOR_1,180,EstrategiaAleatoria,EstrategiaMenorCosto,0,2,Mago|Mini P.E.K.K.A|P.E.K.K.A|Mosquetera,Arqueras|Valquiria|Mago de Hielo|Mini P.E.K.K.A,JUGADOR_1,Ejército de Esqueletos,3,17,10,,,,,
partida_56,12,TROPA_DESPLEGADA,JUGADOR_1,180,EstrategiaAleatoria,EstrategiaMenorCosto,1,0,Mago|Mini P.E.K.K.A|P.E.K.K.A|Mosquetera,Valquiria|Mago de Hielo|Mini P.E.K.K.A|Mago,JUGADOR_2,Arqueras,3,6,20,,,,,
partida_56,21,TROPA_DESPLEGADA,JUGADOR_1,180,EstrategiaAleatoria,EstrategiaMenorCosto,4,0,Mago|Mini P.E.K.K.A|P.E.K.K.A|Mosquetera,Valquiria|Mini P.E.K.K.A|Mago|Príncipe,JUGADOR_2,Mago de Hielo,3,8,21,,,,,
partida_56,22,TROPA_DESPLEGADA,JUGADOR_1,180,EstrategiaAleatoria,EstrategiaMenorCosto,0,0,Mago|P.E.K.K.A|Mosquetera|Príncipe,Valquiria|Mini P.E.K.K.A|Mago|Príncipe,JUGADOR_1,Mini P.E.K.K.A,4,14,13,,,,,
partida_56,33,TROPA_DESPLEGADA,JUGADOR_1,180,EstrategiaAleatoria,EstrategiaMenorCosto,0,4,Mago|P.E.K.K.A|Príncipe|Valquiria,Valquiria|Mini P.E.K.K.A|Mago|Príncipe,JUGADOR_1,Mosquetera,4,9,8,,,,,
partida_56,34,TROPA_DESPLEGADA,JUGADOR_1,180,EstrategiaAleatoria,EstrategiaMenorCosto,0,0,Mago|P.E.K.K.A|Príncipe|Valquiria,Mini P.E.K.K.A|Mago|Príncipe|Ejército de Esqueletos,JUGADOR_2,Valquiria,4,14,28,,,,,
partida_56,42,TROPA_DESPLEGADA,JUGADOR_1,180,EstrategiaAleatoria,EstrategiaMenorCosto,3,0,Mago|P.E.K.K.A|Príncipe|Valquiria,Mini P.E.K.K.A|Mago|Príncipe|Caballero,JUGADOR_2,Ejército de Esqueletos,3,5,26,,,,,
partida_56,45,TROPA_DESPLEGADA,JUGADOR_1,180,EstrategiaAleatoria,EstrategiaMenorCosto,0,1,Mago|P.E.K.K.A|Príncipe|Gigante,Mini P.E.K.K.A|Mago|Príncipe|Caballero,JUGADOR_1,Valquiria,4,17,1,,,,,
partida_56,51,TROPA_DESPLEGADA,JUGADOR_1,180,EstrategiaAleatoria,EstrategiaMenorCosto,2,0,Mago|P.E.K.K.A|Príncipe|Gigante,Mini P.E.K.K.A|Mago|Príncipe|Arqueras,JUGADOR_2,Caballero,3,16,29,,,,,
partida_56,60,TROPA_DESPLEGADA,JUGADOR_1,180,EstrategiaAleatoria,EstrategiaMenorCosto,5,0,Mago|P.E.K.K.A|Príncipe|Gigante,Mini P.E.K.K.A|Mago|Príncipe|Mago de Hielo,JUGADOR_2,Arqueras,3,2,29,,,,,
partida_56,65,TROPA_DESPLEGADA,JUGADOR_1,180,EstrategiaAleatoria,EstrategiaMenorCosto,1,1,Mago|P.E.K.K.A|Príncipe|Ejército de Esqueletos,Mini P.E.K.K.A|Mago|Príncipe|Mago de Hielo,JUGADOR_1,Gigante,5,1,11,,,,,
partida_56,69,TROPA_DESPLEGADA,JUGADOR_1,180,EstrategiaAleatoria,EstrategiaMenorCosto,0,3,Mago|P.E.K.K.A|Príncipe|Mini P.E.K.K.A,Mini P.E.K.K.A|Mago|Príncipe|Mago de Hielo,JUGADOR_1,Ejército de Esqueletos,3,2,2,,,,,
partida_56,69,TROPA_DESPLEGADA,JUGADOR_1,180,EstrategiaAleatoria,EstrategiaMenorCosto,0,0,Mago|P.E.K.K.A|Príncipe|Mini P.E.K.K.A,Mini P.E.K.K.A|Mago|Príncipe|Valquiria,JUGADOR_2,Mago de Hielo,3,1,23,,,,,
partida_56,81,TROPA_DESPLEGADA,JUGADOR_1,180,EstrategiaAleatoria,EstrategiaMenorCosto,4,0,Mago|P.E.K.K.A|Príncipe|Mini P.E.K.K.A,Mago|Príncipe|Valquiria|Ejército de Esqueletos,JUGADOR_2,Mini P.E.K.K.A,4,1,28,,,,,
partida_56,83,TROPA_DESPLEGADA,JUGADOR_1,180,EstrategiaAleatoria,EstrategiaMenorCosto,0,0,Mago|P.E.K.K.A|Príncipe|Mosquetera,Mago|Príncipe|Valquiria|Ejército de Esqueletos,JUGADOR_1,Mini P.E.K.K.A,4,8,8,,,,,
partida_56,91,TROPA_DESPLEGADA,JUGADOR_1,180,EstrategiaAleatoria,EstrategiaMenorCosto,3,0,Mago|P.E.K.K.A|Príncipe|Mosquetera,Mago|Príncipe|Valquiria|Caballero,JUGADOR_2,Ejército de Esqueletos,3,11,30,,,,,
partida_56,94,TROPA_DESPLEGADA,JUGADOR_1,180,EstrategiaAleatoria,EstrategiaMenorCosto,0,1,Mago|P.E.K.K.A|Príncipe|Valquiria,Mago|Príncipe|Valquiria|Caballero,JUGADOR_1,Mosquetera,4,2,12,,,,,
partida_56,99,TROPA_DESPLEGADA,JUGADOR_1,180,EstrategiaAleatoria,EstrategiaMenorCosto,2,0,Mago|P.E.K.K.A|Príncipe|Valquiria,Mago|Príncipe|Valquiria|Arqueras,JUGADOR_2,Caballero,3,9,25,,,,,
partida_56,106,TROPA_DESPLEGADA,JUGADOR_1,180,EstrategiaAleatoria,EstrategiaMenorCosto,0,2,Mago|P.E.K.K.A|Príncipe|Gigante,Mago|Príncipe|Valquiria|Arqueras,JUGADOR_1,Valquiria,4,17,12,,,,,
partida_56,109,TROPA_DESPLEGADA,JUGADOR_1,180,EstrategiaAleatoria,EstrategiaMenorCosto,1,0,Mago|P.E.K.K.A|Príncipe|Gigante,Mago|Príncipe|Valquiria|Mago de Hielo,JUGADOR_2,Arqueras,3,14,30,,,,,
partida_56,117,TROPA_DESPLEGADA,JUGADOR_1,180,EstrategiaAleatoria,EstrategiaMenorCosto,4,0,Mago|P.E.K.K.A|Príncipe|Gigante,Mago|Príncipe|Valquiria|Mini P.E.K.K.A,JUGADOR_2,Mago de Hielo,3,5,22,,,,,
partida_56,122,TROPA_DESPLEGADA,JUGADOR_1,180,EstrategiaAleatoria,EstrategiaMenorCosto,0,1,P.E.K.K.A|Príncipe|Gigante|Ejército de Esqueletos,Mago|Príncipe|Valquiria|Mini P.E.K.K.A,JUGADOR_1,Mago,5,13,4,,,,,
partida_56,129,TROPA_DESPLEGADA,JUGADOR_1,180,EstrategiaAleatoria,EstrategiaMenorCosto,3,0,P.E.K.K.A|Príncipe|Gigante|Ejército de Esqueletos,Mago|Príncipe|Mini P.E.K.K.A|Ejército de Esqueletos,JUGADOR_2,Valquiria,4,11,25,,,,,
partida_56,130,TROPA_DESPLEGADA,JUGADOR_1,180,EstrategiaAleatoria,EstrategiaMenorCosto,0,0,P.E.K.K.A|Príncipe|Gigante|Mini P.E.K.K.A,Mago|Príncipe|Mini P.E.K.K.A|Ejército de Esqueletos,JUGADOR_1,Ejército de Esqueletos,3,5,8,,,,,
partida_56,138,TROPA_DESPLEGADA,JUGADOR_1,180,EstrategiaAleatoria,EstrategiaMenorCosto,3,0,P.E.K.K.A|Príncipe|Gigante|Mini P.E.K.K.A,Mago|Príncipe|Mini P.E.K.K.A|Caballero,JUGADOR_2,Ejército de Esqueletos,3,2,31,,,,,
partida_56,143,TROPA_DESPLEGADA,JUGADOR_1,180,EstrategiaAleatoria,EstrategiaMenorCosto,0,1,P.E.K.K.A|Príncipe|Gigante|Mosquetera,Mago|Príncipe|Mini P.E.K.K.A|Caballero,JUGADOR_1,Mini P.E.K.K.A,4,2,19,,,,,
partida_56,147,TROPA_DESPLEGADA,JUGADOR_1,180,EstrategiaAleatoria,EstrategiaMenorCosto,2,0,P.E.K.K.A|Príncipe|Gigante|Mosquetera,Mago|Príncipe|Mini P.E.K.K.A|Arqueras,JUGADOR_2,Caballero,3,14,31,,,,,
partida_56,154,TROPA_DESPLEGADA,JUGADOR_1,180,EstrategiaAleatoria,EstrategiaMenorCosto,0,2,P.E.K.K.A|Príncipe|Gigante|Valquiria,Mago|Príncipe|Mini P.E.K.K.A|Arqueras,JUGADOR_1,Mosquetera,4,16,11,,,,,
partida_56,156,TROPA_DESPLEGADA,JUGADOR_1,180,EstrategiaAleatoria,EstrategiaMenorCosto,1,0,P.E.K.K.A|Príncipe|Gigante|Valquiria,Mago|Príncipe|Mini P.E.K.K.A|Mago de Hielo,JUGADOR_2,Arqueras,3,5,23,,,,,
partida_56,165,TROPA_DESPLEGADA,JUGADOR_1,180,EstrategiaAleatoria,EstrategiaMenorCosto,4,0,P.E.K.K.A|Príncipe|Gigante|Valquiria,Mago|Príncipe|Mini P.E.K.K.A|Valquiria,JUGADOR_2,Mago de Hielo,3,6,27,,,,,
partida_56,169,TROPA_DESPLEGADA,JUGADOR_1,180,EstrategiaAleatoria,EstrategiaMenorCosto,1,1,P.E.K.K.A|Príncipe|Gigante|Mago,Mago|Príncipe|Mini P.E.K.K.A|Valquiria,JUGADOR_1,Valquiria,4,9,6,,,,,
partida_56,177,TROPA_DESPLEGADA,JUGADOR_1,180,EstrategiaAleatoria,EstrategiaMenorCosto,4,0,P.E.K.K.A|Príncipe|Gigante|Mago,Mago|Príncipe|Valquiria|Ejército de Esqueletos,JUGADOR_2,Mini P.E.K.K.A,4,2,30,,,,,
partida_56,180,TROPA_DESPLEGADA,JUGADOR_1,180,EstrategiaAleatoria,EstrategiaMenorCosto,0,1,P.E.K.K.A|Príncipe|Gigante|Ejército de Esqueletos,Mago|Príncipe|Valquiria|Ejército de Esqueletos,JUGADOR_1,Mago,5,0,0,,,,,
partida_56,180,PARTIDA_TERMINADA,JUGADOR_1,180,EstrategiaAleatoria,EstrategiaMenorCosto,0,1,P.E.K.K.A|Príncipe|Gigante|Ejército de Esqueletos,Mago|Príncipe|Valquiria|Ejército de Esqueletos,,,,,,,,,,
partida_57,3,TROPA_DESPLEGADA,JUGADOR_2,78,EstrategiaDefensiva,EstrategiaAleatoria,2,6,Mago de Hielo|Mago|P.E.K.K.A|Arqueras,Gigante|Mago de Hielo|Bárbaros|Arqueras,JUGADOR_1,Valquiria,4,6,2,,,,,
partida_57,3,TROPA_DESPLEGADA,JUGADOR_2,78,EstrategiaDefensiva,EstrategiaAleatoria,2,1,Mago de Hielo|Mago|P.E.K.K.A|Arqueras,Mago de Hielo|Bárbaros|Arqueras|Mini P.E.K.K.A,JUGADOR_2,Gigante,5,10,26,,,,,
partida_57,9,TROPA_DESPLEGADA,JUGADOR_2,78,EstrategiaDefensiva,EstrategiaAleatoria,4,0,Mago de Hielo|Mago|P.E.K.K.A|Arqueras,Bárbaros|Arqueras|Mini P.E.K.K.A|Valquiria,JUGADOR_2,Mago de Hielo,3,0,17,,,,,
partida_57,12,TROPA_DESPLEGADA,JUGADOR_2,78,EstrategiaDefensiva,EstrategiaAleatoria,2,1,Mago|P.E.K.K.A|Arqueras|Mosquetera,Bárbaros|Arqueras|Mini P.E.K.K.A|Valquiria,JUGADOR_1,Mago de Hielo,3,6,2,,,,,
partida_57,18,TROPA_DESPLEGADA,JUGADOR_2,78,EstrategiaDefensiva,EstrategiaAleatoria,4,0,Mago|P.E.K.K.A|Arqueras|Mosquetera,Bárbaros|Mini P.E.K.K.A|Valquiria|Caballero,JUGADOR_2,Arqueras,3,11,21,,,,,
partida_57,21,TROPA_DESPLEGADA,JUGADOR_2,78,EstrategiaDefensiva,EstrategiaAleatoria,0,1,P.E.K.K.A|Arqueras|Mosquetera|Ejército de Esqueletos,Bárbaros|Mini P.E.K.K.A|Valquiria|Caballero,JUGADOR_1,Mago,5,6,2,,,,,
partida_57,27,TROPA_DESPLEGADA,JUGADOR_2,78,EstrategiaDefensiva,EstrategiaAleatoria,2,0,P.E.K.K.A|Arqueras|Mosquetera|Ejército de Esqueletos,Bárbaros|Mini P.E.K.K.A|Valquiria|P.E.K.K.A,JUGADOR_2,Caballero,3,3,19,,,,,
partida_57,37,TROPA_DESPLEGADA,JUGADOR_2,78,EstrategiaDefensiva,EstrategiaAleatoria,1,3,P.E.K.K.A|Arqueras|Ejército de Esqueletos|Bárbaros,Bárbaros|Mini P.E.K.K.A|Valquiria|P.E.K.K.A,JUGADOR_1,Mosquetera,4,6,2,,,,,
partida_57,42,TROPA_DESPLEGADA,JUGADOR_2,78,EstrategiaDefensiva,EstrategiaAleatoria,3,0,P.E.K.K.A|Arqueras|Ejército de Esqueletos|Bárbaros,Mini P.E.K.K.A|Valquiria|P.E.K.K.A|Gigante,JUGADOR_2,Bárbaros,5,0,18,,,,,
partida_57,48,TROPA_DESPLEGADA,JUGADOR_2,78,EstrategiaDefensiva,EstrategiaAleatoria,0,2,P.E.K.K.A|Arqueras|Ejército de Esqueletos|Valquiria,Mini P.E.K.K.A|Valquiria|P.E.K.K.A|Gigante,JUGADOR_1,Bárbaros,5,6,2,,,,,
partida_57,54,TROPA_DESPLEGADA,JUGADOR_2,78,EstrategiaDefensiva,EstrategiaAleatoria,2,0,P.E.K.K.A|Arqueras|Ejército de Esqueletos|Valquiria,Mini P.E.K.K.A|P.E.K.K.A|Gigante|Mago de Hielo,JUGADOR_2,Valquiria,4,9,26,,,,,
partida_57,63,TROPA_DESPLEGADA,JUGADOR_2,78,EstrategiaDefensiva,EstrategiaAleatoria,5,0,P.E.K.K.A|Arqueras|Ejército de Esqueletos|Valquiria,Mini P.E.K.K.A|P.E.K.K.A|Gigante|Arqueras,JUGADOR_2,Mago de Hielo,3,16,14,,,,,
partida_57,64,TROPA_DESPLEGADA,JUGADOR_2,78,EstrategiaDefensiva,EstrategiaAleatoria,1,0,P.E.K.K.A|Arqueras|Ejército de Esqueletos|Mago de Hielo,Mini P.E.K.K.A|P.E.K.K.A|Gigante|Arqueras,JUGADOR_1,Valquiria,4,6,2,,,,,
partida_57,72,TROPA_DESPLEGADA,JUGADOR_2,78,EstrategiaDefensiva,EstrategiaAleatoria,4,0,P.E.K.K.A|Arqueras|Ejército de Esqueletos|Mago de Hielo,Mini P.E.K.K.A|P.E.K.K.A|Gigante|Caballero,JUGADOR_2,Arqueras,3,5,26,,,,,
partida_57,76,TROPA_DESPLEGADA,JUGADOR_2,78,EstrategiaDefensiva,EstrategiaAleatoria,2,1,P.E.K.K.A|Arqueras|Ejército de Esqueletos|Mago,Mini P.E.K.K.A|P.E.K.K.A|Gigante|Caballero,JUGADOR_1,Mago de Hielo,3,6,2,,,,,
partida_57,78,PARTIDA_TERMINADA,JUGADOR_2,78,EstrategiaDefensiva,EstrategiaAleatoria,3,2,P.E.K.K.A|Arqueras|Ejército de Esqueletos|Mago,Mini P.E.K.K.A|P.E.K.K.A|Gigante|Caballero,,,,,,,,,,
partida_58,1,TROPA_DESPLEGADA,JUGADOR_2,177,EstrategiaDefensiva,EstrategiaMenorCosto,5,2,Bárbaros|Mosquetera|P.E.K.K.A|Mago de Hielo,Valquiria|Mini P.E.K.K.A|Bárbaros|Caballero,JUGADOR_2,Ejército de Esqueletos,3,4,21,,,,,
partida_58,2,TROPA_DESPLEGADA,JUGADOR_2,177,EstrategiaDefensiva,EstrategiaMenorCosto,2,2,Bárbaros|Mosquetera|P.E.K.K.A|Gigante,Valquiria|Mini P.E.K.K.A|Bárbaros|Caballero,JUGADOR_1,Mago de Hielo,3,6,2,,,,,
partida_58,3,TROPA_DESPLEGADA,JUGADOR_2,177,EstrategiaDefensiva,EstrategiaMenorCosto,3,0,Bárbaros|Mosquetera|P.E.K.K.A|Gigante,Valquiria|Mini P.E.K.K.A|Bárbaros|Arqueras,JUGADOR_2,Caballero,3,5,21,,,,,
partida_58,9,TROPA_DESPLEGADA,JUGADOR_2,177,EstrategiaDefensiva,EstrategiaMenorCosto,0,2,Bárbaros|Mosquetera|P.E.K.K.A|Arqueras,Valquiria|Mini P.E.K.K.A|Bárbaros|Arqueras,JUGADOR_1,Gigante,5,6,2,,,,,
partida_58,12,TROPA_DESPLEGADA,JUGADOR_2,177,EstrategiaDefensiva,EstrategiaMenorCosto,1,0,Bárbaros|Mosquetera|P.E.K.K.A|Arqueras,Valquiria|Mini P.E.K.K.A|Bárbaros|P.E.K.K.A,JUGADOR_2,Arqueras,3,14,17,,,,,
partida_58,24,TROPA_DESPLEGADA,JUGADOR_2,177,EstrategiaDefensiva,EstrategiaMenorCosto,5,0,Bárbaros|Mosquetera|P.E.K.K.A|Arqueras,Mini P.E.K.K.A|Bárbaros|P.E.K.K.A|Gigante,JUGADOR_2,Valquiria,4,1,19,,,,,
partida_58,26,TROPA_DESPLEGADA,JUGADOR_2,177,EstrategiaDefensiva,EstrategiaMenorCosto,1,0,Bárbaros|P.E.K.K.A|Arqueras|Ejército de Esqueletos,Mini P.E.K.K.A|Bárbaros|P.E.K.K.A|Gigante,JUGADOR_1,Mosquetera,4,6,2,,,,,
partida_58,36,TROPA_DESPLEGADA,JUGADOR_2,177,EstrategiaDefensiva,EstrategiaMenorCosto,0,4,P.E.K.K.A|Arqueras|Ejército de Esqueletos|Valquiria,Mini P.E.K.K.A|Bárbaros|P.E.K.K.A|Gigante,JUGADOR_1,Bárbaros,5,6,2,,,,,
partida_58,36,TROPA_DESPLEGADA,JUGADOR_2,177,EstrategiaDefensiva,EstrategiaMenorCosto,0,0,P.E.K.K.A|Arqueras|Ejército de Esqueletos|Valquiria,Bárbaros|P.E.K.K.A|Gigante|Ejército de Esqueletos,JUGADOR_2,Mini P.E.K.K.A,4,12,27,,,,,
partida_58,45,TROPA_DESPLEGADA,JUGADOR_2,177,EstrategiaDefensiva,EstrategiaMenorCosto,3,0,P.E.K.K.A|Arqueras|Ejército de Esqueletos|Valquiria,Bárbaros|P.E.K.K.A|Gigante|Caballero,JUGADOR_2,Ejército de Esqueletos,3,9,17,,,,,
partida_58,52,TROPA_DESPLEGADA,JUGADOR_2,177,EstrategiaDefensiva,EstrategiaMenorCosto,1,2,P.E.K.K.A|Arqueras|Ejército de Esqueletos|Mago de Hielo,Bárbaros|P.E.K.K.A|Gigante|Caballero,JUGADOR_1,Valquiria,4,6,2,,,,,
partida_58,54,TROPA_DESPLEGADA,JUGADOR_2,177,EstrategiaDefensiva,EstrategiaMenorCosto,2,0,P.E.K.K.A|Arqueras|Ejército de Esqueletos|Mago de Hielo,Bárbaros|P.E.K.K.A|Gigante|Arqueras,JUGADOR_2,Caballero,3,0,18,,,,,
partida_58,63,TROPA_DESPLEGADA,JUGADOR_2,177,EstrategiaDefensiva,EstrategiaMenorCosto,5,0,P.E.K.K.A|Arqueras|Ejército de Esqueletos|Mago de Hielo,Bárbaros|P.E.K.K.A|Gigante|Valquiria,JUGADOR_2,Arqueras,3,5,18,,,,,
partida_58,64,TROPA_DESPLEGADA,JUGADOR_2,177,EstrategiaDefensiva,EstrategiaMenorCosto,2,0,P.E.K.K.A|Arqueras|Ejército de Esqueletos|Gigante,Bárbaros|P.E.K.K.A|Gigante|Valquiria,JUGADOR_1,Mago de Hielo,3,6,2,,,,,
partida_58,72,TROPA_DESPLEGADA,JUGADOR_2,177,EstrategiaDefensiva,EstrategiaMenorCosto,0,3,P.E.K.K.A|Arqueras|Ejército de Esqueletos|Mosquetera,Bárbaros|P.E.K.K.A|Gigante|Valquiria,JUGADOR_1,Gigante,5,6,2,,,,,
partida_58,75,TROPA_DESPLEGADA,JUGADOR_2,177,EstrategiaDefensiva,EstrategiaMenorCosto,1,0,P.E.K.K.A|Arqueras|Ejército de Esqueletos|Mosquetera,Bárbaros|P.E.K.K.A|Gigante|Mini P.E.K.K.A,JUGADOR_2,Valquiria,4,1,29,,,,,
partida_58,88,TROPA_DESPLEGADA,JUGADOR_2,177,EstrategiaDefensiva,EstrategiaMenorCosto,5,0,P.E.K.K.A|Arqueras|Ejército de Esqueletos|Mosquetera,Bárbaros|P.E.K.K.A|Gigante|Ejército de Esqueletos,JUGADOR_2,Mini P.E.K.K.A,4,0,23,,,,,
partida_58,89,TROPA_DESPLEGADA,JUGADOR_2,177,EstrategiaDefensiva,EstrategiaMenorCosto,1,0,P.E.K.K.A|Arqueras|Ejército de Esqueletos|Bárbaros,Bárbaros|P.E.K.K.A|Gigante|Ejército de Esqueletos,JUGADOR_1,Mosquetera,4,6,2,,,,,
partida_58,96,TROPA_DESPLEGADA,JUGADOR_2,177,EstrategiaDefensiva,EstrategiaMenorCosto,4,0,P.E.K.K.A|Arqueras|Ejército de Esqueletos|Bárbaros,Bárbaros|P.E.K.K.A|Gigante|Caballero,JUGADOR_2,Ejército de Esqueletos,3,10,26,,,,,
partida_58,100,TROPA_DESPLEGADA,JUGADOR_2,177,EstrategiaDefensiva,EstrategiaMenorCosto,0,1,P.E.K.K.A|Arqueras|Ejército de Esqueletos|Valquiria,Bárbaros|P.E.K.K.A|Gigante|Caballero,JUGADOR_1,Bárbaros,5,6,2,,,,,
partida_58,105,TROPA_DESPLEGADA,JUGADOR_2,177,EstrategiaDefensiva,EstrategiaMenorCosto,2,0,P.E.K.K.A|Arqueras|Ejército de Esqueletos|Valquiria,Bárbaros|P.E.K.K.A|Gigante|Arqueras,JUGADOR_2,Caballero,3,10,31,,,,,
partida_58,114,TROPA_DESPLEGADA,JUGADOR_2,177,EstrategiaDefensiva,EstrategiaMenorCosto,5,0,P.E.K.K.A|Arqueras|Ejército de Esqueletos|Valquiria,Bárbaros|P.E.K.K.A|Gigante|Valquiria,JUGADOR_2,Arqueras,3,13,28,,,,,
partida_58,115,TROPA_DESPLEGADA,JUGADOR_2,177,EstrategiaDefensiva,EstrategiaMenorCosto,1,0,P.E.K.K.A|Arqueras|Ejército de Esqueletos|Mago de Hielo,Bárbaros|P.E.K.K.A|Gigante|Valquiria,JUGADOR_1,Valquiria,4,6,2,,,,,
partida_58,126,TROPA_DESPLEGADA,JUGADOR_2,177,EstrategiaDefensiva,EstrategiaMenorCosto,2,4,P.E.K.K.A|Arqueras|Ejército de Esqueletos|Gigante,Bárbaros|P.E.K.K.A|Gigante|Valquiria,JUGADOR_1,Mago de Hielo,3,6,2,,,,,
partida_58,126,TROPA_DESPLEGADA,JUGADOR_2,177,EstrategiaDefensiva,EstrategiaMenorCosto,2,0,P.E.K.K.A|Arqueras|Ejército de Esqueletos|Gigante,Bárbaros|P.E.K.K.A|Gigante|Mini P.E.K.K.A,JUGADOR_2,Valquiria,4,12,18,,,,,
partida_58,135,TROPA_DESPLEGADA,JUGADOR_2,177,EstrategiaDefensiva,EstrategiaMenorCosto,0,3,P.E.K.K.A|Arqueras|Ejército de Esqueletos|Mosquetera,Bárbaros|P.E.K.K.A|Gigante|Mini P.E.K.K.A,JUGADOR_1,Gigante,5,6,2,,,,,
partida_58,138,TROPA_DESPLEGADA,JUGADOR_2,177,EstrategiaDefensiva,EstrategiaMenorCosto,1,0,P.E.K.K.A|Arqueras|Ejército de Esqueletos|Mosquetera,Bárbaros|P.E.K.K.A|Gigante|Ejército de Esqueletos,JUGADOR_2,Mini P.E.K.K.A,4,7,10,,,,,
partida_58,147,TROPA_DESPLEGADA,JUGADOR_2,177,EstrategiaDefensiva,EstrategiaMenorCosto,4,0,P.E.K.K.A|Arqueras|Ejército de Esqueletos|Mosquetera,Bárbaros|P.E.K.K.A|Gigante|Caballero,JUGADOR_2,Ejército de Esqueletos,3,16,21,,,,,
partida_58,152,TROPA_DESPLEGADA,JUGADOR_2,177,EstrategiaDefensiva,EstrategiaMenorCosto,1,1,P.E.K.K.A|Arqueras|Ejército de Esqueletos|Bárbaros,Bárbaros|P.E.K.K.A|Gigante|Caballero,JUGADOR_1,Mosquetera,4,6,2,,,,,
partida_58,156,TROPA_DESPLEGADA,JUGADOR_2,177,EstrategiaDefensiva,EstrategiaMenorCosto,3,0,P.E.K.K.A|Arqueras|Ejército de Esqueletos|Bárbaros,Bárbaros|P.E.K.K.A|Gigante|Arqueras,JUGADOR_2,Caballero,3,8,13,,,,,
partida_58,162,TROPA_DESPLEGADA,JUGADOR_2,177,EstrategiaDefensiva,EstrategiaMenorCosto,0,2,P.E.K.K.A|Arqueras|Ejército de Esqueletos|Valquiria,Bárbaros|P.E.K.K.A|Gigante|Arqueras,JUGADOR_1,Bárbaros,5,6,2,,,,,
partida_58,165,TROPA_DESPLEGADA,JUGADOR_2,177,EstrategiaDefensiva,EstrategiaMenorCosto,1,0,P.E.K.K.A|Arqueras|Ejército de Esqueletos|Valquiria,Bárbaros|P.E.K.K.A|Gigante|Valquiria,JUGADOR_2,Arqueras,3,1,21,,,,,
partida_58,177,TROPA_DESPLEGADA,JUGADOR_2,177,EstrategiaDefensiva,EstrategiaMenorCosto,5,0,P.E.K.K.A|Arqueras|Ejército de Esqueletos|Valquiria,Bárbaros|P.E.K.K.A|Gigante|Mini P.E.K.K.A,JUGADOR_2,Valquiria,4,0,29,,,,,
partida_58,177,PARTIDA_TERMINADA,JUGADOR_2,177,EstrategiaDefensiva,EstrategiaMenorCosto,5,0,P.E.K.K.A|Arqueras|Ejército de Esqueletos|Valquiria,Bárbaros|P.E.K.K.A|Gigante|Mini P.E.K.K.A,,,,,,,,,,
partida_59,1,TROPA_DESPLEGADA,JUGADOR_1,142,EstrategiaAgresiva,EstrategiaDefensiva,1,5,Príncipe|Mosquetera|Mago de Hielo|Valquiria,Mago de Hielo|Caballero|Mosquetera|Mini P.E.K.K.A,JUGADOR_1,Mini P.E.K.K.A,4,0,14,,,,,
partida_59,1,TROPA_DESPLEGADA,JUGADOR_1,142,EstrategiaAgresiva,EstrategiaDefensiva,1,2,Príncipe|Mosquetera|Mago de Hielo|Valquiria,Mago de Hielo|Mosquetera|Mini P.E.K.K.A|Gigante,JUGADOR_2,Caballero,3,6,28,,,,,
partida_59,6,TROPA_DESPLEGADA,JUGADOR_1,142,EstrategiaAgresiva,EstrategiaDefensiva,0,4,Príncipe|Mosquetera|Valquiria|P.E.K.K.A,Mago de Hielo|Mosquetera|Mini P.E.K.K.A|Gigante,JUGADOR_1,Mago de Hielo,3,0,14,,,,,
partida_59,12,TROPA_DESPLEGADA,JUGADOR_1,142,EstrategiaAgresiva,EstrategiaDefensiva,2,1,Príncipe|Mosquetera|Valquiria|P.E.K.K.A,Mago de Hielo|Mosquetera|Mini P.E.K.K.A|P.E.K.K.A,JUGADOR_2,Gigante,5,6,28,,,,,
partida_59,18,TROPA_DESPLEGADA,JUGADOR_1,142,EstrategiaAgresiva,EstrategiaDefensiva,0,3,Príncipe|Mosquetera|P.E.K.K.A|Gigante,Mago de Hielo|Mosquetera|Mini P.E.K.K.A|P.E.K.K.A,JUGADOR_1,Valquiria,4,0,21,,,,,
partida_59,25,TROPA_DESPLEGADA,JUGADOR_1,142,EstrategiaAgresiva,EstrategiaDefensiva,2,1,Príncipe|Mosquetera|P.E.K.K.A|Gigante,Mago de Hielo|Mosquetera|P.E.K.K.A|Príncipe,JUGADOR_2,Mini P.E.K.K.A,4,6,28,,,,,
partida_59,31,TROPA_DESPLEGADA,JUGADOR_1,142,EstrategiaAgresiva,EstrategiaDefensiva,0,3,Príncipe|P.E.K.K.A|Gigante|Bárbaros,Mago de Hielo|Mosquetera|P.E.K.K.A|Príncipe,JUGADOR_1,Mosquetera,4,0,21,,,,,
partida_59,37,TROPA_DESPLEGADA,JUGADOR_1,142,EstrategiaAgresiva,EstrategiaDefensiva,2,0,Príncipe|P.E.K.K.A|Gigante|Bárbaros,Mago de Hielo|Mosquetera|P.E.K.K.A|Ejército de Esqueletos,JUGADOR_2,Príncipe,5,6,28,,,,,
partida_59,48,TROPA_DESPLEGADA,JUGADOR_1,142,EstrategiaAgresiva,EstrategiaDefensiva,1,4,P.E.K.K.A|Gigante|Bárbaros|Mini P.E.K.K.A,Mago de Hielo|Mosquetera|P.E.K.K.A|Ejército de Esqueletos,JUGADOR_1,Príncipe,5,0,21,,,,,
partida_59,53,TROPA_DESPLEGADA,JUGADOR_1,142,EstrategiaAgresiva,EstrategiaDefensiva,2,2,P.E.K.K.A|Gigante|Bárbaros|Mini P.E.K.K.A,Mosquetera|P.E.K.K.A|Ejército de Esqueletos|Caballero,JUGADOR_2,Mago de Hielo,3,6,28,,,,,
partida_59,58,TROPA_DESPLEGADA,JUGADOR_1,142,EstrategiaAgresiva,EstrategiaDefensiva,0,4,P.E.K.K.A|Gigante|Bárbaros|Mago de Hielo,Mosquetera|P.E.K.K.A|Ejército de Esqueletos|Caballero,JUGADOR_1,Mini P.E.K.K.A,4,0,21,,,,,
partida_59,60,TROPA_DESPLEGADA,JUGADOR_1,142,EstrategiaAgresiva,EstrategiaDefensiva,1,2,P.E.K.K.A|Gigante|Bárbaros|Mago de Hielo,Mosquetera|P.E.K.K.A|Ejército de Esqueletos|Gigante,JUGADOR_2,Caballero,3,8,26,,,,,
partida_59,66,TROPA_DESPLEGADA,JUGADOR_1,142,EstrategiaAgresiva,EstrategiaDefensiva,0,4,P.E.K.K.A|Gigante|Bárbaros|Valquiria,Mosquetera|P.E.K.K.A|Ejército de Esqueletos|Gigante,JUGADOR_1,Mago de Hielo,3,0,21,,,,,
partida_59,69,TROPA_DESPLEGADA,JUGADOR_1,142,EstrategiaAgresiva,EstrategiaDefensiva,1,0,P.E.K.K.A|Gigante|Bárbaros|Valquiria,Mosquetera|P.E.K.K.A|Ejército de Esqueletos|Mini P.E.K.K.A,JUGADOR_2,Gigante,5,6,28,,,,,
partida_59,78,TROPA_DESPLEGADA,JUGADOR_1,142,EstrategiaAgresiva,EstrategiaDefensiva,0,3,P.E.K.K.A|Gigante|Bárbaros|Mosquetera,Mosquetera|P.E.K.K.A|Ejército de Esqueletos|Mini P.E.K.K.A,JUGADOR_1,Valquiria,4,0,21,,,,,
partida_59,84,TROPA_DESPLEGADA,JUGADOR_1,142,EstrategiaAgresiva,EstrategiaDefensiva,2,1,P.E.K.K.A|Gigante|Bárbaros|Mosquetera,Mosquetera|P.E.K.K.A|Ejército de Esqueletos|Príncipe,JUGADOR_2,Mini P.E.K.K.A,4,6,28,,,,,
partida_59,90,TROPA_DESPLEGADA,JUGADOR_1,142,EstrategiaAgresiva,EstrategiaDefensiva,0,3,P.E.K.K.A|Gigante|Bárbaros|Príncipe,Mosquetera|P.E.K.K.A|Ejército de Esqueletos|Príncipe,JUGADOR_1,Mosquetera,4,0,21,,,,,
partida_59,97,TROPA_DESPLEGADA,JUGADOR_1,142,EstrategiaAgresiva,EstrategiaDefensiva,2,0,P.E.K.K.A|Gigante|Bárbaros|Príncipe,Mosquetera|P.E.K.K.A|Ejército de Esqueletos|Mago de Hielo,JUGADOR_2,Príncipe,5,6,28,,,,,
partida_59,106,TROPA_DESPLEGADA,JUGADOR_1,142,EstrategiaAgresiva,EstrategiaDefensiva,0,3,P.E.K.K.A|Gigante|Bárbaros|Mini P.E.K.K.A,Mosquetera|P.E.K.K.A|Ejército de Esqueletos|Mago de Hielo,JUGADOR_1,Príncipe,5,0,21,,,,,
partida_59,112,TROPA_DESPLEGADA,JUGADOR_1,142,EstrategiaAgresiva,EstrategiaDefensiva,2,2,P.E.K.K.A|Gigante|Bárbaros|Mini P.E.K.K.A,Mosquetera|P.E.K.K.A|Ejército de Esqueletos|Caballero,JUGADOR_2,Mago de Hielo,3,6,28,,,,,
partida_59,117,TROPA_DESPLEGADA,JUGADOR_1,142,EstrategiaAgresiva,EstrategiaDefensiva,0,4,P.E.K.K.A|Gigante|Bárbaros|Mago de Hielo,Mosquetera|P.E.K.K.A|Ejército de Esqueletos|Caballero,JUGADOR_1,Mini P.E.K.K.A,4,0,21,,,,,
partida_59,121,TROPA_DESPLEGADA,JUGADOR_1,142,EstrategiaAgresiva,EstrategiaDefensiva,1,2,P.E.K.K.A|Gigante|Bárbaros|Mago de Hielo,Mosquetera|P.E.K.K.A|Ejército de Esqueletos|Gigante,JUGADOR_2,Caballero,3,6,28,,,,,
partida_59,126,TROPA_DESPLEGADA,JUGADOR_1,142,EstrategiaAgresiva,EstrategiaDefensiva,0,4,P.E.K.K.A|Gigante|Bárbaros|Valquiria,Mosquetera|P.E.K.K.A|Ejército de Esqueletos|Gigante,JUGADOR_1,Mago de Hielo,3,0,21,,,,,
partida_59,129,TROPA_DESPLEGADA,JUGADOR_1,142,EstrategiaAgresiva,EstrategiaDefensiva,1,0,P.E.K.K.A|Gigante|Bárbaros|Valquiria,Mosquetera|P.E.K.K.A|Ejército de Esqueletos|Mini P.E.K.K.A,JUGADOR_2,Gigante,5,6,28,,,,,
partida_59,140,TROPA_DESPLEGADA,JUGADOR_1,142,EstrategiaAgresiva,EstrategiaDefensiva,0,3,P.E.K.K.A|Gigante|Bárbaros|Mosquetera,Mosquetera|P.E.K.K.A|Ejército de Esqueletos|Mini P.E.K.K.A,JUGADOR_1,Valquiria,4,0,21,,,,,
partida_59,142,PARTIDA_TERMINADA,JUGADOR_1,142,EstrategiaAgresiva,EstrategiaDefensiva,1,4,P.E.K.K.A|Gigante|Bárbaros|Mosquetera,Mosquetera|P.E.K.K.A|Ejército de Esqueletos|Mini P.E.K.K.A,,,,,,,,,,
partida_60,1,TROPA_DESPLEGADA,JUGADOR_1,180,EstrategiaMenorCosto,EstrategiaMenorCosto,5,2,Valquiria|Mini P.E.K.K.A|Mago|Caballero,Mosquetera|Príncipe|P.E.K.K.A|Valquiria,JUGADOR_2,Arqueras,3,17,17,,,,,
partida_60,2,TROPA_DESPLEGADA,JUGADOR_1,180,EstrategiaMenorCosto,EstrategiaMenorCosto,2,2,Valquiria|Mini P.E.K.K.A|Mago|Bárbaros,Mosquetera|Príncipe|P.E.K.K.A|Valquiria,JUGADOR_1,Caballero,3,16,11,,,,,
partida_60,6,TROPA_DESPLEGADA,JUGADOR_1,180,EstrategiaMenorCosto,EstrategiaMenorCosto,0,4,Mini P.E.K.K.A|Mago|Bárbaros|Arqueras,Mosquetera|Príncipe|P.E.K.K.A|Valquiria,JUGADOR_1,Valquiria,4,13,14,,,,,
partida_60,6,TROPA_DESPLEGADA,JUGADOR_1,180,EstrategiaMenorCosto,EstrategiaMenorCosto,0,0,Mini P.E.K.K.A|Mago|Bárbaros|Arqueras,Príncipe|P.E.K.K.A|Valquiria|Ejército de Esqueletos,JUGADOR_2,Mosquetera,4,6,22,,,,,
partida_60,15,TROPA_DESPLEGADA,JUGADOR_1,180,EstrategiaMenorCosto,EstrategiaMenorCosto,0,3,Mini P.E.K.K.A|Mago|Bárbaros|Mosquetera,Príncipe|P.E.K.K.A|Valquiria|Ejército de Esqueletos,JUGADOR_1,Arqueras,3,15,9,,,,,
partida_60,15,TROPA_DESPLEGADA,JUGADOR_1,180,EstrategiaMenorCosto,EstrategiaMenorCosto,0,0,Mini P.E.K.K.A|Mago|Bárbaros|Mosquetera,Príncipe|P.E.K.K.A|Valquiria|Mago,JUGADOR_2,Ejército de Esqueletos,3,8,20,,,,,
partida_60,27,TROPA_DESPLEGADA,JUGADOR_1,180,EstrategiaMenorCosto,EstrategiaMenorCosto,0,4,Mago|Bárbaros|Mosquetera|Ejército de Esqueletos,Príncipe|P.E.K.K.A|Valquiria|Mago,JUGADOR_1,Mini P.E.K.K.A,4,14,14,,,,,
partida_60,27,TROPA_DESPLEGADA,JUGADOR_1,180,EstrategiaMenorCosto,EstrategiaMenorCosto,0,0,Mago|Bárbaros|Mosquetera|Ejército de Esqueletos,Príncipe|P.E.K.K.A|Mago|Caballero,JUGADOR_2,Valquiria,4,17,17,,,,,
partida_60,36,TROPA_DESPLEGADA,JUGADOR_1,180,EstrategiaMenorCosto,EstrategiaMenorCosto,0,3,Mago|Bárbaros|Mosquetera|Caballero,Príncipe|P.E.K.K.A|Mago|Caballero,JUGADOR_1,Ejército de Esqueletos,3,1,2,,,,,
partida_60,37,TROPA_DESPLEGADA,JUGADOR_1,180,EstrategiaMenorCosto,EstrategiaMenorCosto,0,0,Mago|Bárbaros|Mosquetera|Caballero,Príncipe|P.E.K.K.A|Mago|Arqueras,JUGADOR_2,Caballero,3,4,27,,,,,
partida_60,46,TROPA_DESPLEGADA,JUGADOR_1,180,EstrategiaMenorCosto,EstrategiaMenorCosto,0,3,Mago|Bárbaros|Mosquetera|Valquiria,Príncipe|P.E.K.K.A|Mago|Arqueras,JUGADOR_1,Caballero,3,10,14,,,,,
partida_60,46,TROPA_DESPLEGADA,JUGADOR_1,180,EstrategiaMenorCosto,EstrategiaMenorCosto,0,0,Mago|Bárbaros|Mosquetera|Valquiria,Príncipe|P.E.K.K.A|Mago|Mosquetera,JUGADOR_2,Arqueras,3,11,28,,,,,
partida_60,57,TROPA_DESPLEGADA,JUGADOR_1,180,EstrategiaMenorCosto,EstrategiaMenorCosto,4,0,Mago|Bárbaros|Mosquetera|Valquiria,Príncipe|P.E.K.K.A|Mago|Ejército de Esqueletos,JUGADOR_2,Mosquetera,4,17,24,,,,,
partida_60,58,TROPA_DESPLEGADA,JUGADOR_1,180,EstrategiaMenorCosto,EstrategiaMenorCosto,0,0,Mago|Bárbaros|Valquiria|Arqueras,Príncipe|P.E.K.K.A|Mago|Ejército de Esqueletos,JUGADOR_1,Mosquetera,4,15,14,,,,,
partida_60,66,TROPA_DESPLEGADA,JUGADOR_1,180,EstrategiaMenorCosto,EstrategiaMenorCosto,0,3,Mago|Bárbaros|Valquiria|Mini P.E.K.K.A,Príncipe|P.E.K.K.A|Mago|Ejército de Esqueletos,JUGADOR_1,Arqueras,3,13,20,,,,,
partida_60,66,TROPA_DESPLEGADA,JUGADOR_1,180,EstrategiaMenorCosto,EstrategiaMenorCosto,0,0,Mago|Bárbaros|Valquiria|Mini P.E.K.K.A,Príncipe|P.E.K.K.A|Mago|Valquiria,JUGADOR_2,Ejército de Esqueletos,3,7,19,,,,,
partida_60,78,TROPA_DESPLEGADA,JUGADOR_1,180,EstrategiaMenorCosto,EstrategiaMenorCosto,0,4,Mago|Bárbaros|Mini P.E.K.K.A|Ejército de Esqueletos,Príncipe|P.E.K.K.A|Mago|Valquiria,JUGADOR_1,Valquiria,4,13,1,,,,,
partida_60,78,TROPA_DESPLEGADA,JUGADOR_1,180,EstrategiaMenorCosto,EstrategiaMenorCosto,0,0,Mago|Bárbaros|Mini P.E.K.K.A|Ejército de Esqueletos,Príncipe|P.E.K.K.A|Mago|Caballero,JUGADOR_2,Valquiria,4,5,19,,,,,
partida_60,87,TROPA_DESPLEGADA,JUGADOR_1,180,EstrategiaMenorCosto,EstrategiaMenorCosto,0,3,Mago|Bárbaros|Mini P.E.K.K.A|Caballero,Príncipe|P.E.K.K.A|Mago|Caballero,JUGADOR_1,Ejército de Esqueletos,3,10,20,,,,,
partida_60,87,TROPA_DESPLEGADA,JUGADOR_1,180,EstrategiaMenorCosto,EstrategiaMenorCosto,0,0,Mago|Bárbaros|Mini P.E.K.K.A|Caballero,Príncipe|P.E.K.K.A|Mago|Arqueras,JUGADOR_2,Caballero,3,0,30,,,,,
partida_60,96,TROPA_DESPLEGADA,JUGADOR_1,180,EstrategiaMenorCosto,EstrategiaMenorCosto,0,3,Mago|Bárbaros|Mini P.E.K.K.A|Mosquetera,Príncipe|P.E.K.K.A|Mago|Arqueras,JUGADOR_1,Caballero,3,14,11,,,,,
partida_60,96,TROPA_DESPLEGADA,JUGADOR_1,180,EstrategiaMenorCosto,EstrategiaMenorCosto,0,0,Mago|Bárbaros|Mini P.E.K.K.A|Mosquetera,Príncipe|P.E.K.K.A|Mago|Mosquetera,JUGADOR_2,Arqueras,3,1,26,,,,,
partida_60,108,TROPA_DESPLEGADA,JUGADOR_1,180,EstrategiaMenorCosto,EstrategiaMenorCosto,0,4,Mago|Bárbaros|Mosquetera|Arqueras,Príncipe|P.E.K.K.A|Mago|Mosquetera,JUGADOR_1,Mini P.E.K.K.A,4,10,19,,,,,
partida_60,109,TROPA_DESPLEGADA,JUGADOR_1,180,EstrategiaMenorCosto,EstrategiaMenorCosto,0,0,Mago|Bárbaros|Mosquetera|Arqueras,Príncipe|P.E.K.K.A|Mago|Ejército de Esqueletos,JUGADOR_2,Mosquetera,4,11,25,,,,,
partida_60,117,TROPA_DESPLEGADA,JUGADOR_1,180,EstrategiaMenorCosto,EstrategiaMenorCosto,0,3,Mago|Bárbaros|Mosquetera|Valquiria,Príncipe|P.E.K.K.A|Mago|Ejército de Esqueletos,JUGADOR_1,Arqueras,3,12,4,,,,,
partida_60,117,TROPA_DESPLEGADA,JUGADOR_1,180,EstrategiaMenorCosto,EstrategiaMenorCosto,0,0,Mago|Bárbaros|Mosquetera|Valquiria,Príncipe|P.E.K.K.A|Mago|Valquiria,JUGADOR_2,Ejército de Esqueletos,3,1,18,,,,,
partida_60,129,TROPA_DESPLEGADA,JUGADOR_1,180,EstrategiaMenorCosto,EstrategiaMenorCosto,0,4,Mago|Bárbaros|Valquiria|Ejército de Esqueletos,Príncipe|P.E.K.K.A|Mago|Valquiria,JUGADOR_1,Mosquetera,4,1,10,,,,,
partida_60,129,TROPA_DESPLEGADA,JUGADOR_1,180,EstrategiaMenorCosto,EstrategiaMenorCosto,0,0,Mago|Bárbaros|Valquiria|Ejército de Esqueletos,Príncipe|P.E.K.K.A|Mago|Caballero,JUGADOR_2,Valquiria,4,2,19,,,,,
partida_60,138,TROPA_DESPLEGADA,JUGADOR_1,180,EstrategiaMenorCosto,EstrategiaMenorCosto,0,3,Mago|Bárbaros|Valquiria|Caballero,Príncipe|P.E.K.K.A|Mago|Caballero,JUGADOR_1,Ejército de Esqueletos,3,15,14,,,,,
partida_60,138,TROPA_DESPLEGADA,JUGADOR_1,180,EstrategiaMenorCosto,EstrategiaMenorCosto,0,0,Mago|Bárbaros|Valquiria|Caballero,Príncipe|P.E.K.K.A|Mago|Arqueras,JUGADOR_2,Caballero,3,11,25,,,,,
partida_60,147,TROPA_DESPLEGADA,JUGADOR_1,180,EstrategiaMenorCosto,EstrategiaMenorCosto,0,3,Mago|Bárbaros|Valquiria|Mini P.E.K.K.A,Príncipe|P.E.K.K.A|Mago|Arqueras,JUGADOR_1,Caballero,3,11,6,,,,,
partida_60,147,TROPA_DESPLEGADA,JUGADOR_1,180,EstrategiaMenorCosto,EstrategiaMenorCosto,0,0,Mago|Bárbaros|Valquiria|Mini P.E.K.K.A,Príncipe|P.E.K.K.A|Mago|Mosquetera,JUGADOR_2,Arqueras,3,12,24,,,,,
partida_60,159,TROPA_DESPLEGADA,JUGADOR_1,180,EstrategiaMenorCosto,EstrategiaMenorCosto,0,4,Mago|Bárbaros|Mini P.E.K.K.A|Arqueras,Príncipe|P.E.K.K.A|Mago|Mosquetera,JUGADOR_1,Valquiria,4,15,12,,,,,
partida_60,159,TROPA_DESPLEGADA,JUGADOR_1,180,EstrategiaMenorCosto,EstrategiaMenorCosto,0,0,Mago|Bárbaros|Mini P.E.K.K.A|Arqueras,Príncipe|P.E.K.K.A|Mago|Ejército de Esqueletos,JUGADOR_2,Mosquetera,4,1,21,,,,,
partida_60,168,TROPA_DESPLEGADA,JUGADOR_1,180,EstrategiaMenorCosto,EstrategiaMenorCosto,0,3,Mago|Bárbaros|Mini P.E.K.K.A|Mosquetera,Príncipe|P.E.K.K.A|Mago|Ejército de Esqueletos,JUGADOR_1,Arqueras,3,6,4,,,,,
partida_60,168,TROPA_DESPLEGADA,JUGADOR_1,180,EstrategiaMenorCosto,EstrategiaMenorCosto,0,0,Mago|Bárbaros|Mini P.E.K.K.A|Mosquetera,Príncipe|P.E.K.K.A|Mago|Valquiria,JUGADOR_2,Ejército de Esqueletos,3,11,28,,,,,
partida_60,180,TROPA_DESPLEGADA,JUGADOR_1,180,EstrategiaMenorCosto,EstrategiaMenorCosto,0,4,Mago|Bárbaros|Mosquetera|Ejército de Esqueletos,Príncipe|P.E.K.K.A|Mago|Valquiria,JUGADOR_1,Mini P.E.K.K.A,4,4,12,,,,,
partida_60,180,TROPA_DESPLEGADA,JUGADOR_1,180,EstrategiaMenorCosto,EstrategiaMenorCosto,0,0,Mago|Bárbaros|Mosquetera|Ejército de Esqueletos,Príncipe|P.E.K.K.A|Mago|Caballero,JUGADOR_2,Valquiria,4,16,30,,,,,
partida_60,180,PARTIDA_TERMINADA,JUGADOR_1,180,EstrategiaMenorCosto,EstrategiaMenorCosto,0,0,Mago|Bárbaros|Mosquetera|Ejército de Esqueletos,Príncipe|P.E.K.K.A|Mago|Caballero,,,,,,,,,,
partida_61,1,TROPA_DESPLEGADA,JUGADOR_1,131,EstrategiaAgresiva,EstrategiaDefensiva,0,5,P.E.K.K.A|Bárbaros|Mosquetera|Caballero,Bárbaros|P.E.K.K.A|Caballero|Ejército de Esqueletos,JUGADOR_1,Gigante,5,0,14,,,,,
partida_61,2,TROPA_DESPLEGADA,JUGADOR_1,131,EstrategiaAgresiva,EstrategiaDefensiva,0,2,P.E.K.K.A|Bárbaros|Mosquetera|Caballero,Bárbaros|P.E.K.K.A|Ejército de Esqueletos|Mosquetera,JUGADOR_2,Caballero,3,6,28,,,,,
partida_61,9,TROPA_DESPLEGADA,JUGADOR_1,131,EstrategiaAgresiva,EstrategiaDefensiva,3,1,P.E.K.K.A|Bárbaros|Mosquetera|Caballero,Bárbaros|P.E.K.K.A|Ejército de Esqueletos|Príncipe,JUGADOR_2,Mosquetera,4,6,28,,,,,
partida_61,10,TROPA_DESPLEGADA,JUGADOR_1,131,EstrategiaAgresiva,EstrategiaDefensiva,0,1,P.E.K.K.A|Bárbaros|Mosquetera|Príncipe,Bárbaros|P.E.K.K.A|Ejército de Esqueletos|Príncipe,JUGADOR_1,Caballero,3,0,14,,,,,
partida_61,21,TROPA_DESPLEGADA,JUGADOR_1,131,EstrategiaAgresiva,EstrategiaDefensiva,4,0,P.E.K.K.A|Bárbaros|Mosquetera|Príncipe,Bárbaros|P.E.K.K.A|Ejército de Esqueletos|Mago de Hielo,JUGADOR_2,Príncipe,5,6,28,,,,,
partida_61,22,TROPA_DESPLEGADA,JUGADOR_1,131,EstrategiaAgresiva,EstrategiaDefensiva,0,0,P.E.K.K.A|Bárbaros|Príncipe|Ejército de Esqueletos,Bárbaros|P.E.K.K.A|Ejército de Esqueletos|Mago de Hielo,JUGADOR_1,Mosquetera,4,0,14,,,,,
partida_61,30,TROPA_DESPLEGADA,JUGADOR_1,131,EstrategiaAgresiva,EstrategiaDefensiva,0,3,P.E.K.K.A|Bárbaros|Príncipe|Mini P.E.K.K.A,Bárbaros|P.E.K.K.A|Ejército de Esqueletos|Mago de Hielo,JUGADOR_1,Ejército de Esqueletos,3,0,14,,,,,
partida_61,36,TROPA_DESPLEGADA,JUGADOR_1,131,EstrategiaAgresiva,EstrategiaDefensiva,2,2,P.E.K.K.A|Bárbaros|Príncipe|Mini P.E.K.K.A,Bárbaros|P.E.K.K.A|Ejército de Esqueletos|Mago,JUGADOR_2,Mago de Hielo,3,6,28,,,,,
partida_61,42,TROPA_DESPLEGADA,JUGADOR_1,131,EstrategiaAgresiva,EstrategiaDefensiva,0,4,P.E.K.K.A|Bárbaros|Príncipe|Gigante,Bárbaros|P.E.K.K.A|Ejército de Esqueletos|Mago,JUGADOR_1,Mini P.E.K.K.A,4,0,14,,,,,
partida_61,46,TROPA_DESPLEGADA,JUGADOR_1,131,EstrategiaAgresiva,EstrategiaDefensiva,1,0,P.E.K.K.A|Bárbaros|Príncipe|Gigante,Bárbaros|P.E.K.K.A|Ejército de Esqueletos|Caballero,JUGADOR_2,Mago,5,6,28,,,,,
partida_61,57,TROPA_DESPLEGADA,JUGADOR_1,131,EstrategiaAgresiva,EstrategiaDefensiva,0,4,P.E.K.K.A|Bárbaros|Gigante|Caballero,Bárbaros|P.E.K.K.A|Ejército de Esqueletos|Caballero,JUGADOR_1,Príncipe,5,0,14,,,,,
partida_61,61,TROPA_DESPLEGADA,JUGADOR_1,131,EstrategiaAgresiva,EstrategiaDefensiva,1,2,P.E.K.K.A|Bárbaros|Gigante|Caballero,Bárbaros|P.E.K.K.A|Ejército de Esqueletos|Mosquetera,JUGADOR_2,Caballero,3,6,28,,,,,
partida_61,66,TROPA_DESPLEGADA,JUGADOR_1,131,EstrategiaAgresiva,EstrategiaDefensiva,0,4,P.E.K.K.A|Bárbaros|Gigante|Mosquetera,Bárbaros|P.E.K.K.A|Ejército de Esqueletos|Mosquetera,JUGADOR_1,Caballero,3,0,14,,,,,
partida_61,69,TROPA_DESPLEGADA,JUGADOR_1,131,EstrategiaAgresiva,EstrategiaDefensiva,1,1,P.E.K.K.A|Bárbaros|Gigante|Mosquetera,Bárbaros|P.E.K.K.A|Ejército de Esqueletos|Príncipe,JUGADOR_2,Mosquetera,4,6,28,,,,,
partida_61,78,TROPA_DESPLEGADA,JUGADOR_1,131,EstrategiaAgresiva,EstrategiaDefensiva,0,4,P.E.K.K.A|Bárbaros|Gigante|Ejército de Esqueletos,Bárbaros|P.E.K.K.A|Ejército de Esqueletos|Príncipe,JUGADOR_1,Mosquetera,4,0,14,,,,,
partida_61,81,TROPA_DESPLEGADA,JUGADOR_1,131,EstrategiaAgresiva,EstrategiaDefensiva,1,0,P.E.K.K.A|Bárbaros|Gigante|Ejército de Esqueletos,Bárbaros|P.E.K.K.A|Ejército de Esqueletos|Mago de Hielo,JUGADOR_2,Príncipe,5,6,28,,,,,
partida_61,88,TROPA_DESPLEGADA,JUGADOR_1,131,EstrategiaAgresiva,EstrategiaDefensiva,0,2,P.E.K.K.A|Bárbaros|Gigante|Mini P.E.K.K.A,Bárbaros|P.E.K.K.A|Ejército de Esqueletos|Mago de Hielo,JUGADOR_1,Ejército de Esqueletos,3,0,14,,,,,
partida_61,96,TROPA_DESPLEGADA,JUGADOR_1,131,EstrategiaAgresiva,EstrategiaDefensiva,3,2,P.E.K.K.A|Bárbaros|Gigante|Mini P.E.K.K.A,Bárbaros|P.E.K.K.A|Ejército de Esqueletos|Mago,JUGADOR_2,Mago de Hielo,3,6,28,,,,,
partida_61,99,TROPA_DESPLEGADA,JUGADOR_1,131,EstrategiaAgresiva,EstrategiaDefensiva,0,3,P.E.K.K.A|Bárbaros|Gigante|Príncipe,Bárbaros|P.E.K.K.A|Ejército de Esqueletos|Mago,JUGADOR_1,Mini P.E.K.K.A,4,0,21,,,,,
partida_61,107,TROPA_DESPLEGADA,JUGADOR_1,131,EstrategiaAgresiva,EstrategiaDefensiva,2,0,P.E.K.K.A|Bárbaros|Gigante|Príncipe,Bárbaros|P.E.K.K.A|Ejército de Esqueletos|Caballero,JUGADOR_2,Mago,5,6,28,,,,,
partida_61,114,TROPA_DESPLEGADA,JUGADOR_1,131,EstrategiaAgresiva,EstrategiaDefensiva,0,3,P.E.K.K.A|Bárbaros|Gigante|Caballero,Bárbaros|P.E.K.K.A|Ejército de Esqueletos|Caballero,JUGADOR_1,Príncipe,5,0,21,,,,,
partida_61,120,TROPA_DESPLEGADA,JUGADOR_1,131,EstrategiaAgresiva,EstrategiaDefensiva,2,2,P.E.K.K.A|Bárbaros|Gigante|Caballero,Bárbaros|P.E.K.K.A|Ejército de Esqueletos|Mosquetera,JUGADOR_2,Caballero,3,6,28,,,,,
partida_61,123,TROPA_DESPLEGADA,JUGADOR_1,131,EstrategiaAgresiva,EstrategiaDefensiva,0,3,P.E.K.K.A|Bárbaros|Gigante|Mosquetera,Bárbaros|P.E.K.K.A|Ejército de Esqueletos|Mosquetera,JUGADOR_1,Caballero,3,0,21,,,,,
partida_61,130,TROPA_DESPLEGADA,JUGADOR_1,131,EstrategiaAgresiva,EstrategiaDefensiva,2,1,P.E.K.K.A|Bárbaros|Gigante|Mosquetera,Bárbaros|P.E.K.K.A|Ejército de Esqueletos|Príncipe,JUGADOR_2,Mosquetera,4,6,28,,,,,
partida_61,131,PARTIDA_TERMINADA,JUGADOR_1,131,EstrategiaAgresiva,EstrategiaDefensiva,2,1,P.E.K.K.A|Bárbaros|Gigante|Mosquetera,Bárbaros|P.E.K.K.A|Ejército de Esqueletos|Príncipe,,,,,,,,,,
partida_62,1,TROPA_DESPLEGADA,JUGADOR_1,150,EstrategiaMenorCosto,EstrategiaAleatoria,2,5,Valquiria|Mago de Hielo|Príncipe|Gigante,Príncipe|Ejército de Esqueletos|Mini P.E.K.K.A|Gigante,JUGADOR_1,Arqueras,3,1,12,,,,,
partida_62,1,TROPA_DESPLEGADA,JUGADOR_1,150,EstrategiaMenorCosto,EstrategiaAleatoria,2,2,Valquiria|Mago de Hielo|Príncipe|Gigante,Príncipe|Mini P.E.K.K.A|Gigante|Bárbaros,JUGADOR_2,Ejército de Esqueletos,3,7,26,,,,,
partida_62,3,TROPA_DESPLEGADA,JUGADOR_1,150,EstrategiaMenorCosto,EstrategiaAleatoria,0,3,Valquiria|Príncipe|Gigante|Caballero,Príncipe|Mini P.E.K.K.A|Gigante|Bárbaros,JUGADOR_1,Mago de Hielo,3,7,10,,,,,
partida_62,6,TROPA_DESPLEGADA,JUGADOR_1,150,EstrategiaMenorCosto,EstrategiaAleatoria,1,0,Valquiria|Príncipe|Gigante|Caballero,Príncipe|Gigante|Bárbaros|Caballero,JUGADOR_2,Mini P.E.K.K.A,4,17,26,,,,,
partida_62,13,TROPA_DESPLEGADA,JUGADOR_1,150,EstrategiaMenorCosto,EstrategiaAleatoria,0,2,Valquiria|Príncipe|Gigante|Mini P.E.K.K.A,Príncipe|Gigante|Bárbaros|Caballero,JUGADOR_1,Caballero,3,11,13,,,,,
partida_62,15,TROPA_DESPLEGADA,JUGADOR_1,150,EstrategiaMenorCosto,EstrategiaAleatoria,1,0,Valquiria|Príncipe|Gigante|Mini P.E.K.K.A,Príncipe|Gigante|Bárbaros|Valquiria,JUGADOR_2,Caballero,3,8,23,,,,,
partida_62,24,TROPA_DESPLEGADA,JUGADOR_1,150,EstrategiaMenorCosto,EstrategiaAleatoria,0,3,Príncipe|Gigante|Mini P.E.K.K.A|Bárbaros,Príncipe|Gigante|Bárbaros|Valquiria,JUGADOR_1,Valquiria,4,1,10,,,,,
partida_62,27,TROPA_DESPLEGADA,JUGADOR_1,150,EstrategiaMenorCosto,EstrategiaAleatoria,1,0,Príncipe|Gigante|Mini P.E.K.K.A|Bárbaros,Príncipe|Gigante|Bárbaros|Arqueras,JUGADOR_2,Valquiria,4,2,30,,,,,
partida_62,36,TROPA_DESPLEGADA,JUGADOR_1,150,EstrategiaMenorCosto,EstrategiaAleatoria,0,3,Príncipe|Gigante|Bárbaros|Arqueras,Príncipe|Gigante|Bárbaros|Arqueras,JUGADOR_1,Mini P.E.K.K.A,4,15,4,,,,,
partida_62,36,TROPA_DESPLEGADA,JUGADOR_1,150,EstrategiaMenorCosto,EstrategiaAleatoria,0,0,Príncipe|Gigante|Bárbaros|Arqueras,Príncipe|Gigante|Bárbaros|Ejército de Esqueletos,JUGADOR_2,Arqueras,3,5,22,,,,,
partida_62,45,TROPA_DESPLEGADA,JUGADOR_1,150,EstrategiaMenorCosto,EstrategiaAleatoria,0,3,Príncipe|Gigante|Bárbaros|Mago de Hielo,Príncipe|Gigante|Bárbaros|Ejército de Esqueletos,JUGADOR_1,Arqueras,3,15,11,,,,,
partida_62,45,TROPA_DESPLEGADA,JUGADOR_1,150,EstrategiaMenorCosto,EstrategiaAleatoria,0,0,Príncipe|Gigante|Bárbaros|Mago de Hielo,Príncipe|Gigante|Bárbaros|Mini P.E.K.K.A,JUGADOR_2,Ejército de Esqueletos,3,2,23,,,,,
partida_62,54,TROPA_DESPLEGADA,JUGADOR_1,150,EstrategiaMenorCosto,EstrategiaAleatoria,0,3,Príncipe|Gigante|Bárbaros|Caballero,Príncipe|Gigante|Bárbaros|Mini P.E.K.K.A,JUGADOR_1,Mago de Hielo,3,0,3,,,,,
partida_62,58,TROPA_DESPLEGADA,JUGADOR_1,150,EstrategiaMenorCosto,EstrategiaAleatoria,1,0,Príncipe|Gigante|Bárbaros|Caballero,Príncipe|Gigante|Bárbaros|Caballero,JUGADOR_2,Mini P.E.K.K.A,4,10,17,,,,,
partida_62,63,TROPA_DESPLEGADA,JUGADOR_1,150,EstrategiaMenorCosto,EstrategiaAleatoria,0,2,Príncipe|Gigante|Bárbaros|Valquiria,Príncipe|Gigante|Bárbaros|Caballero,JUGADOR_1,Caballero,3,1,12,,,,,
partida_62,66,TROPA_DESPLEGADA,JUGADOR_1,150,EstrategiaMenorCosto,EstrategiaAleatoria,1,0,Príncipe|Gigante|Bárbaros|Valquiria,Príncipe|Gigante|Bárbaros|Valquiria,JUGADOR_2,Caballero,3,13,17,,,,,
partida_62,75,TROPA_DESPLEGADA,JUGADOR_1,150,EstrategiaMenorCosto,EstrategiaAleatoria,0,3,Príncipe|Gigante|Bárbaros|Mini P.E.K.K.A,Príncipe|Gigante|Bárbaros|Valquiria,JUGADOR_1,Valquiria,4,5,14,,,,,
partida_62,78,TROPA_DESPLEGADA,JUGADOR_1,150,EstrategiaMenorCosto,EstrategiaAleatoria,1,0,Príncipe|Gigante|Bárbaros|Mini P.E.K.K.A,Príncipe|Gigante|Bárbaros|Arqueras,JUGADOR_2,Valquiria,4,15,31,,,,,
partida_62,87,TROPA_DESPLEGADA,JUGADOR_1,150,EstrategiaMenorCosto,EstrategiaAleatoria,4,0,Príncipe|Gigante|Bárbaros|Mini P.E.K.K.A,Príncipe|Gigante|Bárbaros|Ejército de Esqueletos,JUGADOR_2,Arqueras,3,6,29,,,,,
partida_62,88,TROPA_DESPLEGADA,JUGADOR_1,150,EstrategiaMenorCosto,EstrategiaAleatoria,0,0,Príncipe|Gigante|Bárbaros|Arqueras,Príncipe|Gigante|Bárbaros|Ejército de Esqueletos,JUGADOR_1,Mini P.E.K.K.A,4,1,8,,,,,
partida_62,96,TROPA_DESPLEGADA,JUGADOR_1,150,EstrategiaMenorCosto,EstrategiaAleatoria,0,3,Príncipe|Gigante|Bárbaros|Mago de Hielo,Príncipe|Gigante|Bárbaros|Ejército de Esqueletos,JUGADOR_1,Arqueras,3,11,14,,,,,
partida_62,96,TROPA_DESPLEGADA,JUGADOR_1,150,EstrategiaMenorCosto,EstrategiaAleatoria,0,0,Príncipe|Gigante|Bárbaros|Mago de Hielo,Príncipe|Gigante|Bárbaros|Mini P.E.K.K.A,JUGADOR_2,Ejército de Esqueletos,3,0,23,,,,,
partida_62,106,TROPA_DESPLEGADA,JUGADOR_1,150,EstrategiaMenorCosto,EstrategiaAleatoria,0,3,Príncipe|Gigante|Bárbaros|Caballero,Príncipe|Gigante|Bárbaros|Mini P.E.K.K.A,JUGADOR_1,Mago de Hielo,3,0,14,,,,,
partida_62,108,TROPA_DESPLEGADA,JUGADOR_1,150,EstrategiaMenorCosto,EstrategiaAleatoria,1,0,Príncipe|Gigante|Bárbaros|Caballero,Príncipe|Gigante|Bárbaros|Caballero,JUGADOR_2,Mini P.E.K.K.A,4,16,25,,,,,
partida_62,114,TROPA_DESPLEGADA,JUGADOR_1,150,EstrategiaMenorCosto,EstrategiaAleatoria,0,2,Príncipe|Gigante|Bárbaros|Valquiria,Príncipe|Gigante|Bárbaros|Caballero,JUGADOR_1,Caballero,3,14,15,,,,,
partida_62,117,TROPA_DESPLEGADA,JUGADOR_1,150,EstrategiaMenorCosto,EstrategiaAleatoria,1,0,Príncipe|Gigante|Bárbaros|Valquiria,Príncipe|Gigante|Bárbaros|Valquiria,JUGADOR_2,Caballero,3,1,22,,,,,
partida_62,126,TROPA_DESPLEGADA,JUGADOR_1,150,EstrategiaMenorCosto,EstrategiaAleatoria,0,3,Príncipe|Gigante|Bárbaros|Mini P.E.K.K.A,Príncipe|Gigante|Bárbaros|Valquiria,JUGADOR_1,Valquiria,4,6,11,,,,,
partida_62,129,TROPA_DESPLEGADA,JUGADOR_1,150,EstrategiaMenorCosto,EstrategiaAleatoria,1,0,Príncipe|Gigante|Bárbaros|Mini P.E.K.K.A,Príncipe|Gigante|Bárbaros|Arqueras,JUGADOR_2,Valquiria,4,11,13,,,,,
partida_62,138,TROPA_DESPLEGADA,JUGADOR_1,150,EstrategiaMenorCosto,EstrategiaAleatoria,0,3,Príncipe|Gigante|Bárbaros|Arqueras,Príncipe|Gigante|Bárbaros|Arqueras,JUGADOR_1,Mini P.E.K.K.A,4,6,21,,,,,
partida_62,139,TROPA_DESPLEGADA,JUGADOR_1,150,EstrategiaMenorCosto,EstrategiaAleatoria,0,0,Príncipe|Gigante|Bárbaros|Arqueras,Príncipe|Gigante|Bárbaros|Ejército de Esqueletos,JUGADOR_2,Arqueras,3,15,10,,,,,
partida_62,147,TROPA_DESPLEGADA,JUGADOR_1,150,EstrategiaMenorCosto,EstrategiaAleatoria,0,3,Príncipe|Gigante|Bárbaros|Mago de Hielo,Príncipe|Gigante|Bárbaros|Ejército de Esqueletos,JUGADOR_1,Arqueras,3,7,14,,,,,
partida_62,147,TROPA_DESPLEGADA,JUGADOR_1,150,EstrategiaMenorCosto,EstrategiaAleatoria,0,0,Príncipe|Gigante|Bárbaros|Mago de Hielo,Príncipe|Gigante|Bárbaros|Mini P.E.K.K.A,JUGADOR_2,Ejército de Esqueletos,3,15,12,,,,,
partida_62,150,PARTIDA_TERMINADA,JUGADOR_1,150,EstrategiaMenorCosto,EstrategiaAleatoria,1,1,Príncipe|Gigante|Bárbaros|Mago de Hielo,Príncipe|Gigante|Bárbaros|Mini P.E.K.K.A,,,,,,,,,,
partida_63,1,TROPA_DESPLEGADA,JUGADOR_1,95,EstrategiaAgresiva,EstrategiaDefensiva,1,5,Mago|Caballero|Valquiria|Mago de Hielo,Bárbaros|P.E.K.K.A|Mago de Hielo|Caballero,JUGADOR_1,Mini P.E.K.K.A,4,0,14,,,,,
partida_63,1,TROPA_DESPLEGADA,JUGADOR_1,95,EstrategiaAgresiva,EstrategiaDefensiva,1,2,Mago|Caballero|Valquiria|Mago de Hielo,Bárbaros|P.E.K.K.A|Mago de Hielo|Arqueras,JUGADOR_2,Caballero,3,6,28,,,,,
partida_63,6,TROPA_DESPLEGADA,JUGADOR_1,95,EstrategiaAgresiva,EstrategiaDefensiva,0,4,Mago|Valquiria|Mago de Hielo|Bárbaros,Bárbaros|P.E.K.K.A|Mago de Hielo|Arqueras,JUGADOR_1,Caballero,3,0,14,,,,,
partida_63,9,TROPA_DESPLEGADA,JUGADOR_1,95,EstrategiaAgresiva,EstrategiaDefensiva,1,2,Mago|Valquiria|Mago de Hielo|Bárbaros,Bárbaros|P.E.K.K.A|Arqueras|Gigante,JUGADOR_2,Mago de Hielo,3,6,28,,,,,
partida_63,15,TROPA_DESPLEGADA,JUGADOR_1,95,EstrategiaAgresiva,EstrategiaDefensiva,0,4,Mago|Valquiria|Bárbaros|P.E.K.K.A,Bárbaros|P.E.K.K.A|Arqueras|Gigante,JUGADOR_1,Mago de Hielo,3,0,14,,,,,
partida_63,18,TROPA_DESPLEGADA,JUGADOR_1,95,EstrategiaAgresiva,EstrategiaDefensiva,1,0,Mago|Valquiria|Bárbaros|P.E.K.K.A,Bárbaros|P.E.K.K.A|Arqueras|Mago,JUGADOR_2,Gigante,5,6,28,,,,,
partida_63,27,TROPA_DESPLEGADA,JUGADOR_1,95,EstrategiaAgresiva,EstrategiaDefensiva,0,3,Mago|Bárbaros|P.E.K.K.A|Ejército de Esqueletos,Bárbaros|P.E.K.K.A|Arqueras|Mago,JUGADOR_1,Valquiria,4,0,21,,,,,
partida_63,36,TROPA_DESPLEGADA,JUGADOR_1,95,EstrategiaAgresiva,EstrategiaDefensiva,0,6,Mago|Bárbaros|P.E.K.K.A|Mini P.E.K.K.A,Bárbaros|P.E.K.K.A|Arqueras|Mago,JUGADOR_1,Ejército de Esqueletos,3,0,21,,,,,
partida_63,36,TROPA_DESPLEGADA,JUGADOR_1,95,EstrategiaAgresiva,EstrategiaDefensiva,0,1,Mago|Bárbaros|P.E.K.K.A|Mini P.E.K.K.A,Bárbaros|P.E.K.K.A|Arqueras|Príncipe,JUGADOR_2,Mago,5,6,28,,,,,
partida_63,48,TROPA_DESPLEGADA,JUGADOR_1,95,EstrategiaAgresiva,EstrategiaDefensiva,4,0,Mago|Bárbaros|P.E.K.K.A|Mini P.E.K.K.A,Bárbaros|P.E.K.K.A|Arqueras|Caballero,JUGADOR_2,Príncipe,5,6,28,,,,,
partida_63,49,TROPA_DESPLEGADA,JUGADOR_1,95,EstrategiaAgresiva,EstrategiaDefensiva,0,0,Mago|Bárbaros|P.E.K.K.A|Caballero,Bárbaros|P.E.K.K.A|Arqueras|Caballero,JUGADOR_1,Mini P.E.K.K.A,4,0,21,,,,,
partida_63,57,TROPA_DESPLEGADA,JUGADOR_1,95,EstrategiaAgresiva,EstrategiaDefensiva,0,3,Mago|Bárbaros|P.E.K.K.A|Mago de Hielo,Bárbaros|P.E.K.K.A|Arqueras|Caballero,JUGADOR_1,Caballero,3,0,21,,,,,
partida_63,64,TROPA_DESPLEGADA,JUGADOR_1,95,EstrategiaAgresiva,EstrategiaDefensiva,2,2,Mago|Bárbaros|P.E.K.K.A|Mago de Hielo,Bárbaros|P.E.K.K.A|Arqueras|Mago de Hielo,JUGADOR_2,Caballero,3,6,28,,,,,
partida_63,66,TROPA_DESPLEGADA,JUGADOR_1,95,EstrategiaAgresiva,EstrategiaDefensiva,0,3,Mago|Bárbaros|P.E.K.K.A|Valquiria,Bárbaros|P.E.K.K.A|Arqueras|Mago de Hielo,JUGADOR_1,Mago de Hielo,3,0,21,,,,,
partida_63,73,TROPA_DESPLEGADA,JUGADOR_1,95,EstrategiaAgresiva,EstrategiaDefensiva,2,2,Mago|Bárbaros|P.E.K.K.A|Valquiria,Bárbaros|P.E.K.K.A|Arqueras|Gigante,JUGADOR_2,Mago de Hielo,3,6,28,,,,,
partida_63,80,TROPA_DESPLEGADA,JUGADOR_1,95,EstrategiaAgresiva,EstrategiaDefensiva,0,4,Mago|Bárbaros|P.E.K.K.A|Ejército de Esqueletos,Bárbaros|P.E.K.K.A|Arqueras|Gigante,JUGADOR_1,Valquiria,4,0,21,,,,,
partida_63,85,TROPA_DESPLEGADA,JUGADOR_1,95,EstrategiaAgresiva,EstrategiaDefensiva,2,1,Mago|Bárbaros|P.E.K.K.A|Ejército de Esqueletos,Bárbaros|P.E.K.K.A|Arqueras|Mago,JUGADOR_2,Gigante,5,6,28,,,,,
partida_63,88,TROPA_DESPLEGADA,JUGADOR_1,95,EstrategiaAgresiva,EstrategiaDefensiva,0,2,Mago|Bárbaros|P.E.K.K.A|Mini P.E.K.K.A,Bárbaros|P.E.K.K.A|Arqueras|Mago,JUGADOR_1,Ejército de Esqueletos,3,0,21,,,,,
partida_63,95,PARTIDA_TERMINADA,JUGADOR_1,95,EstrategiaAgresiva,EstrategiaDefensiva,2,4,Mago|Bárbaros|P.E.K.K.A|Mini P.E.K.K.A,Bárbaros|P.E.K.K.A|Arqueras|Mago,,,,,,,,,,
partida_64,1,TROPA_DESPLEGADA,JUGADOR_2,138,EstrategiaAgresiva,EstrategiaAleatoria,5,2,Mago|Príncipe|Arqueras|Caballero,P.E.K.K.A|Gigante|Mini P.E.K.K.A|Mago,JUGADOR_2,Ejército de Esqueletos,3,12,17,,,,,
partida_64,2,TROPA_DESPLEGADA,JUGADOR_2,138,EstrategiaAgresiva,EstrategiaAleatoria,0,2,Mago|Arqueras|Caballero|P.E.K.K.A,P.E.K.K.A|Gigante|Mini P.E.K.K.A|Mago,JUGADOR_1,Príncipe,5,0,14,,,,,
partida_64,6,TROPA_DESPLEGADA,JUGADOR_2,138,EstrategiaAgresiva,EstrategiaAleatoria,2,0,Mago|Arqueras|Caballero|P.E.K.K.A,P.E.K.K.A|Gigante|Mago|Arqueras,JUGADOR_2,Mini P.E.K.K.A,4,11,28,,,,,
partida_64,9,TROPA_DESPLEGADA,JUGADOR_2,138,EstrategiaAgresiva,EstrategiaAleatoria,0,1,Mago|Arqueras|P.E.K.K.A|Mini P.E.K.K.A,P.E.K.K.A|Gigante|Mago|Arqueras,JUGADOR_1,Caballero,3,0,14,,,,,
partida_64,16,TROPA_DESPLEGADA,JUGADOR_2,138,EstrategiaAgresiva,EstrategiaAleatoria,2,0,Mago|Arqueras|P.E.K.K.A|Mini P.E.K.K.A,P.E.K.K.A|Gigante|Mago|Valquiria,JUGADOR_2,Arqueras,3,11,31,,,,,
partida_64,18,TROPA_DESPLEGADA,JUGADOR_2,138,EstrategiaAgresiva,EstrategiaAleatoria,0,1,Mago|P.E.K.K.A|Mini P.E.K.K.A|Gigante,P.E.K.K.A|Gigante|Mago|Valquiria,JUGADOR_1,Arqueras,3,0,14,,,,,
partida_64,30,TROPA_DESPLEGADA,JUGADOR_2,138,EstrategiaAgresiva,EstrategiaAleatoria,0,5,Mago|P.E.K.K.A|Gigante|Mago de Hielo,P.E.K.K.A|Gigante|Mago|Valquiria,JUGADOR_1,Mini P.E.K.K.A,4,0,14,,,,,
partida_64,32,TROPA_DESPLEGADA,JUGADOR_2,138,EstrategiaAgresiva,EstrategiaAleatoria,0,0,Mago|P.E.K.K.A|Gigante|Mago de Hielo,P.E.K.K.A|Mago|Valquiria|Mago de Hielo,JUGADOR_2,Gigante,5,13,20,,,,,
partida_64,39,TROPA_DESPLEGADA,JUGADOR_2,138,EstrategiaAgresiva,EstrategiaAleatoria,0,3,Mago|P.E.K.K.A|Gigante|Príncipe,P.E.K.K.A|Mago|Valquiria|Mago de Hielo,JUGADOR_1,Mago de Hielo,3,0,9,,,,,
partida_64,39,TROPA_DESPLEGADA,JUGADOR_2,138,EstrategiaAgresiva,EstrategiaAleatoria,0,0,Mago|P.E.K.K.A|Gigante|Príncipe,P.E.K.K.A|Mago|Valquiria|Ejército de Esqueletos,JUGADOR_2,Mago de Hielo,3,12,20,,,,,
partida_64,50,TROPA_DESPLEGADA,JUGADOR_2,138,EstrategiaAgresiva,EstrategiaAleatoria,3,0,Mago|P.E.K.K.A|Gigante|Príncipe,P.E.K.K.A|Mago|Valquiria|Mini P.E.K.K.A,JUGADOR_2,Ejército de Esqueletos,3,3,17,,,,,
partida_64,54,TROPA_DESPLEGADA,JUGADOR_2,138,EstrategiaAgresiva,EstrategiaAleatoria,0,2,Mago|P.E.K.K.A|Gigante|Caballero,P.E.K.K.A|Mago|Valquiria|Mini P.E.K.K.A,JUGADOR_1,Príncipe,5,0,9,,,,,
partida_64,60,TROPA_DESPLEGADA,JUGADOR_2,138,EstrategiaAgresiva,EstrategiaAleatoria,2,0,Mago|P.E.K.K.A|Gigante|Caballero,P.E.K.K.A|Mago|Valquiria|Arqueras,JUGADOR_2,Mini P.E.K.K.A,4,8,12,,,,,
partida_64,63,TROPA_DESPLEGADA,JUGADOR_2,138,EstrategiaAgresiva,EstrategiaAleatoria,0,1,Mago|P.E.K.K.A|Gigante|Arqueras,P.E.K.K.A|Mago|Valquiria|Arqueras,JUGADOR_1,Caballero,3,0,9,,,,,
partida_64,69,TROPA_DESPLEGADA,JUGADOR_2,138,EstrategiaAgresiva,EstrategiaAleatoria,2,0,Mago|P.E.K.K.A|Gigante|Arqueras,P.E.K.K.A|Mago|Valquiria|Gigante,JUGADOR_2,Arqueras,3,4,29,,,,,
partida_64,72,TROPA_DESPLEGADA,JUGADOR_2,138,EstrategiaAgresiva,EstrategiaAleatoria,0,1,Mago|P.E.K.K.A|Gigante|Mini P.E.K.K.A,P.E.K.K.A|Mago|Valquiria|Gigante,JUGADOR_1,Arqueras,3,0,9,,,,,
partida_64,84,TROPA_DESPLEGADA,JUGADOR_2,138,EstrategiaAgresiva,EstrategiaAleatoria,0,5,Mago|P.E.K.K.A|Gigante|Mago de Hielo,P.E.K.K.A|Mago|Valquiria|Gigante,JUGADOR_1,Mini P.E.K.K.A,4,0,9,,,,,
partida_64,84,TROPA_DESPLEGADA,JUGADOR_2,138,EstrategiaAgresiva,EstrategiaAleatoria,0,1,Mago|P.E.K.K.A|Gigante|Mago de Hielo,P.E.K.K.A|Mago|Gigante|Mago de Hielo,JUGADOR_2,Valquiria,4,6,21,,,,,
partida_64,91,TROPA_DESPLEGADA,JUGADOR_2,138,EstrategiaAgresiva,EstrategiaAleatoria,2,0,Mago|P.E.K.K.A|Gigante|Mago de Hielo,P.E.K.K.A|Mago|Gigante|Ejército de Esqueletos,JUGADOR_2,Mago de Hielo,3,8,23,,,,,
partida_64,94,TROPA_DESPLEGADA,JUGADOR_2,138,EstrategiaAgresiva,EstrategiaAleatoria,0,1,Mago|P.E.K.K.A|Gigante|Príncipe,P.E.K.K.A|Mago|Gigante|Ejército de Esqueletos,JUGADOR_1,Mago de Hielo,3,0,9,,,,,
partida_64,99,TROPA_DESPLEGADA,JUGADOR_2,138,EstrategiaAgresiva,EstrategiaAleatoria,2,0,Mago|P.E.K.K.A|Gigante|Príncipe,P.E.K.K.A|Mago|Gigante|Mini P.E.K.K.A,JUGADOR_2,Ejército de Esqueletos,3,6,13,,,,,
partida_64,109,TROPA_DESPLEGADA,JUGADOR_2,138,EstrategiaAgresiva,EstrategiaAleatoria,0,3,Mago|P.E.K.K.A|Gigante|Caballero,P.E.K.K.A|Mago|Gigante|Mini P.E.K.K.A,JUGADOR_1,Príncipe,5,0,9,,,,,
partida_64,112,TROPA_DESPLEGADA,JUGADOR_2,138,EstrategiaAgresiva,EstrategiaAleatoria,1,0,Mago|P.E.K.K.A|Gigante|Caballero,P.E.K.K.A|Mago|Gigante|Arqueras,JUGADOR_2,Mini P.E.K.K.A,4,16,22,,,,,
partida_64,117,TROPA_DESPLEGADA,JUGADOR_2,138,EstrategiaAgresiva,EstrategiaAleatoria,0,2,Mago|P.E.K.K.A|Gigante|Arqueras,P.E.K.K.A|Mago|Gigante|Arqueras,JUGADOR_1,Caballero,3,0,9,,,,,
partida_64,122,TROPA_DESPLEGADA,JUGADOR_2,138,EstrategiaAgresiva,EstrategiaAleatoria,1,0,Mago|P.E.K.K.A|Gigante|Arqueras,P.E.K.K.A|Mago|Gigante|Valquiria,JUGADOR_2,Arqueras,3,16,25,,,,,
partida_64,126,TROPA_DESPLEGADA,JUGADOR_2,138,EstrategiaAgresiva,EstrategiaAleatoria,0,2,Mago|P.E.K.K.A|Gigante|Mini P.E.K.K.A,P.E.K.K.A|Mago|Gigante|Valquiria,JUGADOR_1,Arqueras,3,0,9,,,,,
partida_64,133,TROPA_DESPLEGADA,JUGADOR_2,138,EstrategiaAgresiva,EstrategiaAleatoria,2,0,Mago|P.E.K.K.A|Gigante|Mini P.E.K.K.A,P.E.K.K.A|Mago|Gigante|Mago de Hielo,JUGADOR_2,Valquiria,4,11,27,,,,,
partida_64,138,TROPA_DESPLEGADA,JUGADOR_2,138,EstrategiaAgresiva,EstrategiaAleatoria,0,2,Mago|P.E.K.K.A|Gigante|Mago de Hielo,P.E.K.K.A|Mago|Gigante|Mago de Hielo,JUGADOR_1,Mini P.E.K.K.A,4,0,9,,,,,
partida_64,138,PARTIDA_TERMINADA,JUGADOR_2,138,EstrategiaAgresiva,EstrategiaAleatoria,0,2,Mago|P.E.K.K.A|Gigante|Mago de Hielo,P.E.K.K.A|Mago|Gigante|Mago de Hielo,,,,,,,,,,
partida_65,3,TROPA_DESPLEGADA,JUGADOR_1,118,EstrategiaDefensiva,EstrategiaDefensiva,6,1,Príncipe|Ejército de Esqueletos|Mosquetera|Arqueras,Mini P.E.K.K.A|Valquiria|Arqueras|Gigante,JUGADOR_2,Príncipe,5,6,28,,,,,
partida_65,4,TROPA_DESPLEGADA,JUGADOR_1,118,EstrategiaDefensiva,EstrategiaDefensiva,1,1,Ejército de Esqueletos|Mosquetera|Arqueras|Mini P.E.K.K.A,Mini P.E.K.K.A|Valquiria|Arqueras|Gigante,JUGADOR_1,Príncipe,5,6,2,,,,,
partida_65,15,TROPA_DESPLEGADA,JUGADOR_1,118,EstrategiaDefensiva,EstrategiaDefensiva,5,0,Ejército de Esqueletos|Mosquetera|Arqueras|Mini P.E.K.K.A,Mini P.E.K.K.A|Valquiria|Arqueras|Caballero,JUGADOR_2,Gigante,5,6,28,,,,,
partida_65,18,TROPA_DESPLEGADA,JUGADOR_1,118,EstrategiaDefensiva,EstrategiaDefensiva,2,1,Ejército de Esqueletos|Mosquetera|Arqueras|Gigante,Mini P.E.K.K.A|Valquiria|Arqueras|Caballero,JUGADOR_1,Mini P.E.K.K.A,4,6,2,,,,,
partida_65,28,TROPA_DESPLEGADA,JUGADOR_1,118,EstrategiaDefensiva,EstrategiaDefensiva,0,4,Ejército de Esqueletos|Mosquetera|Arqueras|Bárbaros,Mini P.E.K.K.A|Valquiria|Arqueras|Caballero,JUGADOR_1,Gigante,5,6,2,,,,,
partida_65,34,TROPA_DESPLEGADA,JUGADOR_1,118,EstrategiaDefensiva,EstrategiaDefensiva,2,2,Ejército de Esqueletos|Mosquetera|Arqueras|Bárbaros,Mini P.E.K.K.A|Arqueras|Caballero|Ejército de Esqueletos,JUGADOR_2,Valquiria,4,6,28,,,,,
partida_65,42,TROPA_DESPLEGADA,JUGADOR_1,118,EstrategiaDefensiva,EstrategiaDefensiva,1,5,Ejército de Esqueletos|Arqueras|Bárbaros|Mago de Hielo,Mini P.E.K.K.A|Arqueras|Caballero|Ejército de Esqueletos,JUGADOR_1,Mosquetera,4,6,2,,,,,
partida_65,42,TROPA_DESPLEGADA,JUGADOR_1,118,EstrategiaDefensiva,EstrategiaDefensiva,1,2,Ejército de Esqueletos|Arqueras|Bárbaros|Mago de Hielo,Mini P.E.K.K.A|Arqueras|Ejército de Esqueletos|Mosquetera,JUGADOR_2,Caballero,3,6,28,,,,,
partida_65,51,TROPA_DESPLEGADA,JUGADOR_1,118,EstrategiaDefensiva,EstrategiaDefensiva,4,1,Ejército de Esqueletos|Arqueras|Bárbaros|Mago de Hielo,Arqueras|Ejército de Esqueletos|Mosquetera|Príncipe,JUGADOR_2,Mini P.E.K.K.A,4,6,28,,,,,
partida_65,55,TROPA_DESPLEGADA,JUGADOR_1,118,EstrategiaDefensiva,EstrategiaDefensiva,2,2,Ejército de Esqueletos|Arqueras|Bárbaros|Príncipe,Arqueras|Ejército de Esqueletos|Mosquetera|Príncipe,JUGADOR_1,Mago de Hielo,3,6,2,,,,,
partida_65,63,TROPA_DESPLEGADA,JUGADOR_1,118,EstrategiaDefensiva,EstrategiaDefensiva,0,5,Ejército de Esqueletos|Arqueras|Bárbaros|Mini P.E.K.K.A,Arqueras|Ejército de Esqueletos|Mosquetera|Príncipe,JUGADOR_1,Príncipe,5,6,2,,,,,
partida_65,63,TROPA_DESPLEGADA,JUGADOR_1,118,EstrategiaDefensiva,EstrategiaDefensiva,0,0,Ejército de Esqueletos|Arqueras|Bárbaros|Mini P.E.K.K.A,Arqueras|Ejército de Esqueletos|Mosquetera|Gigante,JUGADOR_2,Príncipe,5,6,28,,,,,
partida_65,78,TROPA_DESPLEGADA,JUGADOR_1,118,EstrategiaDefensiva,EstrategiaDefensiva,1,5,Ejército de Esqueletos|Arqueras|Bárbaros|Gigante,Arqueras|Ejército de Esqueletos|Mosquetera|Gigante,JUGADOR_1,Mini P.E.K.K.A,4,6,2,,,,,
partida_65,79,TROPA_DESPLEGADA,JUGADOR_1,118,EstrategiaDefensiva,EstrategiaDefensiva,1,0,Ejército de Esqueletos|Arqueras|Bárbaros|Gigante,Arqueras|Ejército de Esqueletos|Mosquetera|Valquiria,JUGADOR_2,Gigante,5,6,28,,,,,
partida_65,91,TROPA_DESPLEGADA,JUGADOR_1,118,EstrategiaDefensiva,EstrategiaDefensiva,0,4,Ejército de Esqueletos|Arqueras|Bárbaros|Mosquetera,Arqueras|Ejército de Esqueletos|Mosquetera|Valquiria,JUGADOR_1,Gigante,5,6,2,,,,,
partida_65,93,TROPA_DESPLEGADA,JUGADOR_1,118,EstrategiaDefensiva,EstrategiaDefensiva,1,1,Ejército de Esqueletos|Arqueras|Bárbaros|Mosquetera,Arqueras|Ejército de Esqueletos|Mosquetera|Caballero,JUGADOR_2,Valquiria,4,6,28,,,,,
partida_65,105,TROPA_DESPLEGADA,JUGADOR_1,118,EstrategiaDefensiva,EstrategiaDefensiva,1,5,Ejército de Esqueletos|Arqueras|Bárbaros|Mago de Hielo,Arqueras|Ejército de Esqueletos|Mosquetera|Caballero,JUGADOR_1,Mosquetera,4,6,2,,,,,
partida_65,106,TROPA_DESPLEGADA,JUGADOR_1,118,EstrategiaDefensiva,EstrategiaDefensiva,1,2,Ejército de Esqueletos|Arqueras|Bárbaros|Mago de Hielo,Arqueras|Ejército de Esqueletos|Mosquetera|Mini P.E.K.K.A,JUGADOR_2,Caballero,3,6,28,,,,,
partida_65,114,TROPA_DESPLEGADA,JUGADOR_1,118,EstrategiaDefensiva,EstrategiaDefensiva,4,1,Ejército de Esqueletos|Arqueras|Bárbaros|Mago de Hielo,Arqueras|Ejército de Esqueletos|Mosquetera|Príncipe,JUGADOR_2,Mini P.E.K.K.A,4,6,28,,,,,
partida_65,117,TROPA_DESPLEGADA,JUGADOR_1,118,EstrategiaDefensiva,EstrategiaDefensiva,2,2,Ejército de Esqueletos|Arqueras|Bárbaros|Príncipe,Arqueras|Ejército de Esqueletos|Mosquetera|Príncipe,JUGADOR_1,Mago de Hielo,3,6,2,,,,,
partida_65,118,PARTIDA_TERMINADA,JUGADOR_1,118,EstrategiaDefensiva,EstrategiaDefensiva,2,2,Ejército de Esqueletos|Arqueras|Bárbaros|Príncipe,Arqueras|Ejército de Esqueletos|Mosquetera|Príncipe,,,,,,,,,,
partida_66,2,TROPA_DESPLEGADA,JUGADOR_2,146,EstrategiaDefensiva,EstrategiaAgresiva,2,5,Mago de Hielo|Mosquetera|Mago|Gigante,Ejército de Esqueletos|Caballero|Valquiria|P.E.K.K.A,JUGADOR_1,Caballero,3,6,2,,,,,
partida_66,4,TROPA_DESPLEGADA,JUGADOR_2,146,EstrategiaDefensiva,EstrategiaAgresiva,3,2,Mago de Hielo|Mosquetera|Mago|Gigante,Ejército de Esqueletos|Caballero|P.E.K.K.A|Bárbaros,JUGADOR_2,Valquiria,4,0,17,,,,,
partida_66,6,TROPA_DESPLEGADA,JUGADOR_2,146,EstrategiaDefensiva,EstrategiaAgresiva,4,0,Mago de Hielo|Mosquetera|Mago|Gigante,Ejército de Esqueletos|P.E.K.K.A|Bárbaros|Mini P.E.K.K.A,JUGADOR_2,Caballero,3,0,17,,,,,
partida_66,10,TROPA_DESPLEGADA,JUGADOR_2,146,EstrategiaDefensiva,EstrategiaAgresiva,0,1,Mago de Hielo|Mosquetera|Mago|Ejército de Esqueletos,Ejército de Esqueletos|P.E.K.K.A|Bárbaros|Mini P.E.K.K.A,JUGADOR_1,Gigante,5,6,2,,,,,
partida_66,15,TROPA_DESPLEGADA,JUGADOR_2,146,EstrategiaDefensiva,EstrategiaAgresiva,2,0,Mago de Hielo|Mosquetera|Mago|Ejército de Esqueletos,P.E.K.K.A|Bárbaros|Mini P.E.K.K.A|Mago,JUGADOR_2,Ejército de Esqueletos,3,0,17,,,,,
partida_66,24,TROPA_DESPLEGADA,JUGADOR_2,146,EstrategiaDefensiva,EstrategiaAgresiva,2,3,Mosquetera|Mago|Ejército de Esqueletos|Valquiria,P.E.K.K.A|Bárbaros|Mini P.E.K.K.A|Mago,JUGADOR_1,Mago de Hielo,3,6,2,,,,,
partida_66,27,TROPA_DESPLEGADA,JUGADOR_2,146,EstrategiaDefensiva,EstrategiaAgresiva,3,0,Mosquetera|Mago|Ejército de Esqueletos|Valquiria,P.E.K.K.A|Bárbaros|Mago|Mago de Hielo,JUGADOR_2,Mini P.E.K.K.A,4,0,17,,,,,
partida_66,33,TROPA_DESPLEGADA,JUGADOR_2,146,EstrategiaDefensiva,EstrategiaAgresiva,1,2,Mosquetera|Mago|Ejército de Esqueletos|Arqueras,P.E.K.K.A|Bárbaros|Mago|Mago de Hielo,JUGADOR_1,Valquiria,4,6,2,,,,,
partida_66,38,TROPA_DESPLEGADA,JUGADOR_2,146,EstrategiaDefensiva,EstrategiaAgresiva,2,0,Mosquetera|Mago|Ejército de Esqueletos|Arqueras,P.E.K.K.A|Bárbaros|Mago|Valquiria,JUGADOR_2,Mago de Hielo,3,0,10,,,,,
partida_66,47,TROPA_DESPLEGADA,JUGADOR_2,146,EstrategiaDefensiva,EstrategiaAgresiva,1,3,Mago|Ejército de Esqueletos|Arqueras|Caballero,P.E.K.K.A|Bárbaros|Mago|Valquiria,JUGADOR_1,Mosquetera,4,6,2,,,,,
partida_66,48,TROPA_DESPLEGADA,JUGADOR_2,146,EstrategiaDefensiva,EstrategiaAgresiva,2,0,Mago|Ejército de Esqueletos|Arqueras|Caballero,P.E.K.K.A|Bárbaros|Mago|Caballero,JUGADOR_2,Valquiria,4,0,10,,,,,
partida_66,57,TROPA_DESPLEGADA,JUGADOR_2,146,EstrategiaDefensiva,EstrategiaAgresiva,5,0,Mago|Ejército de Esqueletos|Arqueras|Caballero,P.E.K.K.A|Bárbaros|Mago|Ejército de Esqueletos,JUGADOR_2,Caballero,3,0,10,,,,,
partida_66,58,TROPA_DESPLEGADA,JUGADOR_2,146,EstrategiaDefensiva,EstrategiaAgresiva,2,0,Mago|Ejército de Esqueletos|Arqueras|Gigante,P.E.K.K.A|Bárbaros|Mago|Ejército de Esqueletos,JUGADOR_1,Caballero,3,6,2,,,,,
partida_66,66,TROPA_DESPLEGADA,JUGADOR_2,146,EstrategiaDefensiva,EstrategiaAgresiva,0,3,Mago|Ejército de Esqueletos|Arqueras|Mago de Hielo,P.E.K.K.A|Bárbaros|Mago|Ejército de Esqueletos,JUGADOR_1,Gigante,5,6,2,,,,,
partida_66,66,TROPA_DESPLEGADA,JUGADOR_2,146,EstrategiaDefensiva,EstrategiaAgresiva,0,0,Mago|Ejército de Esqueletos|Arqueras|Mago de Hielo,P.E.K.K.A|Bárbaros|Mago|Mini P.E.K.K.A,JUGADOR_2,Ejército de Esqueletos,3,0,10,,,,,
partida_66,78,TROPA_DESPLEGADA,JUGADOR_2,146,EstrategiaDefensiva,EstrategiaAgresiva,4,0,Mago|Ejército de Esqueletos|Arqueras|Mago de Hielo,P.E.K.K.A|Bárbaros|Mago|Mago de Hielo,JUGADOR_2,Mini P.E.K.K.A,4,0,10,,,,,
partida_66,81,TROPA_DESPLEGADA,JUGADOR_2,146,EstrategiaDefensiva,EstrategiaAgresiva,2,1,Mago|Ejército de Esqueletos|Arqueras|Valquiria,P.E.K.K.A|Bárbaros|Mago|Mago de Hielo,JUGADOR_1,Mago de Hielo,3,6,2,,,,,
partida_66,87,TROPA_DESPLEGADA,JUGADOR_2,146,EstrategiaDefensiva,EstrategiaAgresiva,4,0,Mago|Ejército de Esqueletos|Arqueras|Valquiria,P.E.K.K.A|Bárbaros|Mago|Valquiria,JUGADOR_2,Mago de Hielo,3,0,10,,,,,
partida_66,91,TROPA_DESPLEGADA,JUGADOR_2,146,EstrategiaDefensiva,EstrategiaAgresiva,1,1,Mago|Ejército de Esqueletos|Arqueras|Mosquetera,P.E.K.K.A|Bárbaros|Mago|Valquiria,JUGADOR_1,Valquiria,4,6,2,,,,,
partida_66,99,TROPA_DESPLEGADA,JUGADOR_2,146,EstrategiaDefensiva,EstrategiaAgresiva,4,0,Mago|Ejército de Esqueletos|Arqueras|Mosquetera,P.E.K.K.A|Bárbaros|Mago|Caballero,JUGADOR_2,Valquiria,4,0,10,,,,,
partida_66,102,TROPA_DESPLEGADA,JUGADOR_2,146,EstrategiaDefensiva,EstrategiaAgresiva,0,1,Ejército de Esqueletos|Arqueras|Mosquetera|Caballero,P.E.K.K.A|Bárbaros|Mago|Caballero,JUGADOR_1,Mago,5,6,2,,,,,
partida_66,108,TROPA_DESPLEGADA,JUGADOR_2,146,EstrategiaDefensiva,EstrategiaAgresiva,2,0,Ejército de Esqueletos|Arqueras|Mosquetera|Caballero,P.E.K.K.A|Bárbaros|Mago|Ejército de Esqueletos,JUGADOR_2,Caballero,3,0,10,,,,,
partida_66,117,TROPA_DESPLEGADA,JUGADOR_2,146,EstrategiaDefensiva,EstrategiaAgresiva,5,0,Ejército de Esqueletos|Arqueras|Mosquetera|Caballero,P.E.K.K.A|Bárbaros|Mago|Mini P.E.K.K.A,JUGADOR_2,Ejército de Esqueletos,3,0,10,,,,,
partida_66,118,TROPA_DESPLEGADA,JUGADOR_2,146,EstrategiaDefensiva,EstrategiaAgresiva,2,0,Ejército de Esqueletos|Arqueras|Mosquetera|Gigante,P.E.K.K.A|Bárbaros|Mago|Mini P.E.K.K.A,JUGADOR_1,Caballero,3,6,2,,,,,
partida_66,126,TROPA_DESPLEGADA,JUGADOR_2,146,EstrategiaDefensiva,EstrategiaAgresiva,0,3,Ejército de Esqueletos|Arqueras|Mosquetera|Mago de Hielo,P.E.K.K.A|Bárbaros|Mago|Mini P.E.K.K.A,JUGADOR_1,Gigante,5,6,2,,,,,
partida_66,129,TROPA_DESPLEGADA,JUGADOR_2,146,EstrategiaDefensiva,EstrategiaAgresiva,1,0,Ejército de Esqueletos|Arqueras|Mosquetera|Mago de Hielo,P.E.K.K.A|Bárbaros|Mago|Mago de Hielo,JUGADOR_2,Mini P.E.K.K.A,4,0,10,,,,,
partida_66,139,TROPA_DESPLEGADA,JUGADOR_2,146,EstrategiaDefensiva,EstrategiaAgresiva,4,0,Ejército de Esqueletos|Arqueras|Mosquetera|Mago de Hielo,P.E.K.K.A|Bárbaros|Mago|Valquiria,JUGADOR_2,Mago de Hielo,3,0,10,,,,,
partida_66,142,TROPA_DESPLEGADA,JUGADOR_2,146,EstrategiaDefensiva,EstrategiaAgresiva,2,1,Ejército de Esqueletos|Arqueras|Mosquetera|Valquiria,P.E.K.K.A|Bárbaros|Mago|Valquiria,JUGADOR_1,Mago de Hielo,3,6,2,,,,,
partida_66,146,PARTIDA_TERMINADA,JUGADOR_2,146,EstrategiaDefensiva,EstrategiaAgresiva,3,2,Ejército de Esqueletos|Arqueras|Mosquetera|Valquiria,P.E.K.K.A|Bárbaros|Mago|Valquiria,,,,,,,,,,
partida_67,1,TROPA_DESPLEGADA,JUGADOR_2,180,EstrategiaAgresiva,EstrategiaAleatoria,0,5,Bárbaros|Ejército de Esqueletos|Mosquetera|Caballero,Príncipe|Mago de Hielo|Mago|Valquiria,JUGADOR_1,Príncipe,5,0,14,,,,,
partida_67,1,TROPA_DESPLEGADA,JUGADOR_2,180,EstrategiaAgresiva,EstrategiaAleatoria,0,1,Bárbaros|Ejército de Esqueletos|Mosquetera|Caballero,Príncipe|Mago de Hielo|Mago|Gigante,JUGADOR_2,Valquiria,4,8,22,,,,,
partida_67,9,TROPA_DESPLEGADA,JUGADOR_2,180,EstrategiaAgresiva,EstrategiaAleatoria,0,4,Bárbaros|Ejército de Esqueletos|Mosquetera|Gigante,Príncipe|Mago de Hielo|Mago|Gigante,JUGADOR_1,Caballero,3,0,14,,,,,
partida_67,13,TROPA_DESPLEGADA,JUGADOR_2,180,EstrategiaAgresiva,EstrategiaAleatoria,1,0,Bárbaros|Ejército de Esqueletos|Mosquetera|Gigante,Mago de Hielo|Mago|Gigante|Mosquetera,JUGADOR_2,Príncipe,5,14,30,,,,,
partida_67,18,TROPA_DESPLEGADA,JUGADOR_2,180,EstrategiaAgresiva,EstrategiaAleatoria,0,2,Bárbaros|Mosquetera|Gigante|Valquiria,Mago de Hielo|Mago|Gigante|Mosquetera,JUGADOR_1,Ejército de Esqueletos,3,0,14,,,,,
partida_67,22,TROPA_DESPLEGADA,JUGADOR_2,180,EstrategiaAgresiva,EstrategiaAleatoria,1,0,Bárbaros|Mosquetera|Gigante|Valquiria,Mago|Gigante|Mosquetera|Ejército de Esqueletos,JUGADOR_2,Mago de Hielo,3,13,28,,,,,
partida_67,30,TROPA_DESPLEGADA,JUGADOR_2,180,EstrategiaAgresiva,EstrategiaAleatoria,4,0,Bárbaros|Mosquetera|Gigante|Valquiria,Mago|Gigante|Mosquetera|Arqueras,JUGADOR_2,Ejército de Esqueletos,3,1,31,,,,,
partida_67,31,TROPA_DESPLEGADA,JUGADOR_2,180,EstrategiaAgresiva,EstrategiaAleatoria,0,0,Bárbaros|Mosquetera|Gigante|Mago de Hielo,Mago|Gigante|Mosquetera|Arqueras,JUGADOR_1,Valquiria,4,0,14,,,,,
partida_67,39,TROPA_DESPLEGADA,JUGADOR_2,180,EstrategiaAgresiva,EstrategiaAleatoria,0,3,Bárbaros|Mosquetera|Gigante|Príncipe,Mago|Gigante|Mosquetera|Arqueras,JUGADOR_1,Mago de Hielo,3,0,14,,,,,
partida_67,40,TROPA_DESPLEGADA,JUGADOR_2,180,EstrategiaAgresiva,EstrategiaAleatoria,0,0,Bárbaros|Mosquetera|Gigante|Príncipe,Mago|Gigante|Mosquetera|Valquiria,JUGADOR_2,Arqueras,3,9,26,,,,,
partida_67,51,TROPA_DESPLEGADA,JUGADOR_2,180,EstrategiaAgresiva,EstrategiaAleatoria,0,4,Bárbaros|Gigante|Príncipe|Caballero,Mago|Gigante|Mosquetera|Valquiria,JUGADOR_1,Mosquetera,4,0,14,,,,,
partida_67,51,TROPA_DESPLEGADA,JUGADOR_2,180,EstrategiaAgresiva,EstrategiaAleatoria,0,0,Bárbaros|Gigante|Príncipe|Caballero,Mago|Gigante|Mosquetera|Príncipe,JUGADOR_2,Valquiria,4,4,23,,,,,
partida_67,60,TROPA_DESPLEGADA,JUGADOR_2,180,EstrategiaAgresiva,EstrategiaAleatoria,0,3,Bárbaros|Gigante|Príncipe|Ejército de Esqueletos,Mago|Gigante|Mosquetera|Príncipe,JUGADOR_1,Caballero,3,0,14,,,,,
partida_67,63,TROPA_DESPLEGADA,JUGADOR_2,180,EstrategiaAgresiva,EstrategiaAleatoria,1,0,Bárbaros|Gigante|Príncipe|Ejército de Esqueletos,Mago|Gigante|Príncipe|Mago de Hielo,JUGADOR_2,Mosquetera,4,6,20,,,,,
partida_67,69,TROPA_DESPLEGADA,JUGADOR_2,180,EstrategiaAgresiva,EstrategiaAleatoria,0,2,Bárbaros|Gigante|Príncipe|Valquiria,Mago|Gigante|Príncipe|Mago de Hielo,JUGADOR_1,Ejército de Esqueletos,3,0,14,,,,,
partida_67,72,TROPA_DESPLEGADA,JUGADOR_2,180,EstrategiaAgresiva,EstrategiaAleatoria,1,0,Bárbaros|Gigante|Príncipe|Valquiria,Mago|Gigante|Príncipe|Ejército de Esqueletos,JUGADOR_2,Mago de Hielo,3,9,25,,,,,
partida_67,81,TROPA_DESPLEGADA,JUGADOR_2,180,EstrategiaAgresiva,EstrategiaAleatoria,0,3,Bárbaros|Gigante|Príncipe|Mago de Hielo,Mago|Gigante|Príncipe|Ejército de Esqueletos,JUGADOR_1,Valquiria,4,0,14,,,,,
partida_67,85,TROPA_DESPLEGADA,JUGADOR_2,180,EstrategiaAgresiva,EstrategiaAleatoria,1,1,Bárbaros|Gigante|Príncipe|Mago de Hielo,Mago|Gigante|Príncipe|Arqueras,JUGADOR_2,Ejército de Esqueletos,3,7,18,,,,,
partida_67,90,TROPA_DESPLEGADA,JUGADOR_2,180,EstrategiaAgresiva,EstrategiaAleatoria,3,0,Bárbaros|Gigante|Príncipe|Mago de Hielo,Mago|Gigante|Príncipe|Valquiria,JUGADOR_2,Arqueras,3,13,11,,,,,
partida_67,92,TROPA_DESPLEGADA,JUGADOR_2,180,EstrategiaAgresiva,EstrategiaAleatoria,0,0,Bárbaros|Gigante|Príncipe|Mosquetera,Mago|Gigante|Príncipe|Valquiria,JUGADOR_1,Mago de Hielo,3,0,14,,,,,
partida_67,102,TROPA_DESPLEGADA,JUGADOR_2,180,EstrategiaAgresiva,EstrategiaAleatoria,0,4,Bárbaros|Gigante|Príncipe|Caballero,Mago|Gigante|Príncipe|Valquiria,JUGADOR_1,Mosquetera,4,0,14,,,,,
partida_67,102,TROPA_DESPLEGADA,JUGADOR_2,180,EstrategiaAgresiva,EstrategiaAleatoria,0,0,Bárbaros|Gigante|Príncipe|Caballero,Mago|Gigante|Príncipe|Mosquetera,JUGADOR_2,Valquiria,4,1,18,,,,,
partida_67,112,TROPA_DESPLEGADA,JUGADOR_2,180,EstrategiaAgresiva,EstrategiaAleatoria,0,3,Bárbaros|Gigante|Príncipe|Ejército de Esqueletos,Mago|Gigante|Príncipe|Mosquetera,JUGADOR_1,Caballero,3,0,13,,,,,
partida_67,116,TROPA_DESPLEGADA,JUGADOR_2,180,EstrategiaAgresiva,EstrategiaAleatoria,1,0,Bárbaros|Gigante|Príncipe|Ejército de Esqueletos,Mago|Gigante|Príncipe|Mago de Hielo,JUGADOR_2,Mosquetera,4,11,21,,,,,
partida_67,120,TROPA_DESPLEGADA,JUGADOR_2,180,EstrategiaAgresiva,EstrategiaAleatoria,0,2,Bárbaros|Gigante|Príncipe|Valquiria,Mago|Gigante|Príncipe|Mago de Hielo,JUGADOR_1,Ejército de Esqueletos,3,0,9,,,,,
partida_67,123,TROPA_DESPLEGADA,JUGADOR_2,180,EstrategiaAgresiva,EstrategiaAleatoria,1,0,Bárbaros|Gigante|Príncipe|Valquiria,Mago|Gigante|Príncipe|Ejército de Esqueletos,JUGADOR_2,Mago de Hielo,3,17,17,,,,,
partida_67,132,TROPA_DESPLEGADA,JUGADOR_2,180,EstrategiaAgresiva,EstrategiaAleatoria,0,3,Bárbaros|Gigante|Príncipe|Mago de Hielo,Mago|Gigante|Príncipe|Ejército de Esqueletos,JUGADOR_1,Valquiria,4,0,9,,,,,
partida_67,132,TROPA_DESPLEGADA,JUGADOR_2,180,EstrategiaAgresiva,EstrategiaAleatoria,0,0,Bárbaros|Gigante|Príncipe|Mago de Hielo,Mago|Gigante|Príncipe|Arqueras,JUGADOR_2,Ejército de Esqueletos,3,17,29,,,,,
partida_67,141,TROPA_DESPLEGADA,JUGADOR_2,180,EstrategiaAgresiva,EstrategiaAleatoria,0,3,Bárbaros|Gigante|Príncipe|Mosquetera,Mago|Gigante|Príncipe|Arqueras,JUGADOR_1,Mago de Hielo,3,0,9,,,,,
partida_67,141,TROPA_DESPLEGADA,JUGADOR_2,180,EstrategiaAgresiva,EstrategiaAleatoria,0,0,Bárbaros|Gigante|Príncipe|Mosquetera,Mago|Gigante|Príncipe|Valquiria,JUGADOR_2,Arqueras,3,11,27,,,,,
partida_67,153,TROPA_DESPLEGADA,JUGADOR_2,180,EstrategiaAgresiva,EstrategiaAleatoria,4,0,Bárbaros|Gigante|Príncipe|Mosquetera,Mago|Gigante|Príncipe|Mosquetera,JUGADOR_2,Valquiria,4,8,13,,,,,
partida_67,154,TROPA_DESPLEGADA,JUGADOR_2,180,EstrategiaAgresiva,EstrategiaAleatoria,0,0,Bárbaros|Gigante|Príncipe|Caballero,Mago|Gigante|Príncipe|Mosquetera,JUGADOR_1,Mosquetera,4,0,9,,,,,
partida_67,162,TROPA_DESPLEGADA,JUGADOR_2,180,EstrategiaAgresiva,EstrategiaAleatoria,0,3,Bárbaros|Gigante|Príncipe|Ejército de Esqueletos,Mago|Gigante|Príncipe|Mosquetera,JUGADOR_1,Caballero,3,0,9,,,,,
partida_67,168,TROPA_DESPLEGADA,JUGADOR_2,180,EstrategiaAgresiva,EstrategiaAleatoria,2,0,Bárbaros|Gigante|Príncipe|Ejército de Esqueletos,Gigante|Príncipe|Mosquetera|Mago de Hielo,JUGADOR_2,Mago,5,2,29,,,,,
partida_67,171,TROPA_DESPLEGADA,JUGADOR_2,180,EstrategiaAgresiva,EstrategiaAleatoria,0,1,Bárbaros|Gigante|Príncipe|Valquiria,Gigante|Príncipe|Mosquetera|Mago de Hielo,JUGADOR_1,Ejército de Esqueletos,3,0,21,,,,,
partida_67,178,TROPA_DESPLEGADA,JUGADOR_2,180,EstrategiaAgresiva,EstrategiaAleatoria,2,0,Bárbaros|Gigante|Príncipe|Valquiria,Gigante|Príncipe|Mosquetera|Ejército de Esqueletos,JUGADOR_2,Mago de Hielo,3,15,19,,,,,
partida_67,180,PARTIDA_TERMINADA,JUGADOR_2,180,EstrategiaAgresiva,EstrategiaAleatoria,3,1,Bárbaros|Gigante|Príncipe|Valquiria,Gigante|Príncipe|Mosquetera|Ejército de Esqueletos,,,,,,,,,,
partida_68,1,TROPA_DESPLEGADA,JUGADOR_1,180,EstrategiaAleatoria,EstrategiaDefensiva,0,5,Bárbaros|Ejército de Esqueletos|Valquiria|Mini P.E.K.K.A,Mago|Arqueras|Mosquetera|Mago de Hielo,JUGADOR_1,Gigante,5,12,0,,,,,
partida_68,2,TROPA_DESPLEGADA,JUGADOR_1,180,EstrategiaAleatoria,EstrategiaDefensiva,0,2,Bárbaros|Ejército de Esqueletos|Valquiria|Mini P.E.K.K.A,Mago|Arqueras|Mosquetera|Bárbaros,JUGADOR_2,Mago de Hielo,3,6,28,,,,,
partida_68,9,TROPA_DESPLEGADA,JUGADOR_1,180,EstrategiaAleatoria,EstrategiaDefensiva,0,5,Bárbaros|Valquiria|Mini P.E.K.K.A|Caballero,Mago|Arqueras|Mosquetera|Bárbaros,JUGADOR_1,Ejército de Esqueletos,3,2,4,,,,,
partida_68,10,TROPA_DESPLEGADA,JUGADOR_1,180,EstrategiaAleatoria,EstrategiaDefensiva,0,0,Bárbaros|Valquiria|Mini P.E.K.K.A|Caballero,Arqueras|Mosquetera|Bárbaros|Valquiria,JUGADOR_2,Mago,5,6,28,,,,,
partida_68,21,TROPA_DESPLEGADA,JUGADOR_1,180,EstrategiaAleatoria,EstrategiaDefensiva,0,4,Bárbaros|Valquiria|Caballero|Príncipe,Arqueras|Mosquetera|Bárbaros|Valquiria,JUGADOR_1,Mini P.E.K.K.A,4,0,1,,,,,
partida_68,30,TROPA_DESPLEGADA,JUGADOR_1,180,EstrategiaAleatoria,EstrategiaDefensiva,3,3,Bárbaros|Valquiria|Caballero|Príncipe,Arqueras|Mosquetera|Bárbaros|Gigante,JUGADOR_2,Valquiria,4,6,28,,,,,
partida_68,31,TROPA_DESPLEGADA,JUGADOR_1,180,EstrategiaAleatoria,EstrategiaDefensiva,0,3,Bárbaros|Valquiria|Príncipe|Mago,Arqueras|Mosquetera|Bárbaros|Gigante,JUGADOR_1,Caballero,3,12,4,,,,,
partida_68,37,TROPA_DESPLEGADA,JUGADOR_1,180,EstrategiaAleatoria,EstrategiaDefensiva,2,0,Bárbaros|Valquiria|Príncipe|Mago,Arqueras|Mosquetera|Bárbaros|Caballero,JUGADOR_2,Gigante,5,6,28,,,,,
partida_68,45,TROPA_DESPLEGADA,JUGADOR_1,180,EstrategiaAleatoria,EstrategiaDefensiva,0,3,Valquiria|Príncipe|Mago|Gigante,Arqueras|Mosquetera|Bárbaros|Caballero,JUGADOR_1,Bárbaros,5,10,5,,,,,
partida_68,51,TROPA_DESPLEGADA,JUGADOR_1,180,EstrategiaAleatoria,EstrategiaDefensiva,2,2,Valquiria|Príncipe|Mago|Gigante,Arqueras|Mosquetera|Bárbaros|Mago de Hielo,JUGADOR_2,Caballero,3,6,28,,,,,
partida_68,58,TROPA_DESPLEGADA,JUGADOR_1,180,EstrategiaAleatoria,EstrategiaDefensiva,0,4,Príncipe|Mago|Gigante|Ejército de Esqueletos,Arqueras|Mosquetera|Bárbaros|Mago de Hielo,JUGADOR_1,Valquiria,4,6,2,,,,,
partida_68,61,TROPA_DESPLEGADA,JUGADOR_1,180,EstrategiaAleatoria,EstrategiaDefensiva,1,2,Príncipe|Mago|Gigante|Ejército de Esqueletos,Arqueras|Mosquetera|Bárbaros|Mago,JUGADOR_2,Mago de Hielo,3,6,28,,,,,
partida_68,68,TROPA_DESPLEGADA,JUGADOR_1,180,EstrategiaAleatoria,EstrategiaDefensiva,0,4,Príncipe|Mago|Gigante|Mini P.E.K.K.A,Arqueras|Mosquetera|Bárbaros|Mago,JUGADOR_1,Ejército de Esqueletos,3,0,14,,,,,
partida_68,72,TROPA_DESPLEGADA,JUGADOR_1,180,EstrategiaAleatoria,EstrategiaDefensiva,2,2,Príncipe|Mago|Gigante|Mini P.E.K.K.A,Arqueras|Bárbaros|Mago|Valquiria,JUGADOR_2,Mosquetera,4,6,28,,,,,
partida_68,81,TROPA_DESPLEGADA,JUGADOR_1,180,EstrategiaAleatoria,EstrategiaDefensiva,0,5,Príncipe|Mago|Mini P.E.K.K.A|Caballero,Arqueras|Bárbaros|Mago|Valquiria,JUGADOR_1,Gigante,5,2,10,,,,,
partida_68,81,TROPA_DESPLEGADA,JUGADOR_1,180,EstrategiaAleatoria,EstrategiaDefensiva,0,1,Príncipe|Mago|Mini P.E.K.K.A|Caballero,Arqueras|Bárbaros|Mago|Gigante,JUGADOR_2,Valquiria,4,6,28,,,,,
partida_68,91,TROPA_DESPLEGADA,JUGADOR_1,180,EstrategiaAleatoria,EstrategiaDefensiva,0,4,Príncipe|Mago|Mini P.E.K.K.A|Bárbaros,Arqueras|Bárbaros|Mago|Gigante,JUGADOR_1,Caballero,3,7,17,,,,,
partida_68,97,TROPA_DESPLEGADA,JUGADOR_1,180,EstrategiaAleatoria,EstrategiaDefensiva,2,1,Príncipe|Mago|Mini P.E.K.K.A|Bárbaros,Arqueras|Bárbaros|Mago|Caballero,JUGADOR_2,Gigante,5,6,28,,,,,
partida_68,105,TROPA_DESPLEGADA,JUGADOR_1,180,EstrategiaAleatoria,EstrategiaDefensiva,0,4,Príncipe|Mini P.E.K.K.A|Bárbaros|Valquiria,Arqueras|Bárbaros|Mago|Caballero,JUGADOR_1,Mago,5,5,13,,,,,
partida_68,109,TROPA_DESPLEGADA,JUGADOR_1,180,EstrategiaAleatoria,EstrategiaDefensiva,1,2,Príncipe|Mini P.E.K.K.A|Bárbaros|Valquiria,Arqueras|Bárbaros|Mago|Mago de Hielo,JUGADOR_2,Caballero,3,6,28,,,,,
partida_68,117,TROPA_DESPLEGADA,JUGADOR_1,180,EstrategiaAleatoria,EstrategiaDefensiva,4,2,Príncipe|Mini P.E.K.K.A|Bárbaros|Valquiria,Arqueras|Bárbaros|Mago|Mosquetera,JUGADOR_2,Mago de Hielo,3,6,28,,,,,
partida_68,118,TROPA_DESPLEGADA,JUGADOR_1,180,EstrategiaAleatoria,EstrategiaDefensiva,0,2,Príncipe|Bárbaros|Valquiria|Ejército de Esqueletos,Arqueras|Bárbaros|Mago|Mosquetera,JUGADOR_1,Mini P.E.K.K.A,4,3,15,,,,,
partida_68,126,TROPA_DESPLEGADA,JUGADOR_1,180,EstrategiaAleatoria,EstrategiaDefensiva,0,5,Príncipe|Bárbaros|Valquiria|Gigante,Arqueras|Bárbaros|Mago|Mosquetera,JUGADOR_1,Ejército de Esqueletos,3,4,0,,,,,
partida_68,129,TROPA_DESPLEGADA,JUGADOR_1,180,EstrategiaAleatoria,EstrategiaDefensiva,1,1,Príncipe|Bárbaros|Valquiria|Gigante,Arqueras|Bárbaros|Mosquetera|Valquiria,JUGADOR_2,Mago,5,6,28,,,,,
partida_68,139,TROPA_DESPLEGADA,JUGADOR_1,180,EstrategiaAleatoria,EstrategiaDefensiva,0,4,Príncipe|Bárbaros|Gigante|Caballero,Arqueras|Bárbaros|Mosquetera|Valquiria,JUGADOR_1,Valquiria,4,13,3,,,,,
partida_68,142,TROPA_DESPLEGADA,JUGADOR_1,180,EstrategiaAleatoria,EstrategiaDefensiva,1,1,Príncipe|Bárbaros|Gigante|Caballero,Arqueras|Bárbaros|Mosquetera|Gigante,JUGADOR_2,Valquiria,4,6,28,,,,,
partida_68,147,TROPA_DESPLEGADA,JUGADOR_1,180,EstrategiaAleatoria,EstrategiaDefensiva,0,3,Príncipe|Bárbaros|Gigante|Mago,Arqueras|Bárbaros|Mosquetera|Gigante,JUGADOR_1,Caballero,3,6,5,,,,,
partida_68,155,TROPA_DESPLEGADA,JUGADOR_1,180,EstrategiaAleatoria,EstrategiaDefensiva,2,0,Príncipe|Bárbaros|Gigante|Mago,Arqueras|Bárbaros|Mosquetera|Caballero,JUGADOR_2,Gigante,5,6,28,,,,,
partida_68,164,TROPA_DESPLEGADA,JUGADOR_1,180,EstrategiaAleatoria,EstrategiaDefensiva,0,3,Príncipe|Bárbaros|Mago|Mini P.E.K.K.A,Arqueras|Bárbaros|Mosquetera|Caballero,JUGADOR_1,Gigante,5,2,10,,,,,
partida_68,170,TROPA_DESPLEGADA,JUGADOR_1,180,EstrategiaAleatoria,EstrategiaDefensiva,2,2,Príncipe|Bárbaros|Mago|Mini P.E.K.K.A,Arqueras|Bárbaros|Mosquetera|Mago de Hielo,JUGADOR_2,Caballero,3,6,28,,,,,
partida_68,174,TROPA_DESPLEGADA,JUGADOR_1,180,EstrategiaAleatoria,EstrategiaDefensiva,0,4,Príncipe|Bárbaros|Mago|Ejército de Esqueletos,Arqueras|Bárbaros|Mosquetera|Mago de Hielo,JUGADOR_1,Mini P.E.K.K.A,4,8,21,,,,,
partida_68,177,TROPA_DESPLEGADA,JUGADOR_1,180,EstrategiaAleatoria,EstrategiaDefensiva,1,2,Príncipe|Bárbaros|Mago|Ejército de Esqueletos,Arqueras|Bárbaros|Mosquetera|Mago,JUGADOR_2,Mago de Hielo,3,6,28,,,,,
partida_68,180,PARTIDA_TERMINADA,JUGADOR_1,180,EstrategiaAleatoria,EstrategiaDefensiva,2,3,Príncipe|Bárbaros|Mago|Ejército de Esqueletos,Arqueras|Bárbaros|Mosquetera|Mago,,,,,,,,,,
partida_69,1,TROPA_DESPLEGADA,JUGADOR_2,82,EstrategiaAleatoria,EstrategiaAgresiva,2,5,Caballero|Mini P.E.K.K.A|P.E.K.K.A|Valquiria,Bárbaros|Valquiria|Mago de Hielo|Ejército de Esqueletos,JUGADOR_1,Arqueras,3,8,6,,,,,
partida_69,5,TROPA_DESPLEGADA,JUGADOR_2,82,EstrategiaAleatoria,EstrategiaAgresiva,0,6,Mini P.E.K.K.A|P.E.K.K.A|Valquiria|Mosquetera,Bárbaros|Valquiria|Mago de Hielo|Ejército de Esqueletos,JUGADOR_1,Caballero,3,16,11,,,,,
partida_69,6,TROPA_DESPLEGADA,JUGADOR_2,82,EstrategiaAleatoria,EstrategiaAgresiva,1,3,Mini P.E.K.K.A|P.E.K.K.A|Valquiria|Mosquetera,Bárbaros|Mago de Hielo|Ejército de Esqueletos|Mago,JUGADOR_2,Valquiria,4,0,17,,,,,
partida_69,7,TROPA_DESPLEGADA,JUGADOR_2,82,EstrategiaAleatoria,EstrategiaAgresiva,1,0,Mini P.E.K.K.A|P.E.K.K.A|Valquiria|Mosquetera,Bárbaros|Ejército de Esqueletos|Mago|Príncipe,JUGADOR_2,Mago de Hielo,3,0,17,,,,,
partida_69,16,TROPA_DESPLEGADA,JUGADOR_2,82,EstrategiaAleatoria,EstrategiaAgresiva,0,3,Mini P.E.K.K.A|P.E.K.K.A|Valquiria|Mago,Bárbaros|Ejército de Esqueletos|Mago|Príncipe,JUGADOR_1,Mosquetera,4,16,14,,,,,
partida_69,17,TROPA_DESPLEGADA,JUGADOR_2,82,EstrategiaAleatoria,EstrategiaAgresiva,0,0,Mini P.E.K.K.A|P.E.K.K.A|Valquiria|Mago,Bárbaros|Mago|Príncipe|Mosquetera,JUGADOR_2,Ejército de Esqueletos,3,0,17,,,,,
partida_69,27,TROPA_DESPLEGADA,JUGADOR_2,82,EstrategiaAleatoria,EstrategiaAgresiva,0,4,P.E.K.K.A|Valquiria|Mago|Ejército de Esqueletos,Bárbaros|Mago|Príncipe|Mosquetera,JUGADOR_1,Mini P.E.K.K.A,4,6,10,,,,,
partida_69,27,TROPA_DESPLEGADA,JUGADOR_2,82,EstrategiaAleatoria,EstrategiaAgresiva,0,0,P.E.K.K.A|Valquiria|Mago|Ejército de Esqueletos,Bárbaros|Mago|Príncipe|Arqueras,JUGADOR_2,Mosquetera,4,0,17,,,,,
partida_69,36,TROPA_DESPLEGADA,JUGADOR_2,82,EstrategiaAleatoria,EstrategiaAgresiva,0,3,P.E.K.K.A|Valquiria|Mago|Arqueras,Bárbaros|Mago|Príncipe|Arqueras,JUGADOR_1,Ejército de Esqueletos,3,0,10,,,,,
partida_69,36,TROPA_DESPLEGADA,JUGADOR_2,82,EstrategiaAleatoria,EstrategiaAgresiva,0,0,P.E.K.K.A|Valquiria|Mago|Arqueras,Bárbaros|Mago|Príncipe|Valquiria,JUGADOR_2,Arqueras,3,0,17,,,,,
partida_69,47,TROPA_DESPLEGADA,JUGADOR_2,82,EstrategiaAleatoria,EstrategiaAgresiva,0,3,P.E.K.K.A|Valquiria|Mago|Caballero,Bárbaros|Mago|Príncipe|Valquiria,JUGADOR_1,Arqueras,3,0,9,,,,,
partida_69,48,TROPA_DESPLEGADA,JUGADOR_2,82,EstrategiaAleatoria,EstrategiaAgresiva,1,0,P.E.K.K.A|Valquiria|Mago|Caballero,Bárbaros|Mago|Príncipe|Mago de Hielo,JUGADOR_2,Valquiria,4,0,10,,,,,
partida_69,54,TROPA_DESPLEGADA,JUGADOR_2,82,EstrategiaAleatoria,EstrategiaAgresiva,0,2,P.E.K.K.A|Valquiria|Mago|Mosquetera,Bárbaros|Mago|Príncipe|Mago de Hielo,JUGADOR_1,Caballero,3,5,7,,,,,
partida_69,57,TROPA_DESPLEGADA,JUGADOR_2,82,EstrategiaAleatoria,EstrategiaAgresiva,1,0,P.E.K.K.A|Valquiria|Mago|Mosquetera,Bárbaros|Mago|Príncipe|Ejército de Esqueletos,JUGADOR_2,Mago de Hielo,3,0,10,,,,,
partida_69,66,TROPA_DESPLEGADA,JUGADOR_2,82,EstrategiaAleatoria,EstrategiaAgresiva,0,3,P.E.K.K.A|Valquiria|Mago|Mini P.E.K.K.A,Bárbaros|Mago|Príncipe|Ejército de Esqueletos,JUGADOR_1,Mosquetera,4,10,18,,,,,
partida_69,66,TROPA_DESPLEGADA,JUGADOR_2,82,EstrategiaAleatoria,EstrategiaAgresiva,0,0,P.E.K.K.A|Valquiria|Mago|Mini P.E.K.K.A,Bárbaros|Mago|Príncipe|Mosquetera,JUGADOR_2,Ejército de Esqueletos,3,0,10,,,,,
partida_69,78,TROPA_DESPLEGADA,JUGADOR_2,82,EstrategiaAleatoria,EstrategiaAgresiva,0,4,P.E.K.K.A|Valquiria|Mago|Ejército de Esqueletos,Bárbaros|Mago|Príncipe|Mosquetera,JUGADOR_1,Mini P.E.K.K.A,4,17,0,,,,,
partida_69,78,TROPA_DESPLEGADA,JUGADOR_2,82,EstrategiaAleatoria,EstrategiaAgresiva,0,0,P.E.K.K.A|Valquiria|Mago|Ejército de Esqueletos,Bárbaros|Mago|Príncipe|Arqueras,JUGADOR_2,Mosquetera,4,0,10,,,,,
partida_69,82,PARTIDA_TERMINADA,JUGADOR_2,82,EstrategiaAleatoria,EstrategiaAgresiva,1,1,P.E.K.K.A|Valquiria|Mago|Ejército de Esqueletos,Bárbaros|Mago|Príncipe|Arqueras,,,,,,,,,,
partida_70,1,TROPA_DESPLEGADA,JUGADOR_2,180,EstrategiaMenorCosto,EstrategiaDefensiva,2,5,Príncipe|Gigante|P.E.K.K.A|Mosquetera,Mini P.E.K.K.A|Príncipe|P.E.K.K.A|Valquiria,JUGADOR_1,Arqueras,3,14,0,,,,,
partida_70,1,TROPA_DESPLEGADA,JUGADOR_2,180,EstrategiaMenorCosto,EstrategiaDefensiva,2,0,Príncipe|Gigante|P.E.K.K.A|Mosquetera,Mini P.E.K.K.A|P.E.K.K.A|Valquiria|Mosquetera,JUGADOR_2,Príncipe,5,6,28,,,,,
partida_70,6,TROPA_DESPLEGADA,JUGADOR_2,180,EstrategiaMenorCosto,EstrategiaDefensiva,0,2,Príncipe|Gigante|P.E.K.K.A|Ejército de Esqueletos,Mini P.E.K.K.A|P.E.K.K.A|Valquiria|Mosquetera,JUGADOR_1,Mosquetera,4,16,9,,,,,
partida_70,15,TROPA_DESPLEGADA,JUGADOR_2,180,EstrategiaMenorCosto,EstrategiaDefensiva,0,5,Príncipe|Gigante|P.E.K.K.A|Caballero,Mini P.E.K.K.A|P.E.K.K.A|Valquiria|Mosquetera,JUGADOR_1,Ejército de Esqueletos,3,17,3,,,,,
partida_70,15,TROPA_DESPLEGADA,JUGADOR_2,180,EstrategiaMenorCosto,EstrategiaDefensiva,0,1,Príncipe|Gigante|P.E.K.K.A|Caballero,Mini P.E.K.K.A|P.E.K.K.A|Mosquetera|Gigante,JUGADOR_2,Valquiria,4,6,28,,,,,
partida_70,24,TROPA_DESPLEGADA,JUGADOR_2,180,EstrategiaMenorCosto,EstrategiaDefensiva,0,4,Príncipe|Gigante|P.E.K.K.A|Bárbaros,Mini P.E.K.K.A|P.E.K.K.A|Mosquetera|Gigante,JUGADOR_1,Caballero,3,9,9,,,,,
partida_70,27,TROPA_DESPLEGADA,JUGADOR_2,180,EstrategiaMenorCosto,EstrategiaDefensiva,1,0,Príncipe|Gigante|P.E.K.K.A|Bárbaros,Mini P.E.K.K.A|P.E.K.K.A|Mosquetera|Mago de Hielo,JUGADOR_2,Gigante,5,6,28,,,,,
partida_70,39,TROPA_DESPLEGADA,JUGADOR_2,180,EstrategiaMenorCosto,EstrategiaDefensiva,0,4,Gigante|P.E.K.K.A|Bárbaros|Arqueras,Mini P.E.K.K.A|P.E.K.K.A|Mosquetera|Mago de Hielo,JUGADOR_1,Príncipe,5,10,11,,,,,
partida_70,42,TROPA_DESPLEGADA,JUGADOR_2,180,EstrategiaMenorCosto,EstrategiaDefensiva,1,1,Gigante|P.E.K.K.A|Bárbaros|Arqueras,P.E.K.K.A|Mosquetera|Mago de Hielo|Arqueras,JUGADOR_2,Mini P.E.K.K.A,4,6,28,,,,,
partida_70,49,TROPA_DESPLEGADA,JUGADOR_2,180,EstrategiaMenorCosto,EstrategiaDefensiva,0,3,Gigante|P.E.K.K.A|Bárbaros|Mosquetera,P.E.K.K.A|Mosquetera|Mago de Hielo|Arqueras,JUGADOR_1,Arqueras,3,15,8,,,,,
partida_70,55,TROPA_DESPLEGADA,JUGADOR_2,180,EstrategiaMenorCosto,EstrategiaDefensiva,2,2,Gigante|P.E.K.K.A|Bárbaros|Mosquetera,P.E.K.K.A|Mosquetera|Arqueras|Príncipe,JUGADOR_2,Mago de Hielo,3,6,28,,,,,
partida_70,63,TROPA_DESPLEGADA,JUGADOR_2,180,EstrategiaMenorCosto,EstrategiaDefensiva,1,5,Gigante|P.E.K.K.A|Bárbaros|Ejército de Esqueletos,P.E.K.K.A|Mosquetera|Arqueras|Príncipe,JUGADOR_1,Mosquetera,4,5,13,,,,,
partida_70,65,TROPA_DESPLEGADA,JUGADOR_2,180,EstrategiaMenorCosto,EstrategiaDefensiva,1,0,Gigante|P.E.K.K.A|Bárbaros|Ejército de Esqueletos,P.E.K.K.A|Mosquetera|Arqueras|Valquiria,JUGADOR_2,Príncipe,5,6,28,,,,,
partida_70,70,TROPA_DESPLEGADA,JUGADOR_2,180,EstrategiaMenorCosto,EstrategiaDefensiva,0,2,Gigante|P.E.K.K.A|Bárbaros|Caballero,P.E.K.K.A|Mosquetera|Arqueras|Valquiria,JUGADOR_1,Ejército de Esqueletos,3,4,2,,,,,
partida_70,78,TROPA_DESPLEGADA,JUGADOR_2,180,EstrategiaMenorCosto,EstrategiaDefensiva,0,5,Gigante|P.E.K.K.A|Bárbaros|Príncipe,P.E.K.K.A|Mosquetera|Arqueras|Valquiria,JUGADOR_1,Caballero,3,5,0,,,,,
partida_70,79,TROPA_DESPLEGADA,JUGADOR_2,180,EstrategiaMenorCosto,EstrategiaDefensiva,0,1,Gigante|P.E.K.K.A|Bárbaros|Príncipe,P.E.K.K.A|Mosquetera|Arqueras|Gigante,JUGADOR_2,Valquiria,4,6,28,,,,,
partida_70,93,TROPA_DESPLEGADA,JUGADOR_2,180,EstrategiaMenorCosto,EstrategiaDefensiva,0,6,P.E.K.K.A|Bárbaros|Príncipe|Arqueras,P.E.K.K.A|Mosquetera|Arqueras|Gigante,JUGADOR_1,Gigante,5,2,10,,,,,
partida_70,93,TROPA_DESPLEGADA,JUGADOR_2,180,EstrategiaMenorCosto,EstrategiaDefensiva,0,1,P.E.K.K.A|Bárbaros|Príncipe|Arqueras,P.E.K.K.A|Mosquetera|Arqueras|Mini P.E.K.K.A,JUGADOR_2,Gigante,5,6,28,,,,,
partida_70,102,TROPA_DESPLEGADA,JUGADOR_2,180,EstrategiaMenorCosto,EstrategiaDefensiva,0,4,P.E.K.K.A|Bárbaros|Príncipe|Mosquetera,P.E.K.K.A|Mosquetera|Arqueras|Mini P.E.K.K.A,JUGADOR_1,Arqueras,3,0,6,,,,,
partida_70,105,TROPA_DESPLEGADA,JUGADOR_2,180,EstrategiaMenorCosto,EstrategiaDefensiva,1,1,P.E.K.K.A|Bárbaros|Príncipe|Mosquetera,P.E.K.K.A|Mosquetera|Arqueras|Mago de Hielo,JUGADOR_2,Mini P.E.K.K.A,4,6,28,,,,,
partida_70,117,TROPA_DESPLEGADA,JUGADOR_2,180,EstrategiaMenorCosto,EstrategiaDefensiva,1,5,P.E.K.K.A|Bárbaros|Príncipe|Ejército de Esqueletos,P.E.K.K.A|Mosquetera|Arqueras|Mago de Hielo,JUGADOR_1,Mosquetera,4,3,14,,,,,
partida_70,117,TROPA_DESPLEGADA,JUGADOR_2,180,EstrategiaMenorCosto,EstrategiaDefensiva,1,2,P.E.K.K.A|Bárbaros|Príncipe|Ejército de Esqueletos,P.E.K.K.A|Mosquetera|Arqueras|Príncipe,JUGADOR_2,Mago de Hielo,3,6,28,,,,,
partida_70,123,TROPA_DESPLEGADA,JUGADOR_2,180,EstrategiaMenorCosto,EstrategiaDefensiva,0,4,P.E.K.K.A|Bárbaros|Príncipe|Caballero,P.E.K.K.A|Mosquetera|Arqueras|Príncipe,JUGADOR_1,Ejército de Esqueletos,3,10,0,,,,,
partida_70,127,TROPA_DESPLEGADA,JUGADOR_2,180,EstrategiaMenorCosto,EstrategiaDefensiva,1,0,P.E.K.K.A|Bárbaros|Príncipe|Caballero,P.E.K.K.A|Mosquetera|Arqueras|Valquiria,JUGADOR_2,Príncipe,5,6,28,,,,,
partida_70,132,TROPA_DESPLEGADA,JUGADOR_2,180,EstrategiaMenorCosto,EstrategiaDefensiva,0,2,P.E.K.K.A|Bárbaros|Príncipe|Gigante,P.E.K.K.A|Mosquetera|Arqueras|Valquiria,JUGADOR_1,Caballero,3,9,5,,,,,
partida_70,142,TROPA_DESPLEGADA,JUGADOR_2,180,EstrategiaMenorCosto,EstrategiaDefensiva,3,1,P.E.K.K.A|Bárbaros|Príncipe|Gigante,P.E.K.K.A|Mosquetera|Arqueras|Gigante,JUGADOR_2,Valquiria,4,6,28,,,,,
partida_70,147,TROPA_DESPLEGADA,JUGADOR_2,180,EstrategiaMenorCosto,EstrategiaDefensiva,0,3,P.E.K.K.A|Príncipe|Gigante|Arqueras,P.E.K.K.A|Mosquetera|Arqueras|Gigante,JUGADOR_1,Bárbaros,5,8,9,,,,,
partida_70,156,TROPA_DESPLEGADA,JUGADOR_2,180,EstrategiaMenorCosto,EstrategiaDefensiva,0,6,P.E.K.K.A|Príncipe|Gigante|Mosquetera,P.E.K.K.A|Mosquetera|Arqueras|Gigante,JUGADOR_1,Arqueras,3,2,1,,,,,
partida_70,157,TROPA_DESPLEGADA,JUGADOR_2,180,EstrategiaMenorCosto,EstrategiaDefensiva,0,1,P.E.K.K.A|Príncipe|Gigante|Mosquetera,P.E.K.K.A|Mosquetera|Arqueras|Mini P.E.K.K.A,JUGADOR_2,Gigante,5,6,28,,,,,
partida_70,168,TROPA_DESPLEGADA,JUGADOR_2,180,EstrategiaMenorCosto,EstrategiaDefensiva,0,5,P.E.K.K.A|Príncipe|Gigante|Ejército de Esqueletos,P.E.K.K.A|Mosquetera|Arqueras|Mini P.E.K.K.A,JUGADOR_1,Mosquetera,4,5,6,,,,,
partida_70,168,TROPA_DESPLEGADA,JUGADOR_2,180,EstrategiaMenorCosto,EstrategiaDefensiva,0,1,P.E.K.K.A|Príncipe|Gigante|Ejército de Esqueletos,P.E.K.K.A|Mosquetera|Arqueras|Mago de Hielo,JUGADOR_2,Mini P.E.K.K.A,4,6,28,,,,,
partida_70,177,TROPA_DESPLEGADA,JUGADOR_2,180,EstrategiaMenorCosto,EstrategiaDefensiva,0,4,P.E.K.K.A|Príncipe|Gigante|Caballero,P.E.K.K.A|Mosquetera|Arqueras|Mago de Hielo,JUGADOR_1,Ejército de Esqueletos,3,16,9,,,,,
partida_70,180,PARTIDA_TERMINADA,JUGADOR_2,180,EstrategiaMenorCosto,EstrategiaDefensiva,1,5,P.E.K.K.A|Príncipe|Gigante|Caballero,P.E.K.K.A|Mosquetera|Arqueras|Mago de Hielo,,,,,,,,,,
partida_71,1,TROPA_DESPLEGADA,JUGADOR_2,73,EstrategiaAgresiva,EstrategiaAleatoria,0,5,Bárbaros|Mago de Hielo|Arqueras|Príncipe,Mosquetera|Mago de Hielo|Bárbaros|Arqueras,JUGADOR_1,Mago,5,0,14,,,,,
partida_71,1,TROPA_DESPLEGADA,JUGADOR_2,73,EstrategiaAgresiva,EstrategiaAleatoria,0,2,Bárbaros|Mago de Hielo|Arqueras|Príncipe,Mosquetera|Bárbaros|Arqueras|Príncipe,JUGADOR_2,Mago de Hielo,3,14,28,,,,,
partida_71,3,TROPA_DESPLEGADA,JUGADOR_2,73,EstrategiaAgresiva,EstrategiaAleatoria,1,0,Bárbaros|Mago de Hielo|Arqueras|Príncipe,Mosquetera|Bárbaros|Príncipe|Mago,JUGADOR_2,Arqueras,3,2,21,,,,,
partida_71,9,TROPA_DESPLEGADA,JUGADOR_2,73,EstrategiaAgresiva,EstrategiaAleatoria,0,2,Bárbaros|Arqueras|Príncipe|Valquiria,Mosquetera|Bárbaros|Príncipe|Mago,JUGADOR_1,Mago de Hielo,3,0,14,,,,,
partida_71,16,TROPA_DESPLEGADA,JUGADOR_2,73,EstrategiaAgresiva,EstrategiaAleatoria,2,0,Bárbaros|Arqueras|Príncipe|Valquiria,Bárbaros|Príncipe|Mago|Ejército de Esqueletos,JUGADOR_2,Mosquetera,4,12,30,,,,,
partida_71,18,TROPA_DESPLEGADA,JUGADOR_2,73,EstrategiaAgresiva,EstrategiaAleatoria,0,1,Bárbaros|Príncipe|Valquiria|Caballero,Bárbaros|Príncipe|Mago|Ejército de Esqueletos,JUGADOR_1,Arqueras,3,0,14,,,,,
partida_71,24,TROPA_DESPLEGADA,JUGADOR_2,73,EstrategiaAgresiva,EstrategiaAleatoria,2,0,Bárbaros|Príncipe|Valquiria|Caballero,Bárbaros|Príncipe|Mago|Mini P.E.K.K.A,JUGADOR_2,Ejército de Esqueletos,3,2,18,,,,,
partida_71,27,TROPA_DESPLEGADA,JUGADOR_2,73,EstrategiaAgresiva,EstrategiaAleatoria,0,1,Bárbaros|Príncipe|Valquiria|Mini P.E.K.K.A,Bárbaros|Príncipe|Mago|Mini P.E.K.K.A,JUGADOR_1,Caballero,3,0,14,,,,,
partida_71,37,TROPA_DESPLEGADA,JUGADOR_2,73,EstrategiaAgresiva,EstrategiaAleatoria,3,0,Bárbaros|Príncipe|Valquiria|Mini P.E.K.K.A,Bárbaros|Príncipe|Mago|Mago de Hielo,JUGADOR_2,Mini P.E.K.K.A,4,16,18,,,,,
partida_71,39,TROPA_DESPLEGADA,JUGADOR_2,73,EstrategiaAgresiva,EstrategiaAleatoria,0,1,Bárbaros|Príncipe|Valquiria|Mago,Bárbaros|Príncipe|Mago|Mago de Hielo,JUGADOR_1,Mini P.E.K.K.A,4,0,14,,,,,
partida_71,45,TROPA_DESPLEGADA,JUGADOR_2,73,EstrategiaAgresiva,EstrategiaAleatoria,2,0,Bárbaros|Príncipe|Valquiria|Mago,Bárbaros|Príncipe|Mago|Arqueras,JUGADOR_2,Mago de Hielo,3,6,27,,,,,
partida_71,51,TROPA_DESPLEGADA,JUGADOR_2,73,EstrategiaAgresiva,EstrategiaAleatoria,0,2,Bárbaros|Príncipe|Mago|Mago de Hielo,Bárbaros|Príncipe|Mago|Arqueras,JUGADOR_1,Valquiria,4,0,14,,,,,
partida_71,54,TROPA_DESPLEGADA,JUGADOR_2,73,EstrategiaAgresiva,EstrategiaAleatoria,1,0,Bárbaros|Príncipe|Mago|Mago de Hielo,Bárbaros|Príncipe|Mago|Mosquetera,JUGADOR_2,Arqueras,3,11,24,,,,,
partida_71,60,TROPA_DESPLEGADA,JUGADOR_2,73,EstrategiaAgresiva,EstrategiaAleatoria,0,2,Bárbaros|Príncipe|Mago|Arqueras,Bárbaros|Príncipe|Mago|Mosquetera,JUGADOR_1,Mago de Hielo,3,0,21,,,,,
partida_71,68,TROPA_DESPLEGADA,JUGADOR_2,73,EstrategiaAgresiva,EstrategiaAleatoria,2,0,Bárbaros|Príncipe|Mago|Arqueras,Bárbaros|Príncipe|Mago|Ejército de Esqueletos,JUGADOR_2,Mosquetera,4,1,11,,,,,
partida_71,70,TROPA_DESPLEGADA,JUGADOR_2,73,EstrategiaAgresiva,EstrategiaAleatoria,0,1,Bárbaros|Príncipe|Mago|Caballero,Bárbaros|Príncipe|Mago|Ejército de Esqueletos,JUGADOR_1,Arqueras,3,0,21,,,,,
partida_71,73,PARTIDA_TERMINADA,JUGADOR_2,73,EstrategiaAgresiva,EstrategiaAleatoria,1,2,Bárbaros|Príncipe|Mago|Caballero,Bárbaros|Príncipe|Mago|Ejército de Esqueletos,,,,,,,,,,
partida_72,1,TROPA_DESPLEGADA,JUGADOR_1,120,EstrategiaAgresiva,EstrategiaAleatoria,0,5,Caballero|Ejército de Esqueletos|Mago|P.E.K.K.A,Caballero|Ejército de Esqueletos|Príncipe|Bárbaros,JUGADOR_1,Príncipe,5,0,14,,,,,
partida_72,2,TROPA_DESPLEGADA,JUGADOR_1,120,EstrategiaAgresiva,EstrategiaAleatoria,0,2,Caballero|Ejército de Esqueletos|Mago|P.E.K.K.A,Ejército de Esqueletos|Príncipe|Bárbaros|Mago,JUGADOR_2,Caballero,3,5,31,,,,,
partida_72,3,TROPA_DESPLEGADA,JUGADOR_1,120,EstrategiaAgresiva,EstrategiaAleatoria,1,0,Caballero|Ejército de Esqueletos|Mago|P.E.K.K.A,Príncipe|Bárbaros|Mago|Mini P.E.K.K.A,JUGADOR_2,Ejército de Esqueletos,3,10,23,,,,,
partida_72,9,TROPA_DESPLEGADA,JUGADOR_1,120,EstrategiaAgresiva,EstrategiaAleatoria,0,2,Ejército de Esqueletos|Mago|P.E.K.K.A|Valquiria,Príncipe|Bárbaros|Mago|Mini P.E.K.K.A,JUGADOR_1,Caballero,3,0,14,,,,,
partida_72,16,TROPA_DESPLEGADA,JUGADOR_1,120,EstrategiaAgresiva,EstrategiaAleatoria,2,0,Ejército de Esqueletos|Mago|P.E.K.K.A|Valquiria,Príncipe|Bárbaros|Mago|Gigante,JUGADOR_2,Mini P.E.K.K.A,4,2,17,,,,,
partida_72,18,TROPA_DESPLEGADA,JUGADOR_1,120,EstrategiaAgresiva,EstrategiaAleatoria,0,1,Mago|P.E.K.K.A|Valquiria|Mago de Hielo,Príncipe|Bárbaros|Mago|Gigante,JUGADOR_1,Ejército de Esqueletos,3,0,14,,,,,
partida_72,27,TROPA_DESPLEGADA,JUGADOR_1,120,EstrategiaAgresiva,EstrategiaAleatoria,0,4,Mago|P.E.K.K.A|Valquiria|Mini P.E.K.K.A,Príncipe|Bárbaros|Mago|Gigante,JUGADOR_1,Mago de Hielo,3,0,14,,,,,
partida_72,31,TROPA_DESPLEGADA,JUGADOR_1,120,EstrategiaAgresiva,EstrategiaAleatoria,1,0,Mago|P.E.K.K.A|Valquiria|Mini P.E.K.K.A,Príncipe|Bárbaros|Gigante|Arqueras,JUGADOR_2,Mago,5,8,21,,,,,
partida_72,39,TROPA_DESPLEGADA,JUGADOR_1,120,EstrategiaAgresiva,EstrategiaAleatoria,0,3,Mago|P.E.K.K.A|Valquiria|Príncipe,Príncipe|Bárbaros|Gigante|Arqueras,JUGADOR_1,Mini P.E.K.K.A,4,0,14,,,,,
partida_72,44,TROPA_DESPLEGADA,JUGADOR_1,120,EstrategiaAgresiva,EstrategiaAleatoria,1,1,Mago|P.E.K.K.A|Valquiria|Príncipe,Príncipe|Bárbaros|Gigante|Caballero,JUGADOR_2,Arqueras,3,16,31,,,,,
partida_72,49,TROPA_DESPLEGADA,JUGADOR_1,120,EstrategiaAgresiva,EstrategiaAleatoria,3,0,Mago|P.E.K.K.A|Valquiria|Príncipe,Príncipe|Bárbaros|Gigante|Ejército de Esqueletos,JUGADOR_2,Caballero,3,1,17,,,,,
partida_72,51,TROPA_DESPLEGADA,JUGADOR_1,120,EstrategiaAgresiva,EstrategiaAleatoria,0,1,Mago|P.E.K.K.A|Príncipe|Caballero,Príncipe|Bárbaros|Gigante|Ejército de Esqueletos,JUGADOR_1,Valquiria,4,0,14,,,,,
partida_72,60,TROPA_DESPLEGADA,JUGADOR_1,120,EstrategiaAgresiva,EstrategiaAleatoria,0,4,Mago|P.E.K.K.A|Príncipe|Ejército de Esqueletos,Príncipe|Bárbaros|Gigante|Ejército de Esqueletos,JUGADOR_1,Caballero,3,0,21,,,,,
partida_72,62,TROPA_DESPLEGADA,JUGADOR_1,120,EstrategiaAgresiva,EstrategiaAleatoria,0,1,Mago|P.E.K.K.A|Príncipe|Ejército de Esqueletos,Príncipe|Bárbaros|Gigante|Mini P.E.K.K.A,JUGADOR_2,Ejército de Esqueletos,3,9,25,,,,,
partida_72,69,TROPA_DESPLEGADA,JUGADOR_1,120,EstrategiaAgresiva,EstrategiaAleatoria,0,4,Mago|P.E.K.K.A|Príncipe|Mago de Hielo,Príncipe|Bárbaros|Gigante|Mini P.E.K.K.A,JUGADOR_1,Ejército de Esqueletos,3,0,21,,,,,
partida_72,69,TROPA_DESPLEGADA,JUGADOR_1,120,EstrategiaAgresiva,EstrategiaAleatoria,0,0,Mago|P.E.K.K.A|Príncipe|Mago de Hielo,Príncipe|Bárbaros|Gigante|Mago,JUGADOR_2,Mini P.E.K.K.A,4,17,20,,,,,
partida_72,78,TROPA_DESPLEGADA,JUGADOR_1,120,EstrategiaAgresiva,EstrategiaAleatoria,0,3,Mago|P.E.K.K.A|Príncipe|Mini P.E.K.K.A,Príncipe|Bárbaros|Gigante|Mago,JUGADOR_1,Mago de Hielo,3,0,21,,,,,
partida_72,84,TROPA_DESPLEGADA,JUGADOR_1,120,EstrategiaAgresiva,EstrategiaAleatoria,2,0,Mago|P.E.K.K.A|Príncipe|Mini P.E.K.K.A,Príncipe|Bárbaros|Gigante|Arqueras,JUGADOR_2,Mago,5,0,26,,,,,
partida_72,90,TROPA_DESPLEGADA,JUGADOR_1,120,EstrategiaAgresiva,EstrategiaAleatoria,0,2,Mago|P.E.K.K.A|Príncipe|Valquiria,Príncipe|Bárbaros|Gigante|Arqueras,JUGADOR_1,Mini P.E.K.K.A,4,0,21,,,,,
partida_72,93,TROPA_DESPLEGADA,JUGADOR_1,120,EstrategiaAgresiva,EstrategiaAleatoria,1,0,Mago|P.E.K.K.A|Príncipe|Valquiria,Príncipe|Bárbaros|Gigante|Caballero,JUGADOR_2,Arqueras,3,10,17,,,,,
partida_72,102,TROPA_DESPLEGADA,JUGADOR_1,120,EstrategiaAgresiva,EstrategiaAleatoria,0,3,Mago|P.E.K.K.A|Príncipe|Caballero,Príncipe|Bárbaros|Gigante|Caballero,JUGADOR_1,Valquiria,4,0,21,,,,,
partida_72,104,TROPA_DESPLEGADA,JUGADOR_1,120,EstrategiaAgresiva,EstrategiaAleatoria,0,0,Mago|P.E.K.K.A|Príncipe|Caballero,Príncipe|Bárbaros|Gigante|Ejército de Esqueletos,JUGADOR_2,Caballero,3,12,18,,,,,
partida_72,111,TROPA_DESPLEGADA,JUGADOR_1,120,EstrategiaAgresiva,EstrategiaAleatoria,3,0,Mago|P.E.K.K.A|Príncipe|Caballero,Príncipe|Bárbaros|Gigante|Mini P.E.K.K.A,JUGADOR_2,Ejército de Esqueletos,3,8,23,,,,,
partida_72,112,TROPA_DESPLEGADA,JUGADOR_1,120,EstrategiaAgresiva,EstrategiaAleatoria,0,0,Mago|P.E.K.K.A|Príncipe|Ejército de Esqueletos,Príncipe|Bárbaros|Gigante|Mini P.E.K.K.A,JUGADOR_1,Caballero,3,0,21,,,,,
partida_72,120,TROPA_DESPLEGADA,JUGADOR_1,120,EstrategiaAgresiva,EstrategiaAleatoria,0,3,Mago|P.E.K.K.A|Príncipe|Mago de Hielo,Príncipe|Bárbaros|Gigante|Mini P.E.K.K.A,JUGADOR_1,Ejército de Esqueletos,3,0,21,,,,,
partida_72,120,PARTIDA_TERMINADA,JUGADOR_1,120,EstrategiaAgresiva,EstrategiaAleatoria,0,3,Mago|P.E.K.K.A|Príncipe|Mago de Hielo,Príncipe|Bárbaros|Gigante|Mini P.E.K.K.A,,,,,,,,,,
partida_73,1,TROPA_DESPLEGADA,JUGADOR_1,66,EstrategiaAgresiva,EstrategiaDefensiva,0,5,Gigante|Mago de Hielo|Bárbaros|Mosquetera,Gigante|Valquiria|P.E.K.K.A|Ejército de Esqueletos,JUGADOR_1,Príncipe,5,0,14,,,,,
partida_73,1,TROPA_DESPLEGADA,JUGADOR_1,66,EstrategiaAgresiva,EstrategiaDefensiva,0,0,Gigante|Mago de Hielo|Bárbaros|Mosquetera,Valquiria|P.E.K.K.A|Ejército de Esqueletos|Mini P.E.K.K.A,JUGADOR_2,Gigante,5,6,28,,,,,
partida_73,9,TROPA_DESPLEGADA,JUGADOR_1,66,EstrategiaAgresiva,EstrategiaDefensiva,0,3,Gigante|Bárbaros|Mosquetera|Ejército de Esqueletos,Valquiria|P.E.K.K.A|Ejército de Esqueletos|Mini P.E.K.K.A,JUGADOR_1,Mago de Hielo,3,0,14,,,,,
partida_73,17,TROPA_DESPLEGADA,JUGADOR_1,66,EstrategiaAgresiva,EstrategiaDefensiva,2,1,Gigante|Bárbaros|Mosquetera|Ejército de Esqueletos,P.E.K.K.A|Ejército de Esqueletos|Mini P.E.K.K.A|Mago,JUGADOR_2,Valquiria,4,6,28,,,,,
partida_73,18,TROPA_DESPLEGADA,JUGADOR_1,66,EstrategiaAgresiva,EstrategiaDefensiva,0,2,Gigante|Bárbaros|Mosquetera|Mago,P.E.K.K.A|Ejército de Esqueletos|Mini P.E.K.K.A|Mago,JUGADOR_1,Ejército de Esqueletos,3,0,14,,,,,
partida_73,27,TROPA_DESPLEGADA,JUGADOR_1,66,EstrategiaAgresiva,EstrategiaDefensiva,3,1,Gigante|Bárbaros|Mosquetera|Mago,P.E.K.K.A|Ejército de Esqueletos|Mago|Mosquetera,JUGADOR_2,Mini P.E.K.K.A,4,6,28,,,,,
partida_73,30,TROPA_DESPLEGADA,JUGADOR_1,66,EstrategiaAgresiva,EstrategiaDefensiva,0,2,Gigante|Bárbaros|Mago|Mini P.E.K.K.A,P.E.K.K.A|Ejército de Esqueletos|Mago|Mosquetera,JUGADOR_1,Mosquetera,4,0,21,,,,,
partida_73,40,TROPA_DESPLEGADA,JUGADOR_1,66,EstrategiaAgresiva,EstrategiaDefensiva,3,0,Gigante|Bárbaros|Mago|Mini P.E.K.K.A,P.E.K.K.A|Ejército de Esqueletos|Mosquetera|Mago de Hielo,JUGADOR_2,Mago,5,6,28,,,,,
partida_73,42,TROPA_DESPLEGADA,JUGADOR_1,66,EstrategiaAgresiva,EstrategiaDefensiva,0,1,Gigante|Bárbaros|Mago|Príncipe,P.E.K.K.A|Ejército de Esqueletos|Mosquetera|Mago de Hielo,JUGADOR_1,Mini P.E.K.K.A,4,0,21,,,,,
partida_73,55,TROPA_DESPLEGADA,JUGADOR_1,66,EstrategiaAgresiva,EstrategiaDefensiva,4,2,Gigante|Bárbaros|Mago|Príncipe,P.E.K.K.A|Ejército de Esqueletos|Mosquetera|Gigante,JUGADOR_2,Mago de Hielo,3,6,28,,,,,
partida_73,57,TROPA_DESPLEGADA,JUGADOR_1,66,EstrategiaAgresiva,EstrategiaDefensiva,0,3,Gigante|Bárbaros|Mago|Mago de Hielo,P.E.K.K.A|Ejército de Esqueletos|Mosquetera|Gigante,JUGADOR_1,Príncipe,5,0,21,,,,,
partida_73,63,TROPA_DESPLEGADA,JUGADOR_1,66,EstrategiaAgresiva,EstrategiaDefensiva,2,0,Gigante|Bárbaros|Mago|Mago de Hielo,P.E.K.K.A|Ejército de Esqueletos|Mosquetera|Valquiria,JUGADOR_2,Gigante,5,8,26,,,,,
partida_73,66,PARTIDA_TERMINADA,JUGADOR_1,66,EstrategiaAgresiva,EstrategiaDefensiva,3,1,Gigante|Bárbaros|Mago|Mago de Hielo,P.E.K.K.A|Ejército de Esqueletos|Mosquetera|Valquiria,,,,,,,,,,
partida_74,1,TROPA_DESPLEGADA,JUGADOR_2,97,EstrategiaAleatoria,EstrategiaAleatoria,2,5,Valquiria|Príncipe|Gigante|Mini P.E.K.K.A,Ejército de Esqueletos|Caballero|Bárbaros|Mosquetera,JUGADOR_1,Caballero,3,6,4,,,,,
partida_74,5,TROPA_DESPLEGADA,JUGADOR_2,97,EstrategiaAleatoria,EstrategiaAleatoria,3,3,Valquiria|Príncipe|Gigante|Mini P.E.K.K.A,Caballero|Bárbaros|Mosquetera|Mago,JUGADOR_2,Ejército de Esqueletos,3,9,20,,,,,
partida_74,6,TROPA_DESPLEGADA,JUGADOR_2,97,EstrategiaAleatoria,EstrategiaAleatoria,4,1,Valquiria|Príncipe|Gigante|Mini P.E.K.K.A,Bárbaros|Mosquetera|Mago|Mago de Hielo,JUGADOR_2,Caballero,3,11,25,,,,,
partida_74,8,TROPA_DESPLEGADA,JUGADOR_2,97,EstrategiaAleatoria,EstrategiaAleatoria,0,1,Valquiria|Príncipe|Gigante|Mosquetera,Bárbaros|Mosquetera|Mago|Mago de Hielo,JUGADOR_1,Mini P.E.K.K.A,4,9,11,,,,,
partida_74,13,TROPA_DESPLEGADA,JUGADOR_2,97,EstrategiaAleatoria,EstrategiaAleatoria,2,0,Valquiria|Príncipe|Gigante|Mosquetera,Bárbaros|Mosquetera|Mago|Gigante,JUGADOR_2,Mago de Hielo,3,14,20,,,,,
partida_74,18,TROPA_DESPLEGADA,JUGADOR_2,97,EstrategiaAleatoria,EstrategiaAleatoria,0,2,Príncipe|Gigante|Mosquetera|Ejército de Esqueletos,Bárbaros|Mosquetera|Mago|Gigante,JUGADOR_1,Valquiria,4,0,7,,,,,
partida_74,24,TROPA_DESPLEGADA,JUGADOR_2,97,EstrategiaAleatoria,EstrategiaAleatoria,2,0,Príncipe|Gigante|Mosquetera|Ejército de Esqueletos,Bárbaros|Mago|Gigante|Mini P.E.K.K.A,JUGADOR_2,Mosquetera,4,13,18,,,,,
partida_74,27,TROPA_DESPLEGADA,JUGADOR_2,97,EstrategiaAleatoria,EstrategiaAleatoria,0,1,Príncipe|Gigante|Mosquetera|Mago,Bárbaros|Mago|Gigante|Mini P.E.K.K.A,JUGADOR_1,Ejército de Esqueletos,3,9,13,,,,,
partida_74,36,TROPA_DESPLEGADA,JUGADOR_2,97,EstrategiaAleatoria,EstrategiaAleatoria,3,0,Príncipe|Gigante|Mosquetera|Mago,Bárbaros|Mago|Gigante|Ejército de Esqueletos,JUGADOR_2,Mini P.E.K.K.A,4,6,24,,,,,
partida_74,40,TROPA_DESPLEGADA,JUGADOR_2,97,EstrategiaAleatoria,EstrategiaAleatoria,0,1,Príncipe|Gigante|Mago|Caballero,Bárbaros|Mago|Gigante|Ejército de Esqueletos,JUGADOR_1,Mosquetera,4,11,13,,,,,
partida_74,45,TROPA_DESPLEGADA,JUGADOR_2,97,EstrategiaAleatoria,EstrategiaAleatoria,2,0,Príncipe|Gigante|Mago|Caballero,Bárbaros|Mago|Gigante|Caballero,JUGADOR_2,Ejército de Esqueletos,3,10,31,,,,,
partida_74,49,TROPA_DESPLEGADA,JUGADOR_2,97,EstrategiaAleatoria,EstrategiaAleatoria,0,1,Príncipe|Gigante|Mago|Mini P.E.K.K.A,Bárbaros|Mago|Gigante|Caballero,JUGADOR_1,Caballero,3,16,13,,,,,
partida_74,55,TROPA_DESPLEGADA,JUGADOR_2,97,EstrategiaAleatoria,EstrategiaAleatoria,2,0,Príncipe|Gigante|Mago|Mini P.E.K.K.A,Bárbaros|Mago|Gigante|Mago de Hielo,JUGADOR_2,Caballero,3,17,20,,,,,
partida_74,61,TROPA_DESPLEGADA,JUGADOR_2,97,EstrategiaAleatoria,EstrategiaAleatoria,0,2,Príncipe|Gigante|Mago|Valquiria,Bárbaros|Mago|Gigante|Mago de Hielo,JUGADOR_1,Mini P.E.K.K.A,4,12,1,,,,,
partida_74,63,TROPA_DESPLEGADA,JUGADOR_2,97,EstrategiaAleatoria,EstrategiaAleatoria,1,0,Príncipe|Gigante|Mago|Valquiria,Bárbaros|Mago|Gigante|Mosquetera,JUGADOR_2,Mago de Hielo,3,11,17,,,,,
partida_74,73,TROPA_DESPLEGADA,JUGADOR_2,97,EstrategiaAleatoria,EstrategiaAleatoria,0,3,Príncipe|Gigante|Mago|Ejército de Esqueletos,Bárbaros|Mago|Gigante|Mosquetera,JUGADOR_1,Valquiria,4,9,7,,,,,
partida_74,75,TROPA_DESPLEGADA,JUGADOR_2,97,EstrategiaAleatoria,EstrategiaAleatoria,1,0,Príncipe|Gigante|Mago|Ejército de Esqueletos,Bárbaros|Mago|Gigante|Mini P.E.K.K.A,JUGADOR_2,Mosquetera,4,12,12,,,,,
partida_74,81,TROPA_DESPLEGADA,JUGADOR_2,97,EstrategiaAleatoria,EstrategiaAleatoria,0,2,Príncipe|Gigante|Mago|Mosquetera,Bárbaros|Mago|Gigante|Mini P.E.K.K.A,JUGADOR_1,Ejército de Esqueletos,3,7,7,,,,,
partida_74,88,TROPA_DESPLEGADA,JUGADOR_2,97,EstrategiaAleatoria,EstrategiaAleatoria,2,0,Príncipe|Gigante|Mago|Mosquetera,Bárbaros|Mago|Gigante|Ejército de Esqueletos,JUGADOR_2,Mini P.E.K.K.A,4,13,13,,,,,
partida_74,93,TROPA_DESPLEGADA,JUGADOR_2,97,EstrategiaAleatoria,EstrategiaAleatoria,0,2,Príncipe|Gigante|Mago|Caballero,Bárbaros|Mago|Gigante|Ejército de Esqueletos,JUGADOR_1,Mosquetera,4,13,8,,,,,
partida_74,97,PARTIDA_TERMINADA,JUGADOR_2,97,EstrategiaAleatoria,EstrategiaAleatoria,1,3,Príncipe|Gigante|Mago|Caballero,Bárbaros|Mago|Gigante|Ejército de Esqueletos,,,,,,,,,,
partida_75,1,TROPA_DESPLEGADA,JUGADOR_2,126,EstrategiaAleatoria,EstrategiaAgresiva,5,0,Príncipe|Gigante|Ejército de Esqueletos|Mini P.E.K.K.A,Ejército de Esqueletos|Mosquetera|Bárbaros|Valquiria,JUGADOR_2,Mago,5,0,17,,,,,
partida_75,4,TROPA_DESPLEGADA,JUGADOR_2,126,EstrategiaAleatoria,EstrategiaAgresiva,3,1,Príncipe|Gigante|Mini P.E.K.K.A|Caballero,Ejército de Esqueletos|Mosquetera|Bárbaros|Valquiria,JUGADOR_1,Ejército de Esqueletos,3,17,10,,,,,
partida_75,5,TROPA_DESPLEGADA,JUGADOR_2,126,EstrategiaAleatoria,EstrategiaAgresiva,0,1,Príncipe|Gigante|Mini P.E.K.K.A|Mago de Hielo,Ejército de Esqueletos|Mosquetera|Bárbaros|Valquiria,JUGADOR_1,Caballero,3,5,13,,,,,
partida_75,11,TROPA_DESPLEGADA,JUGADOR_2,126,EstrategiaAleatoria,EstrategiaAgresiva,2,0,Príncipe|Gigante|Mini P.E.K.K.A|Mago de Hielo,Mosquetera|Bárbaros|Valquiria|P.E.K.K.A,JUGADOR_2,Ejército de Esqueletos,3,0,17,,,,,
partida_75,13,TROPA_DESPLEGADA,JUGADOR_2,126,EstrategiaAleatoria,EstrategiaAgresiva,0,1,Príncipe|Gigante|Mini P.E.K.K.A|Valquiria,Mosquetera|Bárbaros|Valquiria|P.E.K.K.A,JUGADOR_1,Mago de Hielo,3,2,11,,,,,
partida_75,22,TROPA_DESPLEGADA,JUGADOR_2,126,EstrategiaAleatoria,EstrategiaAgresiva,3,0,Príncipe|Gigante|Mini P.E.K.K.A|Valquiria,Mosquetera|Bárbaros|P.E.K.K.A|Arqueras,JUGADOR_2,Valquiria,4,0,17,,,,,
partida_75,24,TROPA_DESPLEGADA,JUGADOR_2,126,EstrategiaAleatoria,EstrategiaAgresiva,0,1,Príncipe|Gigante|Mini P.E.K.K.A|P.E.K.K.A,Mosquetera|Bárbaros|P.E.K.K.A|Arqueras,JUGADOR_1,Valquiria,4,16,0,,,,,
partida_75,30,TROPA_DESPLEGADA,JUGADOR_2,126,EstrategiaAleatoria,EstrategiaAgresiva,2,0,Príncipe|Gigante|Mini P.E.K.K.A|P.E.K.K.A,Mosquetera|Bárbaros|P.E.K.K.A|Mini P.E.K.K.A,JUGADOR_2,Arqueras,3,0,17,,,,,
partida_75,37,TROPA_DESPLEGADA,JUGADOR_2,126,EstrategiaAleatoria,EstrategiaAgresiva,0,2,Príncipe|Gigante|P.E.K.K.A|Ejército de Esqueletos,Mosquetera|Bárbaros|P.E.K.K.A|Mini P.E.K.K.A,JUGADOR_1,Mini P.E.K.K.A,4,7,14,,,,,
partida_75,42,TROPA_DESPLEGADA,JUGADOR_2,126,EstrategiaAleatoria,EstrategiaAgresiva,2,0,Príncipe|Gigante|P.E.K.K.A|Ejército de Esqueletos,Mosquetera|Bárbaros|P.E.K.K.A|Mago,JUGADOR_2,Mini P.E.K.K.A,4,0,17,,,,,
partida_75,49,TROPA_DESPLEGADA,JUGADOR_2,126,EstrategiaAleatoria,EstrategiaAgresiva,1,2,Príncipe|Gigante|P.E.K.K.A|Caballero,Mosquetera|Bárbaros|P.E.K.K.A|Mago,JUGADOR_1,Ejército de Esqueletos,3,4,11,,,,,
partida_75,54,TROPA_DESPLEGADA,JUGADOR_2,126,EstrategiaAleatoria,EstrategiaAgresiva,3,0,Príncipe|Gigante|P.E.K.K.A|Caballero,Bárbaros|P.E.K.K.A|Mago|Ejército de Esqueletos,JUGADOR_2,Mosquetera,4,0,17,,,,,
partida_75,55,TROPA_DESPLEGADA,JUGADOR_2,126,EstrategiaAleatoria,EstrategiaAgresiva,0,0,Príncipe|Gigante|P.E.K.K.A|Mago de Hielo,Bárbaros|P.E.K.K.A|Mago|Ejército de Esqueletos,JUGADOR_1,Caballero,3,5,0,,,,,
partida_75,63,TROPA_DESPLEGADA,JUGADOR_2,126,EstrategiaAleatoria,EstrategiaAgresiva,0,3,Príncipe|Gigante|P.E.K.K.A|Valquiria,Bárbaros|P.E.K.K.A|Mago|Ejército de Esqueletos,JUGADOR_1,Mago de Hielo,3,16,13,,,,,
partida_75,64,TROPA_DESPLEGADA,JUGADOR_2,126,EstrategiaAleatoria,EstrategiaAgresiva,0,0,Príncipe|Gigante|P.E.K.K.A|Valquiria,Bárbaros|P.E.K.K.A|Mago|Valquiria,JUGADOR_2,Ejército de Esqueletos,3,0,17,,,,,
partida_75,75,TROPA_DESPLEGADA,JUGADOR_2,126,EstrategiaAleatoria,EstrategiaAgresiva,0,4,Príncipe|Gigante|P.E.K.K.A|Mini P.E.K.K.A,Bárbaros|P.E.K.K.A|Mago|Valquiria,JUGADOR_1,Valquiria,4,13,3,,,,,
partida_75,75,TROPA_DESPLEGADA,JUGADOR_2,126,EstrategiaAleatoria,EstrategiaAgresiva,0,0,Príncipe|Gigante|P.E.K.K.A|Mini P.E.K.K.A,Bárbaros|P.E.K.K.A|Mago|Arqueras,JUGADOR_2,Valquiria,4,0,17,,,,,
partida_75,84,TROPA_DESPLEGADA,JUGADOR_2,126,EstrategiaAleatoria,EstrategiaAgresiva,3,0,Príncipe|Gigante|P.E.K.K.A|Mini P.E.K.K.A,Bárbaros|P.E.K.K.A|Mago|Mini P.E.K.K.A,JUGADOR_2,Arqueras,3,0,10,,,,,
partida_75,87,TROPA_DESPLEGADA,JUGADOR_2,126,EstrategiaAleatoria,EstrategiaAgresiva,0,1,Príncipe|Gigante|P.E.K.K.A|Ejército de Esqueletos,Bárbaros|P.E.K.K.A|Mago|Mini P.E.K.K.A,JUGADOR_1,Mini P.E.K.K.A,4,14,0,,,,,
partida_75,96,TROPA_DESPLEGADA,JUGADOR_2,126,EstrategiaAleatoria,EstrategiaAgresiva,3,0,Príncipe|Gigante|P.E.K.K.A|Ejército de Esqueletos,Bárbaros|P.E.K.K.A|Mago|Mosquetera,JUGADOR_2,Mini P.E.K.K.A,4,0,10,,,,,
partida_75,99,TROPA_DESPLEGADA,JUGADOR_2,126,EstrategiaAleatoria,EstrategiaAgresiva,1,1,Príncipe|Gigante|P.E.K.K.A|Caballero,Bárbaros|P.E.K.K.A|Mago|Mosquetera,JUGADOR_1,Ejército de Esqueletos,3,10,7,,,,,
partida_75,105,TROPA_DESPLEGADA,JUGADOR_2,126,EstrategiaAleatoria,EstrategiaAgresiva,0,3,Príncipe|Gigante|P.E.K.K.A|Mago de Hielo,Bárbaros|P.E.K.K.A|Mago|Mosquetera,JUGADOR_1,Caballero,3,16,14,,,,,
partida_75,108,TROPA_DESPLEGADA,JUGADOR_2,126,EstrategiaAleatoria,EstrategiaAgresiva,1,0,Príncipe|Gigante|P.E.K.K.A|Mago de Hielo,Bárbaros|P.E.K.K.A|Mago|Ejército de Esqueletos,JUGADOR_2,Mosquetera,4,0,10,,,,,
partida_75,114,TROPA_DESPLEGADA,JUGADOR_2,126,EstrategiaAleatoria,EstrategiaAgresiva,0,2,Príncipe|Gigante|P.E.K.K.A|Valquiria,Bárbaros|P.E.K.K.A|Mago|Ejército de Esqueletos,JUGADOR_1,Mago de Hielo,3,13,9,,,,,
partida_75,117,TROPA_DESPLEGADA,JUGADOR_2,126,EstrategiaAleatoria,EstrategiaAgresiva,1,0,Príncipe|Gigante|P.E.K.K.A|Valquiria,Bárbaros|P.E.K.K.A|Mago|Valquiria,JUGADOR_2,Ejército de Esqueletos,3,0,10,,,,,
partida_75,126,PARTIDA_TERMINADA,JUGADOR_2,126,EstrategiaAleatoria,EstrategiaAgresiva,4,3,Príncipe|Gigante|P.E.K.K.A|Valquiria,Bárbaros|P.E.K.K.A|Mago|Valquiria,,,,,,,,,,
partida_76,1,TROPA_DESPLEGADA,JUGADOR_1,154,EstrategiaAgresiva,EstrategiaDefensiva,1,5,Bárbaros|Caballero|Arqueras|Mini P.E.K.K.A,Mosquetera|Mini P.E.K.K.A|Valquiria|Príncipe,JUGADOR_1,Valquiria,4,0,14,,,,,
partida_76,2,TROPA_DESPLEGADA,JUGADOR_1,154,EstrategiaAgresiva,EstrategiaDefensiva,1,0,Bárbaros|Caballero|Arqueras|Mini P.E.K.K.A,Mosquetera|Mini P.E.K.K.A|Valquiria|Caballero,JUGADOR_2,Príncipe,5,6,28,,,,,
partida_76,6,TROPA_DESPLEGADA,JUGADOR_1,154,EstrategiaAgresiva,EstrategiaDefensiva,0,2,Bárbaros|Arqueras|Mini P.E.K.K.A|Ejército de Esqueletos,Mosquetera|Mini P.E.K.K.A|Valquiria|Caballero,JUGADOR_1,Caballero,3,0,14,,,,,
partida_76,15,TROPA_DESPLEGADA,JUGADOR_1,154,EstrategiaAgresiva,EstrategiaDefensiva,0,5,Bárbaros|Arqueras|Mini P.E.K.K.A|Gigante,Mosquetera|Mini P.E.K.K.A|Valquiria|Caballero,JUGADOR_1,Ejército de Esqueletos,3,0,14,,,,,
partida_76,15,TROPA_DESPLEGADA,JUGADOR_1,154,EstrategiaAgresiva,EstrategiaDefensiva,0,1,Bárbaros|Arqueras|Mini P.E.K.K.A|Gigante,Mosquetera|Mini P.E.K.K.A|Caballero|Ejército de Esqueletos,JUGADOR_2,Valquiria,4,6,28,,,,,
partida_76,26,TROPA_DESPLEGADA,JUGADOR_1,154,EstrategiaAgresiva,EstrategiaDefensiva,0,4,Bárbaros|Mini P.E.K.K.A|Gigante|Mago de Hielo,Mosquetera|Mini P.E.K.K.A|Caballero|Ejército de Esqueletos,JUGADOR_1,Arqueras,3,0,14,,,,,
partida_76,28,TROPA_DESPLEGADA,JUGADOR_1,154,EstrategiaAgresiva,EstrategiaDefensiva,1,2,Bárbaros|Mini P.E.K.K.A|Gigante|Mago de Hielo,Mosquetera|Mini P.E.K.K.A|Ejército de Esqueletos|Bárbaros,JUGADOR_2,Caballero,3,6,28,,,,,
partida_76,34,TROPA_DESPLEGADA,JUGADOR_1,154,EstrategiaAgresiva,EstrategiaDefensiva,0,4,Bárbaros|Mini P.E.K.K.A|Gigante|Valquiria,Mosquetera|Mini P.E.K.K.A|Ejército de Esqueletos|Bárbaros,JUGADOR_1,Mago de Hielo,3,0,21,,,,,
partida_76,37,TROPA_DESPLEGADA,JUGADOR_1,154,EstrategiaAgresiva,EstrategiaDefensiva,1,1,Bárbaros|Mini P.E.K.K.A|Gigante|Valquiria,Mosquetera|Ejército de Esqueletos|Bárbaros|Arqueras,JUGADOR_2,Mini P.E.K.K.A,4,6,28,,,,,
partida_76,47,TROPA_DESPLEGADA,JUGADOR_1,154,EstrategiaAgresiva,EstrategiaDefensiva,0,4,Bárbaros|Gigante|Valquiria|Caballero,Mosquetera|Ejército de Esqueletos|Bárbaros|Arqueras,JUGADOR_1,Mini P.E.K.K.A,4,0,21,,,,,
partida_76,48,TROPA_DESPLEGADA,JUGADOR_1,154,EstrategiaAgresiva,EstrategiaDefensiva,1,1,Bárbaros|Gigante|Valquiria|Caballero,Ejército de Esqueletos|Bárbaros|Arqueras|Príncipe,JUGADOR_2,Mosquetera,4,6,28,,,,,
partida_76,56,TROPA_DESPLEGADA,JUGADOR_1,154,EstrategiaAgresiva,EstrategiaDefensiva,0,3,Bárbaros|Gigante|Valquiria|Ejército de Esqueletos,Ejército de Esqueletos|Bárbaros|Arqueras|Príncipe,JUGADOR_1,Caballero,3,0,21,,,,,
partida_76,61,TROPA_DESPLEGADA,JUGADOR_1,154,EstrategiaAgresiva,EstrategiaDefensiva,2,0,Bárbaros|Gigante|Valquiria|Ejército de Esqueletos,Ejército de Esqueletos|Bárbaros|Arqueras|Valquiria,JUGADOR_2,Príncipe,5,6,28,,,,,
partida_76,63,TROPA_DESPLEGADA,JUGADOR_1,154,EstrategiaAgresiva,EstrategiaDefensiva,0,1,Bárbaros|Gigante|Valquiria|Arqueras,Ejército de Esqueletos|Bárbaros|Arqueras|Valquiria,JUGADOR_1,Ejército de Esqueletos,3,0,21,,,,,
partida_76,72,TROPA_DESPLEGADA,JUGADOR_1,154,EstrategiaAgresiva,EstrategiaDefensiva,0,4,Bárbaros|Gigante|Valquiria|Mago de Hielo,Ejército de Esqueletos|Bárbaros|Arqueras|Valquiria,JUGADOR_1,Arqueras,3,0,21,,,,,
partida_76,79,TROPA_DESPLEGADA,JUGADOR_1,154,EstrategiaAgresiva,EstrategiaDefensiva,2,2,Bárbaros|Gigante|Valquiria|Mago de Hielo,Ejército de Esqueletos|Bárbaros|Arqueras|Caballero,JUGADOR_2,Valquiria,4,6,28,,,,,
partida_76,81,TROPA_DESPLEGADA,JUGADOR_1,154,EstrategiaAgresiva,EstrategiaDefensiva,0,3,Bárbaros|Gigante|Valquiria|Mini P.E.K.K.A,Ejército de Esqueletos|Bárbaros|Arqueras|Caballero,JUGADOR_1,Mago de Hielo,3,0,20,,,,,
partida_76,88,TROPA_DESPLEGADA,JUGADOR_1,154,EstrategiaAgresiva,EstrategiaDefensiva,2,2,Bárbaros|Gigante|Valquiria|Mini P.E.K.K.A,Ejército de Esqueletos|Bárbaros|Arqueras|Mini P.E.K.K.A,JUGADOR_2,Caballero,3,6,28,,,,,
partida_76,93,TROPA_DESPLEGADA,JUGADOR_1,154,EstrategiaAgresiva,EstrategiaDefensiva,0,4,Bárbaros|Gigante|Valquiria|Caballero,Ejército de Esqueletos|Bárbaros|Arqueras|Mini P.E.K.K.A,JUGADOR_1,Mini P.E.K.K.A,4,0,21,,,,,
partida_76,98,TROPA_DESPLEGADA,JUGADOR_1,154,EstrategiaAgresiva,EstrategiaDefensiva,1,1,Bárbaros|Gigante|Valquiria|Caballero,Ejército de Esqueletos|Bárbaros|Arqueras|Mosquetera,JUGADOR_2,Mini P.E.K.K.A,4,6,28,,,,,
partida_76,102,TROPA_DESPLEGADA,JUGADOR_1,154,EstrategiaAgresiva,EstrategiaDefensiva,0,3,Bárbaros|Gigante|Valquiria|Ejército de Esqueletos,Ejército de Esqueletos|Bárbaros|Arqueras|Mosquetera,JUGADOR_1,Caballero,3,0,21,,,,,
partida_76,108,TROPA_DESPLEGADA,JUGADOR_1,154,EstrategiaAgresiva,EstrategiaDefensiva,2,1,Bárbaros|Gigante|Valquiria|Ejército de Esqueletos,Ejército de Esqueletos|Bárbaros|Arqueras|Príncipe,JUGADOR_2,Mosquetera,4,6,28,,,,,
partida_76,111,TROPA_DESPLEGADA,JUGADOR_1,154,EstrategiaAgresiva,EstrategiaDefensiva,0,2,Bárbaros|Gigante|Valquiria|Arqueras,Ejército de Esqueletos|Bárbaros|Arqueras|Príncipe,JUGADOR_1,Ejército de Esqueletos,3,0,21,,,,,
partida_76,120,TROPA_DESPLEGADA,JUGADOR_1,154,EstrategiaAgresiva,EstrategiaDefensiva,0,5,Bárbaros|Gigante|Valquiria|Mago de Hielo,Ejército de Esqueletos|Bárbaros|Arqueras|Príncipe,JUGADOR_1,Arqueras,3,0,21,,,,,
partida_76,121,TROPA_DESPLEGADA,JUGADOR_1,154,EstrategiaAgresiva,EstrategiaDefensiva,0,0,Bárbaros|Gigante|Valquiria|Mago de Hielo,Ejército de Esqueletos|Bárbaros|Arqueras|Valquiria,JUGADOR_2,Príncipe,5,6,28,,,,,
partida_76,129,TROPA_DESPLEGADA,JUGADOR_1,154,EstrategiaAgresiva,EstrategiaDefensiva,0,3,Bárbaros|Gigante|Valquiria|Mini P.E.K.K.A,Ejército de Esqueletos|Bárbaros|Arqueras|Valquiria,JUGADOR_1,Mago de Hielo,3,0,21,,,,,
partida_76,136,TROPA_DESPLEGADA,JUGADOR_1,154,EstrategiaAgresiva,EstrategiaDefensiva,2,1,Bárbaros|Gigante|Valquiria|Mini P.E.K.K.A,Ejército de Esqueletos|Bárbaros|Arqueras|Caballero,JUGADOR_2,Valquiria,4,6,28,,,,,
partida_76,141,TROPA_DESPLEGADA,JUGADOR_1,154,EstrategiaAgresiva,EstrategiaDefensiva,0,3,Bárbaros|Gigante|Valquiria|Caballero,Ejército de Esqueletos|Bárbaros|Arqueras|Caballero,JUGADOR_1,Mini P.E.K.K.A,4,0,21,,,,,
partida_76,147,TROPA_DESPLEGADA,JUGADOR_1,154,EstrategiaAgresiva,EstrategiaDefensiva,2,2,Bárbaros|Gigante|Valquiria|Caballero,Ejército de Esqueletos|Bárbaros|Arqueras|Mini P.E.K.K.A,JUGADOR_2,Caballero,3,6,28,,,,,
partida_76,154,TROPA_DESPLEGADA,JUGADOR_1,154,EstrategiaAgresiva,EstrategiaDefensiva,0,4,Bárbaros|Gigante|Caballero|Ejército de Esqueletos,Ejército de Esqueletos|Bárbaros|Arqueras|Mini P.E.K.K.A,JUGADOR_1,Valquiria,4,0,21,,,,,
partida_76,154,PARTIDA_TERMINADA,JUGADOR_1,154,EstrategiaAgresiva,EstrategiaDefensiva,0,4,Bárbaros|Gigante|Caballero|Ejército de Esqueletos,Ejército de Esqueletos|Bárbaros|Arqueras|Mini P.E.K.K.A,,,,,,,,,,
partida_77,1,TROPA_DESPLEGADA,JUGADOR_1,101,EstrategiaAleatoria,EstrategiaAgresiva,2,5,Mini P.E.K.K.A|P.E.K.K.A|Mago de Hielo|Gigante,Bárbaros|Mago|Arqueras|Gigante,JUGADOR_1,Arqueras,3,6,0,,,,,
partida_77,2,TROPA_DESPLEGADA,JUGADOR_1,101,EstrategiaAleatoria,EstrategiaAgresiva,2,0,Mini P.E.K.K.A|P.E.K.K.A|Mago de Hielo|Gigante,Bárbaros|Arqueras|Gigante|Mosquetera,JUGADOR_2,Mago,5,0,17,,,,,
partida_77,3,TROPA_DESPLEGADA,JUGADOR_1,101,EstrategiaAleatoria,EstrategiaAgresiva,0,1,Mini P.E.K.K.A|P.E.K.K.A|Gigante|Mosquetera,Bárbaros|Arqueras|Gigante|Mosquetera,JUGADOR_1,Mago de Hielo,3,11,5,,,,,
partida_77,10,TROPA_DESPLEGADA,JUGADOR_1,101,EstrategiaAleatoria,EstrategiaAgresiva,2,0,Mini P.E.K.K.A|P.E.K.K.A|Gigante|Mosquetera,Bárbaros|Gigante|Mosquetera|Valquiria,JUGADOR_2,Arqueras,3,0,17,,,,,
partida_77,15,TROPA_DESPLEGADA,JUGADOR_1,101,EstrategiaAleatoria,EstrategiaAgresiva,0,2,P.E.K.K.A|Gigante|Mosquetera|Mago,Bárbaros|Gigante|Mosquetera|Valquiria,JUGADOR_1,Mini P.E.K.K.A,4,10,7,,,,,
partida_77,21,TROPA_DESPLEGADA,JUGADOR_1,101,EstrategiaAleatoria,EstrategiaAgresiva,2,0,P.E.K.K.A|Gigante|Mosquetera|Mago,Bárbaros|Gigante|Mosquetera|Caballero,JUGADOR_2,Valquiria,4,0,17,,,,,
partida_77,31,TROPA_DESPLEGADA,JUGADOR_1,101,EstrategiaAleatoria,EstrategiaAgresiva,1,3,P.E.K.K.A|Gigante|Mago|Caballero,Bárbaros|Gigante|Mosquetera|Caballero,JUGADOR_1,Mosquetera,4,9,12,,,,,
partida_77,31,TROPA_DESPLEGADA,JUGADOR_1,101,EstrategiaAleatoria,EstrategiaAgresiva,1,0,P.E.K.K.A|Gigante|Mago|Caballero,Bárbaros|Gigante|Mosquetera|Mago de Hielo,JUGADOR_2,Caballero,3,0,17,,,,,
partida_77,36,TROPA_DESPLEGADA,JUGADOR_1,101,EstrategiaAleatoria,EstrategiaAgresiva,0,2,P.E.K.K.A|Gigante|Mago|Arqueras,Bárbaros|Gigante|Mosquetera|Mago de Hielo,JUGADOR_1,Caballero,3,8,19,,,,,
partida_77,42,TROPA_DESPLEGADA,JUGADOR_1,101,EstrategiaAleatoria,EstrategiaAgresiva,2,0,P.E.K.K.A|Gigante|Mago|Arqueras,Bárbaros|Gigante|Mago de Hielo|Mago,JUGADOR_2,Mosquetera,4,0,22,,,,,
partida_77,46,TROPA_DESPLEGADA,JUGADOR_1,101,EstrategiaAleatoria,EstrategiaAgresiva,0,1,P.E.K.K.A|Gigante|Mago|Mago de Hielo,Bárbaros|Gigante|Mago de Hielo|Mago,JUGADOR_1,Arqueras,3,1,3,,,,,
partida_77,52,TROPA_DESPLEGADA,JUGADOR_1,101,EstrategiaAleatoria,EstrategiaAgresiva,2,0,P.E.K.K.A|Gigante|Mago|Mago de Hielo,Bárbaros|Gigante|Mago|Arqueras,JUGADOR_2,Mago de Hielo,3,0,22,,,,,
partida_77,55,TROPA_DESPLEGADA,JUGADOR_1,101,EstrategiaAleatoria,EstrategiaAgresiva,0,1,P.E.K.K.A|Gigante|Mago|Mini P.E.K.K.A,Bárbaros|Gigante|Mago|Arqueras,JUGADOR_1,Mago de Hielo,3,4,0,,,,,
partida_77,60,TROPA_DESPLEGADA,JUGADOR_1,101,EstrategiaAleatoria,EstrategiaAgresiva,2,0,P.E.K.K.A|Gigante|Mago|Mini P.E.K.K.A,Bárbaros|Gigante|Mago|Valquiria,JUGADOR_2,Arqueras,3,0,22,,,,,
partida_77,66,TROPA_DESPLEGADA,JUGADOR_1,101,EstrategiaAleatoria,EstrategiaAgresiva,0,2,P.E.K.K.A|Gigante|Mago|Mosquetera,Bárbaros|Gigante|Mago|Valquiria,JUGADOR_1,Mini P.E.K.K.A,4,4,19,,,,,
partida_77,73,TROPA_DESPLEGADA,JUGADOR_1,101,EstrategiaAleatoria,EstrategiaAgresiva,2,0,P.E.K.K.A|Gigante|Mago|Mosquetera,Bárbaros|Gigante|Mago|Caballero,JUGADOR_2,Valquiria,4,0,22,,,,,
partida_77,78,TROPA_DESPLEGADA,JUGADOR_1,101,EstrategiaAleatoria,EstrategiaAgresiva,0,2,P.E.K.K.A|Gigante|Mago|Caballero,Bárbaros|Gigante|Mago|Caballero,JUGADOR_1,Mosquetera,4,6,20,,,,,
partida_77,82,TROPA_DESPLEGADA,JUGADOR_1,101,EstrategiaAleatoria,EstrategiaAgresiva,1,0,P.E.K.K.A|Gigante|Mago|Caballero,Bárbaros|Gigante|Mago|Mosquetera,JUGADOR_2,Caballero,3,0,22,,,,,
partida_77,93,TROPA_DESPLEGADA,JUGADOR_1,101,EstrategiaAleatoria,EstrategiaAgresiva,2,4,P.E.K.K.A|Gigante|Mago|Arqueras,Bárbaros|Gigante|Mago|Mosquetera,JUGADOR_1,Caballero,3,17,21,,,,,
partida_77,95,TROPA_DESPLEGADA,JUGADOR_1,101,EstrategiaAleatoria,EstrategiaAgresiva,2,0,P.E.K.K.A|Gigante|Mago|Arqueras,Bárbaros|Gigante|Mago|Mago de Hielo,JUGADOR_2,Mosquetera,4,0,22,,,,,
partida_77,96,TROPA_DESPLEGADA,JUGADOR_1,101,EstrategiaAleatoria,EstrategiaAgresiva,0,1,P.E.K.K.A|Gigante|Mago|Mago de Hielo,Bárbaros|Gigante|Mago|Mago de Hielo,JUGADOR_1,Arqueras,3,6,5,,,,,
partida_77,101,PARTIDA_TERMINADA,JUGADOR_1,101,EstrategiaAleatoria,EstrategiaAgresiva,1,2,P.E.K.K.A|Gigante|Mago|Mago de Hielo,Bárbaros|Gigante|Mago|Mago de Hielo,,,,,,,,,,
partida_78,1,TROPA_DESPLEGADA,JUGADOR_1,96,EstrategiaMenorCosto,EstrategiaAgresiva,1,5,Bárbaros|Príncipe|Mosquetera|Mago,Caballero|Mago|Mini P.E.K.K.A|Príncipe,JUGADOR_1,Valquiria,4,9,12,,,,,
partida_78,2,TROPA_DESPLEGADA,JUGADOR_1,96,EstrategiaMenorCosto,EstrategiaAgresiva,1,1,Bárbaros|Príncipe|Mosquetera|Mago,Caballero|Mago|Príncipe|Gigante,JUGADOR_2,Mini P.E.K.K.A,4,0,17,,,,,
partida_78,6,TROPA_DESPLEGADA,JUGADOR_1,96,EstrategiaMenorCosto,EstrategiaAgresiva,3,0,Bárbaros|Príncipe|Mosquetera|Mago,Mago|Príncipe|Gigante|P.E.K.K.A,JUGADOR_2,Caballero,3,0,17,,,,,
partida_78,10,TROPA_DESPLEGADA,JUGADOR_1,96,EstrategiaMenorCosto,EstrategiaAgresiva,0,1,Bárbaros|Príncipe|Mago|Mago de Hielo,Mago|Príncipe|Gigante|P.E.K.K.A,JUGADOR_1,Mosquetera,4,14,9,,,,,
partida_78,18,TROPA_DESPLEGADA,JUGADOR_1,96,EstrategiaMenorCosto,EstrategiaAgresiva,0,4,Bárbaros|Príncipe|Mago|Caballero,Mago|Príncipe|Gigante|P.E.K.K.A,JUGADOR_1,Mago de Hielo,3,15,8,,,,,
partida_78,21,TROPA_DESPLEGADA,JUGADOR_1,96,EstrategiaMenorCosto,EstrategiaAgresiva,1,0,Bárbaros|Príncipe|Mago|Caballero,Mago|Gigante|P.E.K.K.A|Mosquetera,JUGADOR_2,Príncipe,5,0,10,,,,,
partida_78,27,TROPA_DESPLEGADA,JUGADOR_1,96,EstrategiaMenorCosto,EstrategiaAgresiva,0,2,Bárbaros|Príncipe|Mago|Mini P.E.K.K.A,Mago|Gigante|P.E.K.K.A|Mosquetera,JUGADOR_1,Caballero,3,12,2,,,,,
partida_78,33,TROPA_DESPLEGADA,JUGADOR_1,96,EstrategiaMenorCosto,EstrategiaAgresiva,2,0,Bárbaros|Príncipe|Mago|Mini P.E.K.K.A,Mago|Gigante|P.E.K.K.A|Arqueras,JUGADOR_2,Mosquetera,4,0,10,,,,,
partida_78,39,TROPA_DESPLEGADA,JUGADOR_1,96,EstrategiaMenorCosto,EstrategiaAgresiva,0,2,Bárbaros|Príncipe|Mago|Valquiria,Mago|Gigante|P.E.K.K.A|Arqueras,JUGADOR_1,Mini P.E.K.K.A,4,6,0,,,,,
partida_78,43,TROPA_DESPLEGADA,JUGADOR_1,96,EstrategiaMenorCosto,EstrategiaAgresiva,1,0,Bárbaros|Príncipe|Mago|Valquiria,Mago|Gigante|P.E.K.K.A|Mini P.E.K.K.A,JUGADOR_2,Arqueras,3,0,10,,,,,
partida_78,52,TROPA_DESPLEGADA,JUGADOR_1,96,EstrategiaMenorCosto,EstrategiaAgresiva,0,3,Bárbaros|Príncipe|Mago|Mosquetera,Mago|Gigante|P.E.K.K.A|Mini P.E.K.K.A,JUGADOR_1,Valquiria,4,15,8,,,,,
partida_78,55,TROPA_DESPLEGADA,JUGADOR_1,96,EstrategiaMenorCosto,EstrategiaAgresiva,1,0,Bárbaros|Príncipe|Mago|Mosquetera,Mago|Gigante|P.E.K.K.A|Caballero,JUGADOR_2,Mini P.E.K.K.A,4,0,10,,,,,
partida_78,63,TROPA_DESPLEGADA,JUGADOR_1,96,EstrategiaMenorCosto,EstrategiaAgresiva,0,3,Bárbaros|Príncipe|Mago|Mago de Hielo,Mago|Gigante|P.E.K.K.A|Caballero,JUGADOR_1,Mosquetera,4,16,9,,,,,
partida_78,64,TROPA_DESPLEGADA,JUGADOR_1,96,EstrategiaMenorCosto,EstrategiaAgresiva,0,0,Bárbaros|Príncipe|Mago|Mago de Hielo,Mago|Gigante|P.E.K.K.A|Príncipe,JUGADOR_2,Caballero,3,0,10,,,,,
partida_78,72,TROPA_DESPLEGADA,JUGADOR_1,96,EstrategiaMenorCosto,EstrategiaAgresiva,0,3,Bárbaros|Príncipe|Mago|Caballero,Mago|Gigante|P.E.K.K.A|Príncipe,JUGADOR_1,Mago de Hielo,3,12,17,,,,,
partida_78,78,TROPA_DESPLEGADA,JUGADOR_1,96,EstrategiaMenorCosto,EstrategiaAgresiva,2,0,Bárbaros|Príncipe|Mago|Caballero,Mago|Gigante|P.E.K.K.A|Mosquetera,JUGADOR_2,Príncipe,5,0,10,,,,,
partida_78,81,TROPA_DESPLEGADA,JUGADOR_1,96,EstrategiaMenorCosto,EstrategiaAgresiva,0,1,Bárbaros|Príncipe|Mago|Mini P.E.K.K.A,Mago|Gigante|P.E.K.K.A|Mosquetera,JUGADOR_1,Caballero,3,11,18,,,,,
partida_78,90,TROPA_DESPLEGADA,JUGADOR_1,96,EstrategiaMenorCosto,EstrategiaAgresiva,3,0,Bárbaros|Príncipe|Mago|Mini P.E.K.K.A,Mago|Gigante|P.E.K.K.A|Arqueras,JUGADOR_2,Mosquetera,4,0,10,,,,,
partida_78,93,TROPA_DESPLEGADA,JUGADOR_1,96,EstrategiaMenorCosto,EstrategiaAgresiva,0,1,Bárbaros|Príncipe|Mago|Valquiria,Mago|Gigante|P.E.K.K.A|Arqueras,JUGADOR_1,Mini P.E.K.K.A,4,11,20,,,,,
partida_78,96,PARTIDA_TERMINADA,JUGADOR_1,96,EstrategiaMenorCosto,EstrategiaAgresiva,1,2,Bárbaros|Príncipe|Mago|Valquiria,Mago|Gigante|P.E.K.K.A|Arqueras,,,,,,,,,,
partida_79,1,TROPA_DESPLEGADA,JUGADOR_2,87,EstrategiaDefensiva,EstrategiaMenorCosto,5,2,Gigante|Valquiria|Caballero|Arqueras,P.E.K.K.A|Mago|Mago de Hielo|Príncipe,JUGADOR_2,Ejército de Esqueletos,3,3,19,,,,,
partida_79,3,TROPA_DESPLEGADA,JUGADOR_2,87,EstrategiaDefensiva,EstrategiaMenorCosto,1,3,Valquiria|Caballero|Arqueras|Ejército de Esqueletos,P.E.K.K.A|Mago|Mago de Hielo|Príncipe,JUGADOR_1,Gigante,5,6,2,,,,,
partida_79,5,TROPA_DESPLEGADA,JUGADOR_2,87,EstrategiaDefensiva,EstrategiaMenorCosto,1,0,Valquiria|Caballero|Arqueras|Ejército de Esqueletos,P.E.K.K.A|Mago|Príncipe|Mosquetera,JUGADOR_2,Mago de Hielo,3,6,17,,,,,
partida_79,15,TROPA_DESPLEGADA,JUGADOR_2,87,EstrategiaDefensiva,EstrategiaMenorCosto,5,0,Valquiria|Caballero|Arqueras|Ejército de Esqueletos,P.E.K.K.A|Mago|Príncipe|Mini P.E.K.K.A,JUGADOR_2,Mosquetera,4,10,22,,,,,
partida_79,17,TROPA_DESPLEGADA,JUGADOR_2,87,EstrategiaDefensiva,EstrategiaMenorCosto,1,0,Caballero|Arqueras|Ejército de Esqueletos|Mago de Hielo,P.E.K.K.A|Mago|Príncipe|Mini P.E.K.K.A,JUGADOR_1,Valquiria,4,6,2,,,,,
partida_79,27,TROPA_DESPLEGADA,JUGADOR_2,87,EstrategiaDefensiva,EstrategiaMenorCosto,2,4,Arqueras|Ejército de Esqueletos|Mago de Hielo|Bárbaros,P.E.K.K.A|Mago|Príncipe|Mini P.E.K.K.A,JUGADOR_1,Caballero,3,6,2,,,,,
partida_79,27,TROPA_DESPLEGADA,JUGADOR_2,87,EstrategiaDefensiva,EstrategiaMenorCosto,2,0,Arqueras|Ejército de Esqueletos|Mago de Hielo|Bárbaros,P.E.K.K.A|Mago|Príncipe|Gigante,JUGADOR_2,Mini P.E.K.K.A,4,8,17,,,,,
partida_79,40,TROPA_DESPLEGADA,JUGADOR_2,87,EstrategiaDefensiva,EstrategiaMenorCosto,3,4,Arqueras|Ejército de Esqueletos|Bárbaros|Mago,P.E.K.K.A|Mago|Príncipe|Gigante,JUGADOR_1,Mago de Hielo,3,6,2,,,,,
partida_79,42,TROPA_DESPLEGADA,JUGADOR_2,87,EstrategiaDefensiva,EstrategiaMenorCosto,4,0,Arqueras|Ejército de Esqueletos|Bárbaros|Mago,P.E.K.K.A|Príncipe|Gigante|Ejército de Esqueletos,JUGADOR_2,Mago,5,11,26,,,,,
partida_79,45,TROPA_DESPLEGADA,JUGADOR_2,87,EstrategiaDefensiva,EstrategiaMenorCosto,0,1,Arqueras|Ejército de Esqueletos|Bárbaros|Gigante,P.E.K.K.A|Príncipe|Gigante|Ejército de Esqueletos,JUGADOR_1,Mago,5,6,2,,,,,
partida_79,51,TROPA_DESPLEGADA,JUGADOR_2,87,EstrategiaDefensiva,EstrategiaMenorCosto,2,0,Arqueras|Ejército de Esqueletos|Bárbaros|Gigante,P.E.K.K.A|Príncipe|Gigante|Mago de Hielo,JUGADOR_2,Ejército de Esqueletos,3,0,25,,,,,
partida_79,61,TROPA_DESPLEGADA,JUGADOR_2,87,EstrategiaDefensiva,EstrategiaMenorCosto,0,3,Arqueras|Ejército de Esqueletos|Bárbaros|Valquiria,P.E.K.K.A|Príncipe|Gigante|Mago de Hielo,JUGADOR_1,Gigante,5,6,2,,,,,
partida_79,61,TROPA_DESPLEGADA,JUGADOR_2,87,EstrategiaDefensiva,EstrategiaMenorCosto,0,0,Arqueras|Ejército de Esqueletos|Bárbaros|Valquiria,P.E.K.K.A|Príncipe|Gigante|Mosquetera,JUGADOR_2,Mago de Hielo,3,12,18,,,,,
partida_79,73,TROPA_DESPLEGADA,JUGADOR_2,87,EstrategiaDefensiva,EstrategiaMenorCosto,4,0,Arqueras|Ejército de Esqueletos|Bárbaros|Valquiria,P.E.K.K.A|Príncipe|Gigante|Mini P.E.K.K.A,JUGADOR_2,Mosquetera,4,15,11,,,,,
partida_79,75,TROPA_DESPLEGADA,JUGADOR_2,87,EstrategiaDefensiva,EstrategiaMenorCosto,1,1,Arqueras|Ejército de Esqueletos|Bárbaros|Caballero,P.E.K.K.A|Príncipe|Gigante|Mini P.E.K.K.A,JUGADOR_1,Valquiria,4,6,2,,,,,
partida_79,84,TROPA_DESPLEGADA,JUGADOR_2,87,EstrategiaDefensiva,EstrategiaMenorCosto,4,0,Arqueras|Ejército de Esqueletos|Bárbaros|Caballero,P.E.K.K.A|Príncipe|Gigante|Mago,JUGADOR_2,Mini P.E.K.K.A,4,2,23,,,,,
partida_79,87,TROPA_DESPLEGADA,JUGADOR_2,87,EstrategiaDefensiva,EstrategiaMenorCosto,2,1,Arqueras|Ejército de Esqueletos|Bárbaros|Mago de Hielo,P.E.K.K.A|Príncipe|Gigante|Mago,JUGADOR_1,Caballero,3,6,2,,,,,
partida_79,87,PARTIDA_TERMINADA,JUGADOR_2,87,EstrategiaDefensiva,EstrategiaMenorCosto,2,1,Arqueras|Ejército de Esqueletos|Bárbaros|Mago de Hielo,P.E.K.K.A|Príncipe|Gigante|Mago,,,,,,,,,,
partida_80,2,TROPA_DESPLEGADA,JUGADOR_1,208,EstrategiaDefensiva,EstrategiaAleatoria,1,5,Bárbaros|P.E.K.K.A|Mago|Gigante,Arqueras|Valquiria|Mini P.E.K.K.A|Mago,JUGADOR_1,Valquiria,4,6,2,,,,,
partida_80,3,TROPA_DESPLEGADA,JUGADOR_1,208,EstrategiaDefensiva,EstrategiaAleatoria,2,1,Bárbaros|P.E.K.K.A|Mago|Gigante,Arqueras|Valquiria|Mini P.E.K.K.A|Caballero,JUGADOR_2,Mago,5,14,28,,,,,
partida_80,10,TROPA_DESPLEGADA,JUGADOR_1,208,EstrategiaDefensiva,EstrategiaAleatoria,4,0,Bárbaros|P.E.K.K.A|Mago|Gigante,Arqueras|Valquiria|Mini P.E.K.K.A|Ejército de Esqueletos,JUGADOR_2,Caballero,3,6,22,,,,,
partida_80,13,TROPA_DESPLEGADA,JUGADOR_1,208,EstrategiaDefensiva,EstrategiaAleatoria,0,1,Bárbaros|P.E.K.K.A|Mago|Arqueras,Arqueras|Valquiria|Mini P.E.K.K.A|Ejército de Esqueletos,JUGADOR_1,Gigante,5,6,2,,,,,
partida_80,20,TROPA_DESPLEGADA,JUGADOR_1,208,EstrategiaDefensiva,EstrategiaAleatoria,2,0,Bárbaros|P.E.K.K.A|Mago|Arqueras,Arqueras|Valquiria|Mini P.E.K.K.A|Bárbaros,JUGADOR_2,Ejército de Esqueletos,3,7,21,,,,,
partida_80,27,TROPA_DESPLEGADA,JUGADOR_1,208,EstrategiaDefensiva,EstrategiaAleatoria,0,3,Bárbaros|P.E.K.K.A|Arqueras|Caballero,Arqueras|Valquiria|Mini P.E.K.K.A|Bárbaros,JUGADOR_1,Mago,5,6,2,,,,,
partida_80,29,TROPA_DESPLEGADA,JUGADOR_1,208,EstrategiaDefensiva,EstrategiaAleatoria,0,0,Bárbaros|P.E.K.K.A|Arqueras|Caballero,Valquiria|Mini P.E.K.K.A|Bárbaros|Mago de Hielo,JUGADOR_2,Arqueras,3,5,27,,,,,
partida_80,37,TROPA_DESPLEGADA,JUGADOR_1,208,EstrategiaDefensiva,EstrategiaAleatoria,3,0,Bárbaros|P.E.K.K.A|Arqueras|Caballero,Valquiria|Mini P.E.K.K.A|Bárbaros|Mago,JUGADOR_2,Mago de Hielo,3,8,20,,,,,
partida_80,43,TROPA_DESPLEGADA,JUGADOR_1,208,EstrategiaDefensiva,EstrategiaAleatoria,2,2,Bárbaros|P.E.K.K.A|Arqueras|Mini P.E.K.K.A,Valquiria|Mini P.E.K.K.A|Bárbaros|Mago,JUGADOR_1,Caballero,3,6,2,,,,,
partida_80,50,TROPA_DESPLEGADA,JUGADOR_1,208,EstrategiaDefensiva,EstrategiaAleatoria,4,0,Bárbaros|P.E.K.K.A|Arqueras|Mini P.E.K.K.A,Valquiria|Bárbaros|Mago|Caballero,JUGADOR_2,Mini P.E.K.K.A,4,1,28,,,,,
partida_80,51,TROPA_DESPLEGADA,JUGADOR_1,208,EstrategiaDefensiva,EstrategiaAleatoria,1,1,Bárbaros|P.E.K.K.A|Arqueras|Valquiria,Valquiria|Bárbaros|Mago|Caballero,JUGADOR_1,Mini P.E.K.K.A,4,6,2,,,,,
partida_80,57,TROPA_DESPLEGADA,JUGADOR_1,208,EstrategiaDefensiva,EstrategiaAleatoria,3,0,Bárbaros|P.E.K.K.A|Arqueras|Valquiria,Valquiria|Bárbaros|Mago|Ejército de Esqueletos,JUGADOR_2,Caballero,3,0,20,,,,,
partida_80,63,TROPA_DESPLEGADA,JUGADOR_1,208,EstrategiaDefensiva,EstrategiaAleatoria,1,2,Bárbaros|P.E.K.K.A|Arqueras|Gigante,Valquiria|Bárbaros|Mago|Ejército de Esqueletos,JUGADOR_1,Valquiria,4,6,2,,,,,
partida_80,66,TROPA_DESPLEGADA,JUGADOR_1,208,EstrategiaDefensiva,EstrategiaAleatoria,2,0,Bárbaros|P.E.K.K.A|Arqueras|Gigante,Valquiria|Bárbaros|Mago|Arqueras,JUGADOR_2,Ejército de Esqueletos,3,13,27,,,,,
partida_80,75,TROPA_DESPLEGADA,JUGADOR_1,208,EstrategiaDefensiva,EstrategiaAleatoria,5,0,Bárbaros|P.E.K.K.A|Arqueras|Gigante,Valquiria|Bárbaros|Mago|Mago de Hielo,JUGADOR_2,Arqueras,3,8,22,,,,,
partida_80,80,TROPA_DESPLEGADA,JUGADOR_1,208,EstrategiaDefensiva,EstrategiaAleatoria,1,1,Bárbaros|P.E.K.K.A|Arqueras|Mago,Valquiria|Bárbaros|Mago|Mago de Hielo,JUGADOR_1,Gigante,5,6,2,,,,,
partida_80,85,TROPA_DESPLEGADA,JUGADOR_1,208,EstrategiaDefensiva,EstrategiaAleatoria,3,0,Bárbaros|P.E.K.K.A|Arqueras|Mago,Valquiria|Bárbaros|Mago|Mini P.E.K.K.A,JUGADOR_2,Mago de Hielo,3,6,31,,,,,
partida_80,90,TROPA_DESPLEGADA,JUGADOR_1,208,EstrategiaDefensiva,EstrategiaAleatoria,0,2,Bárbaros|P.E.K.K.A|Arqueras|Caballero,Valquiria|Bárbaros|Mago|Mini P.E.K.K.A,JUGADOR_1,Mago,5,6,2,,,,,
partida_80,96,TROPA_DESPLEGADA,JUGADOR_1,208,EstrategiaDefensiva,EstrategiaAleatoria,2,0,Bárbaros|P.E.K.K.A|Arqueras|Caballero,Valquiria|Bárbaros|Mago|Caballero,JUGADOR_2,Mini P.E.K.K.A,4,5,31,,,,,
partida_80,105,TROPA_DESPLEGADA,JUGADOR_1,208,EstrategiaDefensiva,EstrategiaAleatoria,2,3,Bárbaros|P.E.K.K.A|Arqueras|Mini P.E.K.K.A,Valquiria|Bárbaros|Mago|Caballero,JUGADOR_1,Caballero,3,6,2,,,,,
partida_80,105,TROPA_DESPLEGADA,JUGADOR_1,208,EstrategiaDefensiva,EstrategiaAleatoria,2,0,Bárbaros|P.E.K.K.A|Arqueras|Mini P.E.K.K.A,Valquiria|Bárbaros|Mago|Ejército de Esqueletos,JUGADOR_2,Caballero,3,14,29,,,,,
partida_80,115,TROPA_DESPLEGADA,JUGADOR_1,208,EstrategiaDefensiva,EstrategiaAleatoria,1,3,Bárbaros|P.E.K.K.A|Arqueras|Valquiria,Valquiria|Bárbaros|Mago|Ejército de Esqueletos,JUGADOR_1,Mini P.E.K.K.A,4,6,2,,,,,
partida_80,119,TROPA_DESPLEGADA,JUGADOR_1,208,EstrategiaDefensiva,EstrategiaAleatoria,2,1,Bárbaros|P.E.K.K.A|Arqueras|Valquiria,Valquiria|Bárbaros|Mago|Arqueras,JUGADOR_2,Ejército de Esqueletos,3,10,25,,,,,
partida_80,124,TROPA_DESPLEGADA,JUGADOR_1,208,EstrategiaDefensiva,EstrategiaAleatoria,4,0,Bárbaros|P.E.K.K.A|Arqueras|Valquiria,Valquiria|Bárbaros|Mago|Mago de Hielo,JUGADOR_2,Arqueras,3,6,26,,,,,
partida_80,128,TROPA_DESPLEGADA,JUGADOR_1,208,EstrategiaDefensiva,EstrategiaAleatoria,1,1,Bárbaros|P.E.K.K.A|Arqueras|Gigante,Valquiria|Bárbaros|Mago|Mago de Hielo,JUGADOR_1,Valquiria,4,6,2,,,,,
partida_80,133,TROPA_DESPLEGADA,JUGADOR_1,208,EstrategiaDefensiva,EstrategiaAleatoria,3,0,Bárbaros|P.E.K.K.A|Arqueras|Gigante,Valquiria|Bárbaros|Mago|Mini P.E.K.K.A,JUGADOR_2,Mago de Hielo,3,3,31,,,,,
partida_80,141,TROPA_DESPLEGADA,JUGADOR_1,208,EstrategiaDefensiva,EstrategiaAleatoria,1,3,Bárbaros|P.E.K.K.A|Arqueras|Mago,Valquiria|Bárbaros|Mago|Mini P.E.K.K.A,JUGADOR_1,Gigante,5,6,2,,,,,
partida_80,144,TROPA_DESPLEGADA,JUGADOR_1,208,EstrategiaDefensiva,EstrategiaAleatoria,2,0,Bárbaros|P.E.K.K.A|Arqueras|Mago,Valquiria|Bárbaros|Mago|Caballero,JUGADOR_2,Mini P.E.K.K.A,4,15,17,,,,,
partida_80,154,TROPA_DESPLEGADA,JUGADOR_1,208,EstrategiaDefensiva,EstrategiaAleatoria,0,3,Bárbaros|P.E.K.K.A|Arqueras|Caballero,Valquiria|Bárbaros|Mago|Caballero,JUGADOR_1,Mago,5,6,2,,,,,
partida_80,154,TROPA_DESPLEGADA,JUGADOR_1,208,EstrategiaDefensiva,EstrategiaAleatoria,0,0,Bárbaros|P.E.K.K.A|Arqueras|Caballero,Valquiria|Bárbaros|Mago|Ejército de Esqueletos,JUGADOR_2,Caballero,3,14,29,,,,,
partida_80,162,TROPA_DESPLEGADA,JUGADOR_1,208,EstrategiaDefensiva,EstrategiaAleatoria,3,0,Bárbaros|P.E.K.K.A|Arqueras|Caballero,Valquiria|Bárbaros|Mago|Arqueras,JUGADOR_2,Ejército de Esqueletos,3,16,28,,,,,
partida_80,168,TROPA_DESPLEGADA,JUGADOR_1,208,EstrategiaDefensiva,EstrategiaAleatoria,2,2,Bárbaros|P.E.K.K.A|Arqueras|Mini P.E.K.K.A,Valquiria|Bárbaros|Mago|Arqueras,JUGADOR_1,Caballero,3,6,2,,,,,
partida_80,171,TROPA_DESPLEGADA,JUGADOR_1,208,EstrategiaDefensiva,EstrategiaAleatoria,3,0,Bárbaros|P.E.K.K.A|Arqueras|Mini P.E.K.K.A,Valquiria|Bárbaros|Mago|Mago de Hielo,JUGADOR_2,Arqueras,3,5,28,,,,,
partida_80,177,TROPA_DESPLEGADA,JUGADOR_1,208,EstrategiaDefensiva,EstrategiaAleatoria,1,2,Bárbaros|P.E.K.K.A|Arqueras|Valquiria,Valquiria|Bárbaros|Mago|Mago de Hielo,JUGADOR_1,Mini P.E.K.K.A,4,6,2,,,,,
partida_80,182,TROPA_DESPLEGADA,JUGADOR_1,208,EstrategiaDefensiva,EstrategiaAleatoria,2,0,Bárbaros|P.E.K.K.A|Arqueras|Valquiria,Valquiria|Bárbaros|Mago|Mini P.E.K.K.A,JUGADOR_2,Mago de Hielo,3,15,13,,,,,
partida_80,193,TROPA_DESPLEGADA,JUGADOR_1,208,EstrategiaDefensiva,EstrategiaAleatoria,2,4,Bárbaros|P.E.K.K.A|Arqueras|Gigante,Valquiria|Bárbaros|Mago|Mini P.E.K.K.A,JUGADOR_1,Valquiria,4,6,2,,,,,
partida_80,194,TROPA_DESPLEGADA,JUGADOR_1,208,EstrategiaDefensiva,EstrategiaAleatoria,2,0,Bárbaros|P.E.K.K.A|Arqueras|Gigante,Bárbaros|Mago|Mini P.E.K.K.A|Caballero,JUGADOR_2,Valquiria,4,15,28,,,,,
partida_80,201,TROPA_DESPLEGADA,JUGADOR_1,208,EstrategiaDefensiva,EstrategiaAleatoria,0,3,Bárbaros|P.E.K.K.A|Arqueras|Mago,Bárbaros|Mago|Mini P.E.K.K.A|Caballero,JUGADOR_1,Gigante,5,6,2,,,,,
partida_80,201,TROPA_DESPLEGADA,JUGADOR_1,208,EstrategiaDefensiva,EstrategiaAleatoria,0,0,Bárbaros|P.E.K.K.A|Arqueras|Mago,Bárbaros|Mago|Mini P.E.K.K.A|Ejército de Esqueletos,JUGADOR_2,Caballero,3,16,30,,,,,
partida_80,208,PARTIDA_TERMINADA,JUGADOR_1,208,EstrategiaDefensiva,EstrategiaAleatoria,2,2,Bárbaros|P.E.K.K.A|Arqueras|Mago,Bárbaros|Mago|Mini P.E.K.K.A|Ejército de Esqueletos,,,,,,,,,,
partida_81,1,TROPA_DESPLEGADA,JUGADOR_2,146,EstrategiaAgresiva,EstrategiaDefensiva,0,5,Arqueras|Mago|Valquiria|Bárbaros,Ejército de Esqueletos|Gigante|Bárbaros|Arqueras,JUGADOR_1,Príncipe,5,0,14,,,,,
partida_81,1,TROPA_DESPLEGADA,JUGADOR_2,146,EstrategiaAgresiva,EstrategiaDefensiva,0,0,Arqueras|Mago|Valquiria|Bárbaros,Ejército de Esqueletos|Bárbaros|Arqueras|Mago,JUGADOR_2,Gigante,5,6,28,,,,,
partida_81,11,TROPA_DESPLEGADA,JUGADOR_2,146,EstrategiaAgresiva,EstrategiaDefensiva,0,3,Mago|Valquiria|Bárbaros|Mosquetera,Ejército de Esqueletos|Bárbaros|Arqueras|Mago,JUGADOR_1,Arqueras,3,0,14,,,,,
partida_81,16,TROPA_DESPLEGADA,JUGADOR_2,146,EstrategiaAgresiva,EstrategiaDefensiva,2,0,Mago|Valquiria|Bárbaros|Mosquetera,Ejército de Esqueletos|Bárbaros|Arqueras|Mini P.E.K.K.A,JUGADOR_2,Mago,5,6,28,,,,,
partida_81,21,TROPA_DESPLEGADA,JUGADOR_2,146,EstrategiaAgresiva,EstrategiaDefensiva,0,2,Mago|Bárbaros|Mosquetera|P.E.K.K.A,Ejército de Esqueletos|Bárbaros|Arqueras|Mini P.E.K.K.A,JUGADOR_1,Valquiria,4,0,14,,,,,
partida_81,31,TROPA_DESPLEGADA,JUGADOR_2,146,EstrategiaAgresiva,EstrategiaDefensiva,3,1,Mago|Bárbaros|Mosquetera|P.E.K.K.A,Ejército de Esqueletos|Bárbaros|Arqueras|Mago de Hielo,JUGADOR_2,Mini P.E.K.K.A,4,6,28,,,,,
partida_81,34,TROPA_DESPLEGADA,JUGADOR_2,146,EstrategiaAgresiva,EstrategiaDefensiva,0,2,Mago|Bárbaros|P.E.K.K.A|Caballero,Ejército de Esqueletos|Bárbaros|Arqueras|Mago de Hielo,JUGADOR_1,Mosquetera,4,0,14,,,,,
partida_81,42,TROPA_DESPLEGADA,JUGADOR_2,146,EstrategiaAgresiva,EstrategiaDefensiva,0,5,Mago|Bárbaros|P.E.K.K.A|Príncipe,Ejército de Esqueletos|Bárbaros|Arqueras|Mago de Hielo,JUGADOR_1,Caballero,3,0,21,,,,,
partida_81,42,TROPA_DESPLEGADA,JUGADOR_2,146,EstrategiaAgresiva,EstrategiaDefensiva,0,2,Mago|Bárbaros|P.E.K.K.A|Príncipe,Ejército de Esqueletos|Bárbaros|Arqueras|Valquiria,JUGADOR_2,Mago de Hielo,3,6,28,,,,,
partida_81,51,TROPA_DESPLEGADA,JUGADOR_2,146,EstrategiaAgresiva,EstrategiaDefensiva,3,1,Mago|Bárbaros|P.E.K.K.A|Príncipe,Ejército de Esqueletos|Bárbaros|Arqueras|Gigante,JUGADOR_2,Valquiria,4,6,28,,,,,
partida_81,57,TROPA_DESPLEGADA,JUGADOR_2,146,EstrategiaAgresiva,EstrategiaDefensiva,0,3,Mago|Bárbaros|P.E.K.K.A|Arqueras,Ejército de Esqueletos|Bárbaros|Arqueras|Gigante,JUGADOR_1,Príncipe,5,0,21,,,,,
partida_81,65,TROPA_DESPLEGADA,JUGADOR_2,146,EstrategiaAgresiva,EstrategiaDefensiva,2,0,Mago|Bárbaros|P.E.K.K.A|Arqueras,Ejército de Esqueletos|Bárbaros|Arqueras|Mago,JUGADOR_2,Gigante,5,6,28,,,,,
partida_81,66,TROPA_DESPLEGADA,JUGADOR_2,146,EstrategiaAgresiva,EstrategiaDefensiva,0,1,Mago|Bárbaros|P.E.K.K.A|Valquiria,Ejército de Esqueletos|Bárbaros|Arqueras|Mago,JUGADOR_1,Arqueras,3,0,21,,,,,
partida_81,78,TROPA_DESPLEGADA,JUGADOR_2,146,EstrategiaAgresiva,EstrategiaDefensiva,4,0,Mago|Bárbaros|P.E.K.K.A|Valquiria,Ejército de Esqueletos|Bárbaros|Arqueras|Mini P.E.K.K.A,JUGADOR_2,Mago,5,6,28,,,,,
partida_81,79,TROPA_DESPLEGADA,JUGADOR_2,146,EstrategiaAgresiva,EstrategiaDefensiva,0,0,Mago|Bárbaros|P.E.K.K.A|Mosquetera,Ejército de Esqueletos|Bárbaros|Arqueras|Mini P.E.K.K.A,JUGADOR_1,Valquiria,4,0,21,,,,,
partida_81,90,TROPA_DESPLEGADA,JUGADOR_2,146,EstrategiaAgresiva,EstrategiaDefensiva,0,4,Mago|Bárbaros|P.E.K.K.A|Caballero,Ejército de Esqueletos|Bárbaros|Arqueras|Mini P.E.K.K.A,JUGADOR_1,Mosquetera,4,0,21,,,,,
partida_81,93,TROPA_DESPLEGADA,JUGADOR_2,146,EstrategiaAgresiva,EstrategiaDefensiva,1,1,Mago|Bárbaros|P.E.K.K.A|Caballero,Ejército de Esqueletos|Bárbaros|Arqueras|Mago de Hielo,JUGADOR_2,Mini P.E.K.K.A,4,6,28,,,,,
partida_81,100,TROPA_DESPLEGADA,JUGADOR_2,146,EstrategiaAgresiva,EstrategiaDefensiva,0,3,Mago|Bárbaros|P.E.K.K.A|Príncipe,Ejército de Esqueletos|Bárbaros|Arqueras|Mago de Hielo,JUGADOR_1,Caballero,3,0,21,,,,,
partida_81,108,TROPA_DESPLEGADA,JUGADOR_2,146,EstrategiaAgresiva,EstrategiaDefensiva,3,3,Mago|Bárbaros|P.E.K.K.A|Príncipe,Ejército de Esqueletos|Bárbaros|Arqueras|Valquiria,JUGADOR_2,Mago de Hielo,3,6,28,,,,,
partida_81,114,TROPA_DESPLEGADA,JUGADOR_2,146,EstrategiaAgresiva,EstrategiaDefensiva,5,1,Mago|Bárbaros|P.E.K.K.A|Príncipe,Ejército de Esqueletos|Bárbaros|Arqueras|Gigante,JUGADOR_2,Valquiria,4,6,28,,,,,
partida_81,115,TROPA_DESPLEGADA,JUGADOR_2,146,EstrategiaAgresiva,EstrategiaDefensiva,0,1,Mago|Bárbaros|P.E.K.K.A|Arqueras,Ejército de Esqueletos|Bárbaros|Arqueras|Gigante,JUGADOR_1,Príncipe,5,0,21,,,,,
partida_81,123,TROPA_DESPLEGADA,JUGADOR_2,146,EstrategiaAgresiva,EstrategiaDefensiva,0,4,Mago|Bárbaros|P.E.K.K.A|Valquiria,Ejército de Esqueletos|Bárbaros|Arqueras|Gigante,JUGADOR_1,Arqueras,3,0,21,,,,,
partida_81,127,TROPA_DESPLEGADA,JUGADOR_2,146,EstrategiaAgresiva,EstrategiaDefensiva,1,0,Mago|Bárbaros|P.E.K.K.A|Valquiria,Ejército de Esqueletos|Bárbaros|Arqueras|Mago,JUGADOR_2,Gigante,5,6,28,,,,,
partida_81,135,TROPA_DESPLEGADA,JUGADOR_2,146,EstrategiaAgresiva,EstrategiaDefensiva,0,3,Mago|Bárbaros|P.E.K.K.A|Mosquetera,Ejército de Esqueletos|Bárbaros|Arqueras|Mago,JUGADOR_1,Valquiria,4,0,21,,,,,
partida_81,146,TROPA_DESPLEGADA,JUGADOR_2,146,EstrategiaAgresiva,EstrategiaDefensiva,3,1,Mago|Bárbaros|P.E.K.K.A|Mosquetera,Ejército de Esqueletos|Bárbaros|Arqueras|Mini P.E.K.K.A,JUGADOR_2,Mago,5,6,28,,,,,
partida_81,146,PARTIDA_TERMINADA,JUGADOR_2,146,EstrategiaAgresiva,EstrategiaDefensiva,3,1,Mago|Bárbaros|P.E.K.K.A|Mosquetera,Ejército de Esqueletos|Bárbaros|Arqueras|Mini P.E.K.K.A,,,,,,,,,,
partida_82,1,TROPA_DESPLEGADA,JUGADOR_1,83,EstrategiaAgresiva,EstrategiaDefensiva,1,5,Príncipe|Bárbaros|Valquiria|Ejército de Esqueletos,Valquiria|Mosquetera|Arqueras|P.E.K.K.A,JUGADOR_1,Mini P.E.K.K.A,4,0,14,,,,,
partida_82,6,TROPA_DESPLEGADA,JUGADOR_1,83,EstrategiaAgresiva,EstrategiaDefensiva,3,0,Príncipe|Bárbaros|Valquiria|Ejército de Esqueletos,Valquiria|Mosquetera|Arqueras|Príncipe,JUGADOR_2,P.E.K.K.A,7,6,28,,,,,
partida_82,8,TROPA_DESPLEGADA,JUGADOR_1,83,EstrategiaAgresiva,EstrategiaDefensiva,0,0,Príncipe|Bárbaros|Valquiria|Mosquetera,Valquiria|Mosquetera|Arqueras|Príncipe,JUGADOR_1,Ejército de Esqueletos,3,0,14,,,,,
partida_82,18,TROPA_DESPLEGADA,JUGADOR_1,83,EstrategiaAgresiva,EstrategiaDefensiva,0,4,Príncipe|Bárbaros|Mosquetera|Caballero,Valquiria|Mosquetera|Arqueras|Príncipe,JUGADOR_1,Valquiria,4,0,21,,,,,
partida_82,21,TROPA_DESPLEGADA,JUGADOR_1,83,EstrategiaAgresiva,EstrategiaDefensiva,1,0,Príncipe|Bárbaros|Mosquetera|Caballero,Valquiria|Mosquetera|Arqueras|Mago de Hielo,JUGADOR_2,Príncipe,5,6,28,,,,,
partida_82,27,TROPA_DESPLEGADA,JUGADOR_1,83,EstrategiaAgresiva,EstrategiaDefensiva,0,2,Príncipe|Bárbaros|Mosquetera|Mago de Hielo,Valquiria|Mosquetera|Arqueras|Mago de Hielo,JUGADOR_1,Caballero,3,0,21,,,,,
partida_82,36,TROPA_DESPLEGADA,JUGADOR_1,83,EstrategiaAgresiva,EstrategiaDefensiva,0,5,Príncipe|Bárbaros|Mosquetera|Mini P.E.K.K.A,Valquiria|Mosquetera|Arqueras|Mago de Hielo,JUGADOR_1,Mago de Hielo,3,0,21,,,,,
partida_82,40,TROPA_DESPLEGADA,JUGADOR_1,83,EstrategiaAgresiva,EstrategiaDefensiva,1,2,Príncipe|Bárbaros|Mosquetera|Mini P.E.K.K.A,Mosquetera|Arqueras|Mago de Hielo|Gigante,JUGADOR_2,Valquiria,4,6,28,,,,,
partida_82,48,TROPA_DESPLEGADA,JUGADOR_1,83,EstrategiaAgresiva,EstrategiaDefensiva,4,0,Príncipe|Bárbaros|Mosquetera|Mini P.E.K.K.A,Mosquetera|Arqueras|Mago de Hielo|Mini P.E.K.K.A,JUGADOR_2,Gigante,5,6,28,,,,,
partida_82,49,TROPA_DESPLEGADA,JUGADOR_1,83,EstrategiaAgresiva,EstrategiaDefensiva,0,0,Príncipe|Bárbaros|Mosquetera|Ejército de Esqueletos,Mosquetera|Arqueras|Mago de Hielo|Mini P.E.K.K.A,JUGADOR_1,Mini P.E.K.K.A,4,0,20,,,,,
partida_82,57,TROPA_DESPLEGADA,JUGADOR_1,83,EstrategiaAgresiva,EstrategiaDefensiva,0,3,Príncipe|Bárbaros|Mosquetera|Valquiria,Mosquetera|Arqueras|Mago de Hielo|Mini P.E.K.K.A,JUGADOR_1,Ejército de Esqueletos,3,0,21,,,,,
partida_82,63,TROPA_DESPLEGADA,JUGADOR_1,83,EstrategiaAgresiva,EstrategiaDefensiva,2,1,Príncipe|Bárbaros|Mosquetera|Valquiria,Mosquetera|Arqueras|Mago de Hielo|P.E.K.K.A,JUGADOR_2,Mini P.E.K.K.A,4,6,28,,,,,
partida_82,69,TROPA_DESPLEGADA,JUGADOR_1,83,EstrategiaAgresiva,EstrategiaDefensiva,0,3,Príncipe|Bárbaros|Mosquetera|Caballero,Mosquetera|Arqueras|Mago de Hielo|P.E.K.K.A,JUGADOR_1,Valquiria,4,0,21,,,,,
partida_82,77,TROPA_DESPLEGADA,JUGADOR_1,83,EstrategiaAgresiva,EstrategiaDefensiva,2,2,Príncipe|Bárbaros|Mosquetera|Caballero,Mosquetera|Arqueras|P.E.K.K.A|Príncipe,JUGADOR_2,Mago de Hielo,3,6,28,,,,,
partida_82,78,TROPA_DESPLEGADA,JUGADOR_1,83,EstrategiaAgresiva,EstrategiaDefensiva,0,3,Príncipe|Bárbaros|Mosquetera|Mago de Hielo,Mosquetera|Arqueras|P.E.K.K.A|Príncipe,JUGADOR_1,Caballero,3,0,21,,,,,
partida_82,83,PARTIDA_TERMINADA,JUGADOR_1,83,EstrategiaAgresiva,EstrategiaDefensiva,1,4,Príncipe|Bárbaros|Mosquetera|Mago de Hielo,Mosquetera|Arqueras|P.E.K.K.A|Príncipe,,,,,,,,,,
partida_83,1,TROPA_DESPLEGADA,JUGADOR_2,110,EstrategiaAleatoria,EstrategiaMenorCosto,1,5,Mago de Hielo|P.E.K.K.A|Príncipe|Valquiria,Mosquetera|Valquiria|Arqueras|Mini P.E.K.K.A,JUGADOR_1,Mini P.E.K.K.A,4,6,9,,,,,
partida_83,2,TROPA_DESPLEGADA,JUGADOR_2,110,EstrategiaAleatoria,EstrategiaMenorCosto,1,2,Mago de Hielo|P.E.K.K.A|Príncipe|Valquiria,Mosquetera|Valquiria|Mini P.E.K.K.A|P.E.K.K.A,JUGADOR_2,Arqueras,3,9,31,,,,,
partida_83,6,TROPA_DESPLEGADA,JUGADOR_2,110,EstrategiaAleatoria,EstrategiaMenorCosto,3,0,Mago de Hielo|P.E.K.K.A|Príncipe|Valquiria,Valquiria|Mini P.E.K.K.A|P.E.K.K.A|Gigante,JUGADOR_2,Mosquetera,4,2,23,,,,,
partida_83,7,TROPA_DESPLEGADA,JUGADOR_2,110,EstrategiaAleatoria,EstrategiaMenorCosto,0,0,P.E.K.K.A|Príncipe|Valquiria|Caballero,Valquiria|Mini P.E.K.K.A|P.E.K.K.A|Gigante,JUGADOR_1,Mago de Hielo,3,8,7,,,,,
partida_83,18,TROPA_DESPLEGADA,JUGADOR_2,110,EstrategiaAleatoria,EstrategiaMenorCosto,1,4,P.E.K.K.A|Príncipe|Valquiria|Bárbaros,Valquiria|Mini P.E.K.K.A|P.E.K.K.A|Gigante,JUGADOR_1,Caballero,3,15,13,,,,,
partida_83,18,TROPA_DESPLEGADA,JUGADOR_2,110,EstrategiaAleatoria,EstrategiaMenorCosto,1,0,P.E.K.K.A|Príncipe|Valquiria|Bárbaros,Mini P.E.K.K.A|P.E.K.K.A|Gigante|Mago,JUGADOR_2,Valquiria,4,8,22,,,,,
partida_83,28,TROPA_DESPLEGADA,JUGADOR_2,110,EstrategiaAleatoria,EstrategiaMenorCosto,0,3,P.E.K.K.A|Príncipe|Bárbaros|Mago,Mini P.E.K.K.A|P.E.K.K.A|Gigante|Mago,JUGADOR_1,Valquiria,4,17,3,,,,,
partida_83,30,TROPA_DESPLEGADA,JUGADOR_2,110,EstrategiaAleatoria,EstrategiaMenorCosto,1,0,P.E.K.K.A|Príncipe|Bárbaros|Mago,P.E.K.K.A|Gigante|Mago|Bárbaros,JUGADOR_2,Mini P.E.K.K.A,4,11,28,,,,,
partida_83,42,TROPA_DESPLEGADA,JUGADOR_2,110,EstrategiaAleatoria,EstrategiaMenorCosto,0,4,P.E.K.K.A|Príncipe|Mago|Mini P.E.K.K.A,P.E.K.K.A|Gigante|Mago|Bárbaros,JUGADOR_1,Bárbaros,5,4,2,,,,,
partida_83,45,TROPA_DESPLEGADA,JUGADOR_2,110,EstrategiaAleatoria,EstrategiaMenorCosto,1,0,P.E.K.K.A|Príncipe|Mago|Mini P.E.K.K.A,P.E.K.K.A|Mago|Bárbaros|Arqueras,JUGADOR_2,Gigante,5,12,30,,,,,
partida_83,54,TROPA_DESPLEGADA,JUGADOR_2,110,EstrategiaAleatoria,EstrategiaMenorCosto,0,3,P.E.K.K.A|Príncipe|Mago|Mago de Hielo,P.E.K.K.A|Mago|Bárbaros|Arqueras,JUGADOR_1,Mini P.E.K.K.A,4,14,0,,,,,
partida_83,54,TROPA_DESPLEGADA,JUGADOR_2,110,EstrategiaAleatoria,EstrategiaMenorCosto,0,0,P.E.K.K.A|Príncipe|Mago|Mago de Hielo,P.E.K.K.A|Mago|Bárbaros|Mosquetera,JUGADOR_2,Arqueras,3,12,26,,,,,
partida_83,64,TROPA_DESPLEGADA,JUGADOR_2,110,EstrategiaAleatoria,EstrategiaMenorCosto,0,3,P.E.K.K.A|Príncipe|Mago|Caballero,P.E.K.K.A|Mago|Bárbaros|Mosquetera,JUGADOR_1,Mago de Hielo,3,15,13,,,,,
partida_83,66,TROPA_DESPLEGADA,JUGADOR_2,110,EstrategiaAleatoria,EstrategiaMenorCosto,1,0,P.E.K.K.A|Príncipe|Mago|Caballero,P.E.K.K.A|Mago|Bárbaros|Valquiria,JUGADOR_2,Mosquetera,4,9,25,,,,,
partida_83,72,TROPA_DESPLEGADA,JUGADOR_2,110,EstrategiaAleatoria,EstrategiaMenorCosto,0,2,P.E.K.K.A|Príncipe|Mago|Valquiria,P.E.K.K.A|Mago|Bárbaros|Valquiria,JUGADOR_1,Caballero,3,5,3,,,,,
partida_83,78,TROPA_DESPLEGADA,JUGADOR_2,110,EstrategiaAleatoria,EstrategiaMenorCosto,2,0,P.E.K.K.A|Príncipe|Mago|Valquiria,P.E.K.K.A|Mago|Bárbaros|Mini P.E.K.K.A,JUGADOR_2,Valquiria,4,8,24,,,,,
partida_83,84,TROPA_DESPLEGADA,JUGADOR_2,110,EstrategiaAleatoria,EstrategiaMenorCosto,0,2,P.E.K.K.A|Príncipe|Mago|Bárbaros,P.E.K.K.A|Mago|Bárbaros|Mini P.E.K.K.A,JUGADOR_1,Valquiria,4,13,4,,,,,
partida_83,90,TROPA_DESPLEGADA,JUGADOR_2,110,EstrategiaAleatoria,EstrategiaMenorCosto,2,0,P.E.K.K.A|Príncipe|Mago|Bárbaros,P.E.K.K.A|Mago|Bárbaros|Gigante,JUGADOR_2,Mini P.E.K.K.A,4,1,19,,,,,
partida_83,99,TROPA_DESPLEGADA,JUGADOR_2,110,EstrategiaAleatoria,EstrategiaMenorCosto,0,3,P.E.K.K.A|Príncipe|Mago|Mini P.E.K.K.A,P.E.K.K.A|Mago|Bárbaros|Gigante,JUGADOR_1,Bárbaros,5,4,2,,,,,
partida_83,105,TROPA_DESPLEGADA,JUGADOR_2,110,EstrategiaAleatoria,EstrategiaMenorCosto,2,0,P.E.K.K.A|Príncipe|Mago|Mini P.E.K.K.A,P.E.K.K.A|Bárbaros|Gigante|Arqueras,JUGADOR_2,Mago,5,14,22,,,,,
partida_83,110,PARTIDA_TERMINADA,JUGADOR_2,110,EstrategiaAleatoria,EstrategiaMenorCosto,3,1,P.E.K.K.A|Príncipe|Mago|Mini P.E.K.K.A,P.E.K.K.A|Bárbaros|Gigante|Arqueras,,,,,,,,,,
partida_84,1,TROPA_DESPLEGADA,JUGADOR_1,128,EstrategiaAgresiva,EstrategiaDefensiva,5,0,Caballero|Mago de Hielo|Arqueras|Mini P.E.K.K.A,Mosquetera|P.E.K.K.A|Bárbaros|Mini P.E.K.K.A,JUGADOR_2,Príncipe,5,6,28,,,,,
partida_84,2,TROPA_DESPLEGADA,JUGADOR_1,128,EstrategiaAgresiva,EstrategiaDefensiva,1,0,Caballero|Mago de Hielo|Arqueras|Ejército de Esqueletos,Mosquetera|P.E.K.K.A|Bárbaros|Mini P.E.K.K.A,JUGADOR_1,Mini P.E.K.K.A,4,0,14,,,,,
partida_84,6,TROPA_DESPLEGADA,JUGADOR_1,128,EstrategiaAgresiva,EstrategiaDefensiva,0,2,Mago de Hielo|Arqueras|Ejército de Esqueletos|Bárbaros,Mosquetera|P.E.K.K.A|Bárbaros|Mini P.E.K.K.A,JUGADOR_1,Caballero,3,0,14,,,,,
partida_84,15,TROPA_DESPLEGADA,JUGADOR_1,128,EstrategiaAgresiva,EstrategiaDefensiva,3,1,Mago de Hielo|Arqueras|Ejército de Esqueletos|Bárbaros,Mosquetera|P.E.K.K.A|Bárbaros|Gigante,JUGADOR_2,Mini P.E.K.K.A,4,6,28,,,,,
partida_84,18,TROPA_DESPLEGADA,JUGADOR_1,128,EstrategiaAgresiva,EstrategiaDefensiva,1,2,Arqueras|Ejército de Esqueletos|Bárbaros|Mosquetera,Mosquetera|P.E.K.K.A|Bárbaros|Gigante,JUGADOR_1,Mago de Hielo,3,0,21,,,,,
partida_84,24,TROPA_DESPLEGADA,JUGADOR_1,128,EstrategiaAgresiva,EstrategiaDefensiva,0,4,Arqueras|Bárbaros|Mosquetera|Mago,Mosquetera|P.E.K.K.A|Bárbaros|Gigante,JUGADOR_1,Ejército de Esqueletos,3,1,21,,,,,
partida_84,27,TROPA_DESPLEGADA,JUGADOR_1,128,EstrategiaAgresiva,EstrategiaDefensiva,1,0,Arqueras|Bárbaros|Mosquetera|Mago,Mosquetera|P.E.K.K.A|Bárbaros|Valquiria,JUGADOR_2,Gigante,5,6,28,,,,,
partida_84,33,TROPA_DESPLEGADA,JUGADOR_1,128,EstrategiaAgresiva,EstrategiaDefensiva,0,2,Bárbaros|Mosquetera|Mago|Mini P.E.K.K.A,Mosquetera|P.E.K.K.A|Bárbaros|Valquiria,JUGADOR_1,Arqueras,3,0,21,,,,,
partida_84,42,TROPA_DESPLEGADA,JUGADOR_1,128,EstrategiaAgresiva,EstrategiaDefensiva,3,1,Bárbaros|Mosquetera|Mago|Mini P.E.K.K.A,Mosquetera|P.E.K.K.A|Bárbaros|Mago de Hielo,JUGADOR_2,Valquiria,4,6,28,,,,,
partida_84,45,TROPA_DESPLEGADA,JUGADOR_1,128,EstrategiaAgresiva,EstrategiaDefensiva,0,2,Bárbaros|Mosquetera|Mago|Caballero,Mosquetera|P.E.K.K.A|Bárbaros|Mago de Hielo,JUGADOR_1,Mini P.E.K.K.A,4,0,21,,,,,
partida_84,54,TROPA_DESPLEGADA,JUGADOR_1,128,EstrategiaAgresiva,EstrategiaDefensiva,3,2,Bárbaros|Mosquetera|Mago|Caballero,Mosquetera|P.E.K.K.A|Bárbaros|Príncipe,JUGADOR_2,Mago de Hielo,3,6,28,,,,,
partida_84,55,TROPA_DESPLEGADA,JUGADOR_1,128,EstrategiaAgresiva,EstrategiaDefensiva,0,2,Bárbaros|Mosquetera|Mago|Mago de Hielo,Mosquetera|P.E.K.K.A|Bárbaros|Príncipe,JUGADOR_1,Caballero,3,0,21,,,,,
partida_84,63,TROPA_DESPLEGADA,JUGADOR_1,128,EstrategiaAgresiva,EstrategiaDefensiva,0,5,Bárbaros|Mosquetera|Mago|Ejército de Esqueletos,Mosquetera|P.E.K.K.A|Bárbaros|Príncipe,JUGADOR_1,Mago de Hielo,3,0,21,,,,,
partida_84,72,TROPA_DESPLEGADA,JUGADOR_1,128,EstrategiaAgresiva,EstrategiaDefensiva,0,8,Bárbaros|Mosquetera|Mago|Arqueras,Mosquetera|P.E.K.K.A|Bárbaros|Príncipe,JUGADOR_1,Ejército de Esqueletos,3,0,21,,,,,
partida_84,72,TROPA_DESPLEGADA,JUGADOR_1,128,EstrategiaAgresiva,EstrategiaDefensiva,0,1,Bárbaros|Mosquetera|Mago|Arqueras,Mosquetera|Bárbaros|Príncipe|Mini P.E.K.K.A,JUGADOR_2,P.E.K.K.A,7,6,28,,,,,
partida_84,81,TROPA_DESPLEGADA,JUGADOR_1,128,EstrategiaAgresiva,EstrategiaDefensiva,0,4,Bárbaros|Mosquetera|Mago|Mini P.E.K.K.A,Mosquetera|Bárbaros|Príncipe|Mini P.E.K.K.A,JUGADOR_1,Arqueras,3,0,21,,,,,
partida_84,84,TROPA_DESPLEGADA,JUGADOR_1,128,EstrategiaAgresiva,EstrategiaDefensiva,1,0,Bárbaros|Mosquetera|Mago|Mini P.E.K.K.A,Mosquetera|Bárbaros|Mini P.E.K.K.A|Gigante,JUGADOR_2,Príncipe,5,6,28,,,,,
partida_84,94,TROPA_DESPLEGADA,JUGADOR_1,128,EstrategiaAgresiva,EstrategiaDefensiva,0,3,Bárbaros|Mosquetera|Mago|Caballero,Mosquetera|Bárbaros|Mini P.E.K.K.A|Gigante,JUGADOR_1,Mini P.E.K.K.A,4,0,21,,,,,
partida_84,100,TROPA_DESPLEGADA,JUGADOR_1,128,EstrategiaAgresiva,EstrategiaDefensiva,2,0,Bárbaros|Mosquetera|Mago|Caballero,Mosquetera|Bárbaros|Mini P.E.K.K.A|Valquiria,JUGADOR_2,Gigante,5,6,28,,,,,
partida_84,103,TROPA_DESPLEGADA,JUGADOR_1,128,EstrategiaAgresiva,EstrategiaDefensiva,0,1,Bárbaros|Mosquetera|Mago|Mago de Hielo,Mosquetera|Bárbaros|Mini P.E.K.K.A|Valquiria,JUGADOR_1,Caballero,3,0,21,,,,,
partida_84,111,TROPA_DESPLEGADA,JUGADOR_1,128,EstrategiaAgresiva,EstrategiaDefensiva,0,4,Bárbaros|Mosquetera|Mago|Ejército de Esqueletos,Mosquetera|Bárbaros|Mini P.E.K.K.A|Valquiria,JUGADOR_1,Mago de Hielo,3,0,21,,,,,
partida_84,114,TROPA_DESPLEGADA,JUGADOR_1,128,EstrategiaAgresiva,EstrategiaDefensiva,1,1,Bárbaros|Mosquetera|Mago|Ejército de Esqueletos,Mosquetera|Bárbaros|Mini P.E.K.K.A|Mago de Hielo,JUGADOR_2,Valquiria,4,6,28,,,,,
partida_84,120,TROPA_DESPLEGADA,JUGADOR_1,128,EstrategiaAgresiva,EstrategiaDefensiva,0,3,Bárbaros|Mosquetera|Mago|Arqueras,Mosquetera|Bárbaros|Mini P.E.K.K.A|Mago de Hielo,JUGADOR_1,Ejército de Esqueletos,3,0,21,,,,,
partida_84,127,TROPA_DESPLEGADA,JUGADOR_1,128,EstrategiaAgresiva,EstrategiaDefensiva,2,1,Bárbaros|Mosquetera|Mago|Arqueras,Mosquetera|Bárbaros|Mago de Hielo|P.E.K.K.A,JUGADOR_2,Mini P.E.K.K.A,4,6,28,,,,,
partida_84,128,PARTIDA_TERMINADA,JUGADOR_1,128,EstrategiaAgresiva,EstrategiaDefensiva,2,1,Bárbaros|Mosquetera|Mago|Arqueras,Mosquetera|Bárbaros|Mago de Hielo|P.E.K.K.A,,,,,,,,,,
partida_85,1,TROPA_DESPLEGADA,JUGADOR_1,192,EstrategiaDefensiva,EstrategiaDefensiva,2,5,P.E.K.K.A|Mosquetera|Bárbaros|Mago,P.E.K.K.A|Gigante|Arqueras|Valquiria,JUGADOR_1,Caballero,3,6,2,,,,,
partida_85,1,TROPA_DESPLEGADA,JUGADOR_1,192,EstrategiaDefensiva,EstrategiaDefensiva,2,0,P.E.K.K.A|Mosquetera|Bárbaros|Mago,P.E.K.K.A|Arqueras|Valquiria|Caballero,JUGADOR_2,Gigante,5,6,28,,,,,
partida_85,10,TROPA_DESPLEGADA,JUGADOR_1,192,EstrategiaDefensiva,EstrategiaDefensiva,1,3,P.E.K.K.A|Bárbaros|Mago|Príncipe,P.E.K.K.A|Arqueras|Valquiria|Caballero,JUGADOR_1,Mosquetera,4,6,2,,,,,
partida_85,19,TROPA_DESPLEGADA,JUGADOR_1,192,EstrategiaDefensiva,EstrategiaDefensiva,4,2,P.E.K.K.A|Bárbaros|Mago|Príncipe,P.E.K.K.A|Arqueras|Caballero|Mini P.E.K.K.A,JUGADOR_2,Valquiria,4,6,28,,,,,
partida_85,22,TROPA_DESPLEGADA,JUGADOR_1,192,EstrategiaDefensiva,EstrategiaDefensiva,0,3,P.E.K.K.A|Bárbaros|Mago|Valquiria,P.E.K.K.A|Arqueras|Caballero|Mini P.E.K.K.A,JUGADOR_1,Príncipe,5,6,2,,,,,
partida_85,27,TROPA_DESPLEGADA,JUGADOR_1,192,EstrategiaDefensiva,EstrategiaDefensiva,2,2,P.E.K.K.A|Bárbaros|Mago|Valquiria,P.E.K.K.A|Arqueras|Mini P.E.K.K.A|Ejército de Esqueletos,JUGADOR_2,Caballero,3,6,28,,,,,
partida_85,36,TROPA_DESPLEGADA,JUGADOR_1,192,EstrategiaDefensiva,EstrategiaDefensiva,5,1,P.E.K.K.A|Bárbaros|Mago|Valquiria,P.E.K.K.A|Arqueras|Ejército de Esqueletos|Príncipe,JUGADOR_2,Mini P.E.K.K.A,4,6,28,,,,,
partida_85,37,TROPA_DESPLEGADA,JUGADOR_1,192,EstrategiaDefensiva,EstrategiaDefensiva,1,1,P.E.K.K.A|Bárbaros|Mago|Mago de Hielo,P.E.K.K.A|Arqueras|Ejército de Esqueletos|Príncipe,JUGADOR_1,Valquiria,4,6,2,,,,,
partida_85,48,TROPA_DESPLEGADA,JUGADOR_1,192,EstrategiaDefensiva,EstrategiaDefensiva,2,5,P.E.K.K.A|Bárbaros|Mago|Caballero,P.E.K.K.A|Arqueras|Ejército de Esqueletos|Príncipe,JUGADOR_1,Mago de Hielo,3,6,2,,,,,
partida_85,48,TROPA_DESPLEGADA,JUGADOR_1,192,EstrategiaDefensiva,EstrategiaDefensiva,2,0,P.E.K.K.A|Bárbaros|Mago|Caballero,P.E.K.K.A|Arqueras|Ejército de Esqueletos|Gigante,JUGADOR_2,Príncipe,5,6,28,,,,,
partida_85,59,TROPA_DESPLEGADA,JUGADOR_1,192,EstrategiaDefensiva,EstrategiaDefensiva,2,3,P.E.K.K.A|Bárbaros|Mago|Mosquetera,P.E.K.K.A|Arqueras|Ejército de Esqueletos|Gigante,JUGADOR_1,Caballero,3,6,2,,,,,
partida_85,63,TROPA_DESPLEGADA,JUGADOR_1,192,EstrategiaDefensiva,EstrategiaDefensiva,4,0,P.E.K.K.A|Bárbaros|Mago|Mosquetera,P.E.K.K.A|Arqueras|Ejército de Esqueletos|Valquiria,JUGADOR_2,Gigante,5,6,28,,,,,
partida_85,72,TROPA_DESPLEGADA,JUGADOR_1,192,EstrategiaDefensiva,EstrategiaDefensiva,0,3,Bárbaros|Mago|Mosquetera|Príncipe,P.E.K.K.A|Arqueras|Ejército de Esqueletos|Valquiria,JUGADOR_1,P.E.K.K.A,7,6,2,,,,,
partida_85,79,TROPA_DESPLEGADA,JUGADOR_1,192,EstrategiaDefensiva,EstrategiaDefensiva,2,1,Bárbaros|Mago|Mosquetera|Príncipe,P.E.K.K.A|Arqueras|Ejército de Esqueletos|Caballero,JUGADOR_2,Valquiria,4,6,28,,,,,
partida_85,87,TROPA_DESPLEGADA,JUGADOR_1,192,EstrategiaDefensiva,EstrategiaDefensiva,0,4,Bárbaros|Mago|Mosquetera|Valquiria,P.E.K.K.A|Arqueras|Ejército de Esqueletos|Caballero,JUGADOR_1,Príncipe,5,6,2,,,,,
partida_85,90,TROPA_DESPLEGADA,JUGADOR_1,192,EstrategiaDefensiva,EstrategiaDefensiva,1,2,Bárbaros|Mago|Mosquetera|Valquiria,P.E.K.K.A|Arqueras|Ejército de Esqueletos|Mini P.E.K.K.A,JUGADOR_2,Caballero,3,6,28,,,,,
partida_85,99,TROPA_DESPLEGADA,JUGADOR_1,192,EstrategiaDefensiva,EstrategiaDefensiva,4,1,Bárbaros|Mago|Mosquetera|Valquiria,P.E.K.K.A|Arqueras|Ejército de Esqueletos|Príncipe,JUGADOR_2,Mini P.E.K.K.A,4,6,28,,,,,
partida_85,105,TROPA_DESPLEGADA,JUGADOR_1,192,EstrategiaDefensiva,EstrategiaDefensiva,2,3,Bárbaros|Mago|Mosquetera|Mago de Hielo,P.E.K.K.A|Arqueras|Ejército de Esqueletos|Príncipe,JUGADOR_1,Valquiria,4,6,2,,,,,
partida_85,112,TROPA_DESPLEGADA,JUGADOR_1,192,EstrategiaDefensiva,EstrategiaDefensiva,4,0,Bárbaros|Mago|Mosquetera|Mago de Hielo,P.E.K.K.A|Arqueras|Ejército de Esqueletos|Gigante,JUGADOR_2,Príncipe,5,6,28,,,,,
partida_85,115,TROPA_DESPLEGADA,JUGADOR_1,192,EstrategiaDefensiva,EstrategiaDefensiva,2,1,Bárbaros|Mago|Mosquetera|Caballero,P.E.K.K.A|Arqueras|Ejército de Esqueletos|Gigante,JUGADOR_1,Mago de Hielo,3,6,2,,,,,
partida_85,123,TROPA_DESPLEGADA,JUGADOR_1,192,EstrategiaDefensiva,EstrategiaDefensiva,2,4,Bárbaros|Mago|Mosquetera|P.E.K.K.A,P.E.K.K.A|Arqueras|Ejército de Esqueletos|Gigante,JUGADOR_1,Caballero,3,6,2,,,,,
partida_85,126,TROPA_DESPLEGADA,JUGADOR_1,192,EstrategiaDefensiva,EstrategiaDefensiva,3,0,Bárbaros|Mago|Mosquetera|P.E.K.K.A,P.E.K.K.A|Arqueras|Ejército de Esqueletos|Valquiria,JUGADOR_2,Gigante,5,6,28,,,,,
partida_85,134,TROPA_DESPLEGADA,JUGADOR_1,192,EstrategiaDefensiva,EstrategiaDefensiva,0,2,Bárbaros|Mosquetera|P.E.K.K.A|Príncipe,P.E.K.K.A|Arqueras|Ejército de Esqueletos|Valquiria,JUGADOR_1,Mago,5,6,2,,,,,
partida_85,141,TROPA_DESPLEGADA,JUGADOR_1,192,EstrategiaDefensiva,EstrategiaDefensiva,3,1,Bárbaros|Mosquetera|P.E.K.K.A|Príncipe,P.E.K.K.A|Arqueras|Ejército de Esqueletos|Caballero,JUGADOR_2,Valquiria,4,6,28,,,,,
partida_85,147,TROPA_DESPLEGADA,JUGADOR_1,192,EstrategiaDefensiva,EstrategiaDefensiva,0,3,Bárbaros|Mosquetera|P.E.K.K.A|Valquiria,P.E.K.K.A|Arqueras|Ejército de Esqueletos|Caballero,JUGADOR_1,Príncipe,5,6,2,,,,,
partida_85,153,TROPA_DESPLEGADA,JUGADOR_1,192,EstrategiaDefensiva,EstrategiaDefensiva,2,2,Bárbaros|Mosquetera|P.E.K.K.A|Valquiria,P.E.K.K.A|Arqueras|Ejército de Esqueletos|Mini P.E.K.K.A,JUGADOR_2,Caballero,3,6,28,,,,,
partida_85,163,TROPA_DESPLEGADA,JUGADOR_1,192,EstrategiaDefensiva,EstrategiaDefensiva,1,5,Bárbaros|Mosquetera|P.E.K.K.A|Mago de Hielo,P.E.K.K.A|Arqueras|Ejército de Esqueletos|Mini P.E.K.K.A,JUGADOR_1,Valquiria,4,6,2,,,,,
partida_85,164,TROPA_DESPLEGADA,JUGADOR_1,192,EstrategiaDefensiva,EstrategiaDefensiva,1,1,Bárbaros|Mosquetera|P.E.K.K.A|Mago de Hielo,P.E.K.K.A|Arqueras|Ejército de Esqueletos|Príncipe,JUGADOR_2,Mini P.E.K.K.A,4,6,28,,,,,
partida_85,174,TROPA_DESPLEGADA,JUGADOR_1,192,EstrategiaDefensiva,EstrategiaDefensiva,2,5,Bárbaros|Mosquetera|P.E.K.K.A|Caballero,P.E.K.K.A|Arqueras|Ejército de Esqueletos|Príncipe,JUGADOR_1,Mago de Hielo,3,6,2,,,,,
partida_85,174,TROPA_DESPLEGADA,JUGADOR_1,192,EstrategiaDefensiva,EstrategiaDefensiva,2,0,Bárbaros|Mosquetera|P.E.K.K.A|Caballero,P.E.K.K.A|Arqueras|Ejército de Esqueletos|Gigante,JUGADOR_2,Príncipe,5,6,28,,,,,
partida_85,183,TROPA_DESPLEGADA,JUGADOR_1,192,EstrategiaDefensiva,EstrategiaDefensiva,2,3,Bárbaros|Mosquetera|P.E.K.K.A|Mago,P.E.K.K.A|Arqueras|Ejército de Esqueletos|Gigante,JUGADOR_1,Caballero,3,6,2,,,,,
partida_85,189,TROPA_DESPLEGADA,JUGADOR_1,192,EstrategiaDefensiva,EstrategiaDefensiva,4,0,Bárbaros|Mosquetera|P.E.K.K.A|Mago,P.E.K.K.A|Arqueras|Ejército de Esqueletos|Valquiria,JUGADOR_2,Gigante,5,6,28,,,,,
partida_85,192,TROPA_DESPLEGADA,JUGADOR_1,192,EstrategiaDefensiva,EstrategiaDefensiva,1,1,Bárbaros|P.E.K.K.A|Mago|Príncipe,P.E.K.K.A|Arqueras|Ejército de Esqueletos|Valquiria,JUGADOR_1,Mosquetera,4,6,2,,,,,
partida_85,192,PARTIDA_TERMINADA,JUGADOR_1,192,EstrategiaDefensiva,EstrategiaDefensiva,1,1,Bárbaros|P.E.K.K.A|Mago|Príncipe,P.E.K.K.A|Arqueras|Ejército de Esqueletos|Valquiria,,,,,,,,,,
partida_85,192,PARTIDA_TERMINADA,JUGADOR_1,192,EstrategiaDefensiva,EstrategiaDefensiva,1,1,Bárbaros|P.E.K.K.A|Mago|Príncipe,P.E.K.K.A|Arqueras|Ejército de Esqueletos|Valquiria,,,,,,,,,,
partida_86,1,TROPA_DESPLEGADA,JUGADOR_2,124,EstrategiaDefensiva,EstrategiaAgresiva,5,0,Arqueras|Gigante|Ejército de Esqueletos|Mago de Hielo,Caballero|Mosquetera|Mago de Hielo|Valquiria,JUGADOR_2,Mago,5,0,17,,,,,
partida_86,3,TROPA_DESPLEGADA,JUGADOR_2,124,EstrategiaDefensiva,EstrategiaAgresiva,1,1,Arqueras|Ejército de Esqueletos|Mago de Hielo|Mini P.E.K.K.A,Caballero|Mosquetera|Mago de Hielo|Valquiria,JUGADOR_1,Gigante,5,6,2,,,,,
partida_86,11,TROPA_DESPLEGADA,JUGADOR_2,124,EstrategiaDefensiva,EstrategiaAgresiva,3,0,Arqueras|Ejército de Esqueletos|Mago de Hielo|Mini P.E.K.K.A,Mosquetera|Mago de Hielo|Valquiria|Mini P.E.K.K.A,JUGADOR_2,Caballero,3,0,17,,,,,
partida_86,15,TROPA_DESPLEGADA,JUGADOR_2,124,EstrategiaDefensiva,EstrategiaAgresiva,1,2,Arqueras|Ejército de Esqueletos|Mago de Hielo|Bárbaros,Mosquetera|Mago de Hielo|Valquiria|Mini P.E.K.K.A,JUGADOR_1,Mini P.E.K.K.A,4,6,2,,,,,
partida_86,18,TROPA_DESPLEGADA,JUGADOR_2,124,EstrategiaDefensiva,EstrategiaAgresiva,2,0,Arqueras|Ejército de Esqueletos|Mago de Hielo|Bárbaros,Mosquetera|Valquiria|Mini P.E.K.K.A|Gigante,JUGADOR_2,Mago de Hielo,3,0,17,,,,,
partida_86,30,TROPA_DESPLEGADA,JUGADOR_2,124,EstrategiaDefensiva,EstrategiaAgresiva,3,4,Arqueras|Ejército de Esqueletos|Bárbaros|Mago,Mosquetera|Valquiria|Mini P.E.K.K.A|Gigante,JUGADOR_1,Mago de Hielo,3,6,2,,,,,
partida_86,31,TROPA_DESPLEGADA,JUGADOR_2,124,EstrategiaDefensiva,EstrategiaAgresiva,3,0,Arqueras|Ejército de Esqueletos|Bárbaros|Mago,Mosquetera|Valquiria|Gigante|Ejército de Esqueletos,JUGADOR_2,Mini P.E.K.K.A,4,0,10,,,,,
partida_86,40,TROPA_DESPLEGADA,JUGADOR_2,124,EstrategiaDefensiva,EstrategiaAgresiva,1,3,Arqueras|Ejército de Esqueletos|Bárbaros|Mosquetera,Mosquetera|Valquiria|Gigante|Ejército de Esqueletos,JUGADOR_1,Mago,5,6,2,,,,,
partida_86,40,TROPA_DESPLEGADA,JUGADOR_2,124,EstrategiaDefensiva,EstrategiaAgresiva,1,0,Arqueras|Ejército de Esqueletos|Bárbaros|Mosquetera,Mosquetera|Valquiria|Gigante|Mago,JUGADOR_2,Ejército de Esqueletos,3,0,10,,,,,
partida_86,51,TROPA_DESPLEGADA,JUGADOR_2,124,EstrategiaDefensiva,EstrategiaAgresiva,1,4,Arqueras|Ejército de Esqueletos|Bárbaros|Gigante,Mosquetera|Valquiria|Gigante|Mago,JUGADOR_1,Mosquetera,4,6,2,,,,,
partida_86,51,TROPA_DESPLEGADA,JUGADOR_2,124,EstrategiaDefensiva,EstrategiaAgresiva,1,0,Arqueras|Ejército de Esqueletos|Bárbaros|Gigante,Mosquetera|Gigante|Mago|Caballero,JUGADOR_2,Valquiria,4,0,10,,,,,
partida_86,60,TROPA_DESPLEGADA,JUGADOR_2,124,EstrategiaDefensiva,EstrategiaAgresiva,4,0,Arqueras|Ejército de Esqueletos|Bárbaros|Gigante,Mosquetera|Gigante|Mago|Mago de Hielo,JUGADOR_2,Caballero,3,0,10,,,,,
partida_86,66,TROPA_DESPLEGADA,JUGADOR_2,124,EstrategiaDefensiva,EstrategiaAgresiva,1,2,Arqueras|Ejército de Esqueletos|Bárbaros|Mini P.E.K.K.A,Mosquetera|Gigante|Mago|Mago de Hielo,JUGADOR_1,Gigante,5,6,2,,,,,
partida_86,69,TROPA_DESPLEGADA,JUGADOR_2,124,EstrategiaDefensiva,EstrategiaAgresiva,2,0,Arqueras|Ejército de Esqueletos|Bárbaros|Mini P.E.K.K.A,Mosquetera|Gigante|Mago|Mini P.E.K.K.A,JUGADOR_2,Mago de Hielo,3,0,10,,,,,
partida_86,78,TROPA_DESPLEGADA,JUGADOR_2,124,EstrategiaDefensiva,EstrategiaAgresiva,1,3,Arqueras|Ejército de Esqueletos|Bárbaros|Mago de Hielo,Mosquetera|Gigante|Mago|Mini P.E.K.K.A,JUGADOR_1,Mini P.E.K.K.A,4,6,2,,,,,
partida_86,81,TROPA_DESPLEGADA,JUGADOR_2,124,EstrategiaDefensiva,EstrategiaAgresiva,2,0,Arqueras|Ejército de Esqueletos|Bárbaros|Mago de Hielo,Mosquetera|Gigante|Mago|Ejército de Esqueletos,JUGADOR_2,Mini P.E.K.K.A,4,0,10,,,,,
partida_86,94,TROPA_DESPLEGADA,JUGADOR_2,124,EstrategiaDefensiva,EstrategiaAgresiva,6,0,Arqueras|Ejército de Esqueletos|Bárbaros|Mago de Hielo,Gigante|Mago|Ejército de Esqueletos|Valquiria,JUGADOR_2,Mosquetera,4,0,10,,,,,
partida_86,95,TROPA_DESPLEGADA,JUGADOR_2,124,EstrategiaDefensiva,EstrategiaAgresiva,3,0,Arqueras|Ejército de Esqueletos|Bárbaros|Mago,Gigante|Mago|Ejército de Esqueletos|Valquiria,JUGADOR_1,Mago de Hielo,3,6,2,,,,,
partida_86,99,TROPA_DESPLEGADA,JUGADOR_2,124,EstrategiaDefensiva,EstrategiaAgresiva,0,2,Arqueras|Ejército de Esqueletos|Bárbaros|Mosquetera,Gigante|Mago|Ejército de Esqueletos|Valquiria,JUGADOR_1,Mago,5,8,0,,,,,
partida_86,102,TROPA_DESPLEGADA,JUGADOR_2,124,EstrategiaDefensiva,EstrategiaAgresiva,1,0,Arqueras|Ejército de Esqueletos|Bárbaros|Mosquetera,Gigante|Mago|Valquiria|Caballero,JUGADOR_2,Ejército de Esqueletos,3,0,10,,,,,
partida_86,112,TROPA_DESPLEGADA,JUGADOR_2,124,EstrategiaDefensiva,EstrategiaAgresiva,4,0,Arqueras|Ejército de Esqueletos|Bárbaros|Mosquetera,Gigante|Mago|Valquiria|Mago de Hielo,JUGADOR_2,Caballero,3,0,10,,,,,
partida_86,114,TROPA_DESPLEGADA,JUGADOR_2,124,EstrategiaDefensiva,EstrategiaAgresiva,1,1,Arqueras|Ejército de Esqueletos|Bárbaros|Gigante,Gigante|Mago|Valquiria|Mago de Hielo,JUGADOR_1,Mosquetera,4,6,2,,,,,
partida_86,120,TROPA_DESPLEGADA,JUGADOR_2,124,EstrategiaDefensiva,EstrategiaAgresiva,3,0,Arqueras|Ejército de Esqueletos|Bárbaros|Gigante,Gigante|Mago|Valquiria|Mini P.E.K.K.A,JUGADOR_2,Mago de Hielo,3,0,10,,,,,
partida_86,124,PARTIDA_TERMINADA,JUGADOR_2,124,EstrategiaDefensiva,EstrategiaAgresiva,4,1,Arqueras|Ejército de Esqueletos|Bárbaros|Gigante,Gigante|Mago|Valquiria|Mini P.E.K.K.A,,,,,,,,,,
partida_87,1,TROPA_DESPLEGADA,JUGADOR_2,180,EstrategiaAleatoria,EstrategiaMenorCosto,5,2,Mosquetera|Bárbaros|Valquiria|P.E.K.K.A,Gigante|Mini P.E.K.K.A|Mago|Mago de Hielo,JUGADOR_2,Ejército de Esqueletos,3,6,18,,,,,
partida_87,2,TROPA_DESPLEGADA,JUGADOR_2,180,EstrategiaAleatoria,EstrategiaMenorCosto,1,2,Bárbaros|Valquiria|P.E.K.K.A|Príncipe,Gigante|Mini P.E.K.K.A|Mago|Mago de Hielo,JUGADOR_1,Mosquetera,4,9,6,,,,,
partida_87,3,TROPA_DESPLEGADA,JUGADOR_2,180,EstrategiaAleatoria,EstrategiaMenorCosto,2,0,Bárbaros|Valquiria|P.E.K.K.A|Príncipe,Gigante|Mini P.E.K.K.A|Mago|Príncipe,JUGADOR_2,Mago de Hielo,3,3,18,,,,,
partida_87,15,TROPA_DESPLEGADA,JUGADOR_2,180,EstrategiaAleatoria,EstrategiaMenorCosto,6,0,Bárbaros|Valquiria|P.E.K.K.A|Príncipe,Gigante|Mago|Príncipe|P.E.K.K.A,JUGADOR_2,Mini P.E.K.K.A,4,15,19,,,,,
partida_87,18,TROPA_DESPLEGADA,JUGADOR_2,180,EstrategiaAleatoria,EstrategiaMenorCosto,0,1,Bárbaros|Valquiria|Príncipe|Ejército de Esqueletos,Gigante|Mago|Príncipe|P.E.K.K.A,JUGADOR_1,P.E.K.K.A,7,8,8,,,,,
partida_87,28,TROPA_DESPLEGADA,JUGADOR_2,180,EstrategiaAleatoria,EstrategiaMenorCosto,0,4,Bárbaros|Valquiria|Príncipe|Mago de Hielo,Gigante|Mago|Príncipe|P.E.K.K.A,JUGADOR_1,Ejército de Esqueletos,3,13,0,,,,,
partida_87,30,TROPA_DESPLEGADA,JUGADOR_2,180,EstrategiaAleatoria,EstrategiaMenorCosto,1,0,Bárbaros|Valquiria|Príncipe|Mago de Hielo,Mago|Príncipe|P.E.K.K.A|Bárbaros,JUGADOR_2,Gigante,5,3,17,,,,,
partida_87,38,TROPA_DESPLEGADA,JUGADOR_2,180,EstrategiaAleatoria,EstrategiaMenorCosto,0,2,Bárbaros|Valquiria|Príncipe|Caballero,Mago|Príncipe|P.E.K.K.A|Bárbaros,JUGADOR_1,Mago de Hielo,3,6,5,,,,,
partida_87,45,TROPA_DESPLEGADA,JUGADOR_2,180,EstrategiaAleatoria,EstrategiaMenorCosto,0,5,Bárbaros|Valquiria|Príncipe|Mosquetera,Mago|Príncipe|P.E.K.K.A|Bárbaros,JUGADOR_1,Caballero,3,3,3,,,,,
partida_87,45,TROPA_DESPLEGADA,JUGADOR_2,180,EstrategiaAleatoria,EstrategiaMenorCosto,0,0,Bárbaros|Valquiria|Príncipe|Mosquetera,Príncipe|P.E.K.K.A|Bárbaros|Ejército de Esqueletos,JUGADOR_2,Mago,5,12,21,,,,,
partida_87,54,TROPA_DESPLEGADA,JUGADOR_2,180,EstrategiaAleatoria,EstrategiaMenorCosto,3,0,Bárbaros|Valquiria|Príncipe|Mosquetera,Príncipe|P.E.K.K.A|Bárbaros|Mago de Hielo,JUGADOR_2,Ejército de Esqueletos,3,5,29,,,,,
partida_87,59,TROPA_DESPLEGADA,JUGADOR_2,180,EstrategiaAleatoria,EstrategiaMenorCosto,0,1,Bárbaros|Valquiria|Príncipe|P.E.K.K.A,Príncipe|P.E.K.K.A|Bárbaros|Mago de Hielo,JUGADOR_1,Mosquetera,4,9,0,,,,,
partida_87,64,TROPA_DESPLEGADA,JUGADOR_2,180,EstrategiaAleatoria,EstrategiaMenorCosto,2,0,Bárbaros|Valquiria|Príncipe|P.E.K.K.A,Príncipe|P.E.K.K.A|Bárbaros|Mini P.E.K.K.A,JUGADOR_2,Mago de Hielo,3,7,23,,,,,
partida_87,70,TROPA_DESPLEGADA,JUGADOR_2,180,EstrategiaAleatoria,EstrategiaMenorCosto,0,2,Bárbaros|Príncipe|P.E.K.K.A|Ejército de Esqueletos,Príncipe|P.E.K.K.A|Bárbaros|Mini P.E.K.K.A,JUGADOR_1,Valquiria,4,0,12,,,,,
partida_87,75,TROPA_DESPLEGADA,JUGADOR_2,180,EstrategiaAleatoria,EstrategiaMenorCosto,2,0,Bárbaros|Príncipe|P.E.K.K.A|Ejército de Esqueletos,Príncipe|P.E.K.K.A|Bárbaros|Gigante,JUGADOR_2,Mini P.E.K.K.A,4,6,19,,,,,
partida_87,80,TROPA_DESPLEGADA,JUGADOR_2,180,EstrategiaAleatoria,EstrategiaMenorCosto,0,1,Bárbaros|Príncipe|P.E.K.K.A|Mago de Hielo,Príncipe|P.E.K.K.A|Bárbaros|Gigante,JUGADOR_1,Ejército de Esqueletos,3,10,13,,,,,
partida_87,90,TROPA_DESPLEGADA,JUGADOR_2,180,EstrategiaAleatoria,EstrategiaMenorCosto,4,0,Bárbaros|Príncipe|P.E.K.K.A|Mago de Hielo,P.E.K.K.A|Bárbaros|Gigante|Mago,JUGADOR_2,Príncipe,5,7,31,,,,,
partida_87,91,TROPA_DESPLEGADA,JUGADOR_2,180,EstrategiaAleatoria,EstrategiaMenorCosto,1,0,Bárbaros|Príncipe|P.E.K.K.A|Caballero,P.E.K.K.A|Bárbaros|Gigante|Mago,JUGADOR_1,Mago de Hielo,3,6,2,,,,,
partida_87,96,TROPA_DESPLEGADA,JUGADOR_2,180,EstrategiaAleatoria,EstrategiaMenorCosto,0,2,Bárbaros|Príncipe|P.E.K.K.A|Mosquetera,P.E.K.K.A|Bárbaros|Gigante|Mago,JUGADOR_1,Caballero,3,12,6,,,,,
partida_87,105,TROPA_DESPLEGADA,JUGADOR_2,180,EstrategiaAleatoria,EstrategiaMenorCosto,3,0,Bárbaros|Príncipe|P.E.K.K.A|Mosquetera,P.E.K.K.A|Gigante|Mago|Ejército de Esqueletos,JUGADOR_2,Bárbaros,5,13,19,,,,,
partida_87,110,TROPA_DESPLEGADA,JUGADOR_2,180,EstrategiaAleatoria,EstrategiaMenorCosto,0,1,Bárbaros|Príncipe|P.E.K.K.A|Valquiria,P.E.K.K.A|Gigante|Mago|Ejército de Esqueletos,JUGADOR_1,Mosquetera,4,4,11,,,,,
partida_87,114,TROPA_DESPLEGADA,JUGADOR_2,180,EstrategiaAleatoria,EstrategiaMenorCosto,2,0,Bárbaros|Príncipe|P.E.K.K.A|Valquiria,P.E.K.K.A|Gigante|Mago|Mago de Hielo,JUGADOR_2,Ejército de Esqueletos,3,8,21,,,,,
partida_87,120,TROPA_DESPLEGADA,JUGADOR_2,180,EstrategiaAleatoria,EstrategiaMenorCosto,0,2,Bárbaros|Príncipe|P.E.K.K.A|Ejército de Esqueletos,P.E.K.K.A|Gigante|Mago|Mago de Hielo,JUGADOR_1,Valquiria,4,5,12,,,,,
partida_87,123,TROPA_DESPLEGADA,JUGADOR_2,180,EstrategiaAleatoria,EstrategiaMenorCosto,1,0,Bárbaros|Príncipe|P.E.K.K.A|Ejército de Esqueletos,P.E.K.K.A|Gigante|Mago|Mini P.E.K.K.A,JUGADOR_2,Mago de Hielo,3,13,31,,,,,
partida_87,129,TROPA_DESPLEGADA,JUGADOR_2,180,EstrategiaAleatoria,EstrategiaMenorCosto,0,2,Bárbaros|Príncipe|P.E.K.K.A|Mago de Hielo,P.E.K.K.A|Gigante|Mago|Mini P.E.K.K.A,JUGADOR_1,Ejército de Esqueletos,3,17,12,,,,,
partida_87,135,TROPA_DESPLEGADA,JUGADOR_2,180,EstrategiaAleatoria,EstrategiaMenorCosto,2,0,Bárbaros|Príncipe|P.E.K.K.A|Mago de Hielo,P.E.K.K.A|Gigante|Mago|Príncipe,JUGADOR_2,Mini P.E.K.K.A,4,13,27,,,,,
partida_87,138,TROPA_DESPLEGADA,JUGADOR_2,180,EstrategiaAleatoria,EstrategiaMenorCosto,0,1,Bárbaros|Príncipe|P.E.K.K.A|Caballero,P.E.K.K.A|Gigante|Mago|Príncipe,JUGADOR_1,Mago de Hielo,3,17,5,,,,,
partida_87,147,TROPA_DESPLEGADA,JUGADOR_2,180,EstrategiaAleatoria,EstrategiaMenorCosto,0,4,Bárbaros|Príncipe|P.E.K.K.A|Mosquetera,P.E.K.K.A|Gigante|Mago|Príncipe,JUGADOR_1,Caballero,3,11,8,,,,,
partida_87,150,TROPA_DESPLEGADA,JUGADOR_2,180,EstrategiaAleatoria,EstrategiaMenorCosto,1,0,Bárbaros|Príncipe|P.E.K.K.A|Mosquetera,P.E.K.K.A|Mago|Príncipe|Bárbaros,JUGADOR_2,Gigante,5,15,30,,,,,
partida_87,159,TROPA_DESPLEGADA,JUGADOR_2,180,EstrategiaAleatoria,EstrategiaMenorCosto,0,3,Bárbaros|Príncipe|P.E.K.K.A|Valquiria,P.E.K.K.A|Mago|Príncipe|Bárbaros,JUGADOR_1,Mosquetera,4,16,4,,,,,
partida_87,165,TROPA_DESPLEGADA,JUGADOR_2,180,EstrategiaAleatoria,EstrategiaMenorCosto,2,0,Bárbaros|Príncipe|P.E.K.K.A|Valquiria,P.E.K.K.A|Príncipe|Bárbaros|Ejército de Esqueletos,JUGADOR_2,Mago,5,14,23,,,,,
partida_87,172,TROPA_DESPLEGADA,JUGADOR_2,180,EstrategiaAleatoria,EstrategiaMenorCosto,0,2,Bárbaros|Príncipe|P.E.K.K.A|Ejército de Esqueletos,P.E.K.K.A|Príncipe|Bárbaros|Ejército de Esqueletos,JUGADOR_1,Valquiria,4,10,12,,,,,
partida_87,174,TROPA_DESPLEGADA,JUGADOR_2,180,EstrategiaAleatoria,EstrategiaMenorCosto,1,0,Bárbaros|Príncipe|P.E.K.K.A|Ejército de Esqueletos,P.E.K.K.A|Príncipe|Bárbaros|Mago de Hielo,JUGADOR_2,Ejército de Esqueletos,3,0,10,,,,,
partida_87,180,PARTIDA_TERMINADA,JUGADOR_2,180,EstrategiaAleatoria,EstrategiaMenorCosto,3,2,Bárbaros|Príncipe|P.E.K.K.A|Ejército de Esqueletos,P.E.K.K.A|Príncipe|Bárbaros|Mago de Hielo,,,,,,,,,,
partida_88,1,TROPA_DESPLEGADA,JUGADOR_1,42,EstrategiaAgresiva,EstrategiaAgresiva,1,5,Mosquetera|Arqueras|Mago|Ejército de Esqueletos,Valquiria|Ejército de Esqueletos|P.E.K.K.A|Mago de Hielo,JUGADOR_1,Mini P.E.K.K.A,4,0,14,,,,,
partida_88,1,TROPA_DESPLEGADA,JUGADOR_1,42,EstrategiaAgresiva,EstrategiaAgresiva,1,1,Mosquetera|Arqueras|Mago|Ejército de Esqueletos,Ejército de Esqueletos|P.E.K.K.A|Mago de Hielo|Bárbaros,JUGADOR_2,Valquiria,4,0,17,,,,,
partida_88,6,TROPA_DESPLEGADA,JUGADOR_1,42,EstrategiaAgresiva,EstrategiaAgresiva,3,0,Mosquetera|Arqueras|Mago|Ejército de Esqueletos,Ejército de Esqueletos|P.E.K.K.A|Bárbaros|Arqueras,JUGADOR_2,Mago de Hielo,3,0,17,,,,,
partida_88,9,TROPA_DESPLEGADA,JUGADOR_1,42,EstrategiaAgresiva,EstrategiaAgresiva,0,1,Arqueras|Mago|Ejército de Esqueletos|Mago de Hielo,Ejército de Esqueletos|P.E.K.K.A|Bárbaros|Arqueras,JUGADOR_1,Mosquetera,4,0,14,,,,,
partida_88,15,TROPA_DESPLEGADA,JUGADOR_1,42,EstrategiaAgresiva,EstrategiaAgresiva,2,0,Arqueras|Mago|Ejército de Esqueletos|Mago de Hielo,P.E.K.K.A|Bárbaros|Arqueras|Mosquetera,JUGADOR_2,Ejército de Esqueletos,3,0,17,,,,,
partida_88,19,TROPA_DESPLEGADA,JUGADOR_1,42,EstrategiaAgresiva,EstrategiaAgresiva,0,1,Arqueras|Mago|Ejército de Esqueletos|Gigante,P.E.K.K.A|Bárbaros|Arqueras|Mosquetera,JUGADOR_1,Mago de Hielo,3,0,14,,,,,
partida_88,25,TROPA_DESPLEGADA,JUGADOR_1,42,EstrategiaAgresiva,EstrategiaAgresiva,2,0,Arqueras|Mago|Ejército de Esqueletos|Gigante,P.E.K.K.A|Bárbaros|Mosquetera|Mago,JUGADOR_2,Arqueras,3,0,22,,,,,
partida_88,27,TROPA_DESPLEGADA,JUGADOR_1,42,EstrategiaAgresiva,EstrategiaAgresiva,0,1,Arqueras|Mago|Gigante|Bárbaros,P.E.K.K.A|Bárbaros|Mosquetera|Mago,JUGADOR_1,Ejército de Esqueletos,3,0,21,,,,,
partida_88,36,TROPA_DESPLEGADA,JUGADOR_1,42,EstrategiaAgresiva,EstrategiaAgresiva,0,4,Mago|Gigante|Bárbaros|Mini P.E.K.K.A,P.E.K.K.A|Bárbaros|Mosquetera|Mago,JUGADOR_1,Arqueras,3,0,21,,,,,
partida_88,36,TROPA_DESPLEGADA,JUGADOR_1,42,EstrategiaAgresiva,EstrategiaAgresiva,0,0,Mago|Gigante|Bárbaros|Mini P.E.K.K.A,P.E.K.K.A|Bárbaros|Mago|Valquiria,JUGADOR_2,Mosquetera,4,0,22,,,,,
partida_88,42,PARTIDA_TERMINADA,JUGADOR_1,42,EstrategiaAgresiva,EstrategiaAgresiva,2,2,Mago|Gigante|Bárbaros|Mini P.E.K.K.A,P.E.K.K.A|Bárbaros|Mago|Valquiria,,,,,,,,,,
partida_89,1,TROPA_DESPLEGADA,JUGADOR_2,179,EstrategiaAgresiva,EstrategiaAleatoria,0,5,Arqueras|Mago de Hielo|P.E.K.K.A|Gigante,Príncipe|Bárbaros|Gigante|Ejército de Esqueletos,JUGADOR_1,Príncipe,5,0,14,,,,,
partida_89,1,TROPA_DESPLEGADA,JUGADOR_2,179,EstrategiaAgresiva,EstrategiaAleatoria,0,0,Arqueras|Mago de Hielo|P.E.K.K.A|Gigante,Príncipe|Gigante|Ejército de Esqueletos|Mosquetera,JUGADOR_2,Bárbaros,5,10,20,,,,,
partida_89,9,TROPA_DESPLEGADA,JUGADOR_2,179,EstrategiaAgresiva,EstrategiaAleatoria,0,3,Arqueras|P.E.K.K.A|Gigante|Caballero,Príncipe|Gigante|Ejército de Esqueletos|Mosquetera,JUGADOR_1,Mago de Hielo,3,0,14,,,,,
partida_89,11,TROPA_DESPLEGADA,JUGADOR_2,179,EstrategiaAgresiva,EstrategiaAleatoria,0,0,Arqueras|P.E.K.K.A|Gigante|Caballero,Príncipe|Gigante|Mosquetera|Valquiria,JUGADOR_2,Ejército de Esqueletos,3,4,19,,,,,
partida_89,19,TROPA_DESPLEGADA,JUGADOR_2,179,EstrategiaAgresiva,EstrategiaAleatoria,0,3,Arqueras|P.E.K.K.A|Gigante|Mosquetera,Príncipe|Gigante|Mosquetera|Valquiria,JUGADOR_1,Caballero,3,0,14,,,,,
partida_89,25,TROPA_DESPLEGADA,JUGADOR_2,179,EstrategiaAgresiva,EstrategiaAleatoria,2,1,Arqueras|P.E.K.K.A|Gigante|Mosquetera,Príncipe|Gigante|Valquiria|Mini P.E.K.K.A,JUGADOR_2,Mosquetera,4,0,20,,,,,
partida_89,27,TROPA_DESPLEGADA,JUGADOR_2,179,EstrategiaAgresiva,EstrategiaAleatoria,0,2,P.E.K.K.A|Gigante|Mosquetera|Valquiria,Príncipe|Gigante|Valquiria|Mini P.E.K.K.A,JUGADOR_1,Arqueras,3,0,14,,,,,
partida_89,34,TROPA_DESPLEGADA,JUGADOR_2,179,EstrategiaAgresiva,EstrategiaAleatoria,2,0,P.E.K.K.A|Gigante|Mosquetera|Valquiria,Príncipe|Gigante|Mini P.E.K.K.A|Mago de Hielo,JUGADOR_2,Valquiria,4,8,24,,,,,
partida_89,40,TROPA_DESPLEGADA,JUGADOR_2,179,EstrategiaAgresiva,EstrategiaAleatoria,0,2,P.E.K.K.A|Gigante|Mosquetera|Príncipe,Príncipe|Gigante|Mini P.E.K.K.A|Mago de Hielo,JUGADOR_1,Valquiria,4,0,14,,,,,
partida_89,43,TROPA_DESPLEGADA,JUGADOR_2,179,EstrategiaAgresiva,EstrategiaAleatoria,1,0,P.E.K.K.A|Gigante|Mosquetera|Príncipe,Príncipe|Gigante|Mini P.E.K.K.A|Bárbaros,JUGADOR_2,Mago de Hielo,3,5,28,,,,,
partida_89,52,TROPA_DESPLEGADA,JUGADOR_2,179,EstrategiaAgresiva,EstrategiaAleatoria,0,3,P.E.K.K.A|Gigante|Príncipe|Mago de Hielo,Príncipe|Gigante|Mini P.E.K.K.A|Bárbaros,JUGADOR_1,Mosquetera,4,0,14,,,,,
partida_89,58,TROPA_DESPLEGADA,JUGADOR_2,179,EstrategiaAgresiva,EstrategiaAleatoria,2,0,P.E.K.K.A|Gigante|Príncipe|Mago de Hielo,Gigante|Mini P.E.K.K.A|Bárbaros|Ejército de Esqueletos,JUGADOR_2,Príncipe,5,14,30,,,,,
partida_89,60,TROPA_DESPLEGADA,JUGADOR_2,179,EstrategiaAgresiva,EstrategiaAleatoria,0,1,P.E.K.K.A|Gigante|Príncipe|Caballero,Gigante|Mini P.E.K.K.A|Bárbaros|Ejército de Esqueletos,JUGADOR_1,Mago de Hielo,3,0,14,,,,,
partida_89,66,TROPA_DESPLEGADA,JUGADOR_2,179,EstrategiaAgresiva,EstrategiaAleatoria,2,0,P.E.K.K.A|Gigante|Príncipe|Caballero,Gigante|Mini P.E.K.K.A|Bárbaros|Mosquetera,JUGADOR_2,Ejército de Esqueletos,3,4,18,,,,,
partida_89,69,TROPA_DESPLEGADA,JUGADOR_2,179,EstrategiaAgresiva,EstrategiaAleatoria,0,1,P.E.K.K.A|Gigante|Príncipe|Arqueras,Gigante|Mini P.E.K.K.A|Bárbaros|Mosquetera,JUGADOR_1,Caballero,3,0,21,,,,,
partida_89,79,TROPA_DESPLEGADA,JUGADOR_2,179,EstrategiaAgresiva,EstrategiaAleatoria,0,4,P.E.K.K.A|Gigante|Príncipe|Valquiria,Gigante|Mini P.E.K.K.A|Bárbaros|Mosquetera,JUGADOR_1,Arqueras,3,0,21,,,,,
partida_89,83,TROPA_DESPLEGADA,JUGADOR_2,179,EstrategiaAgresiva,EstrategiaAleatoria,1,1,P.E.K.K.A|Gigante|Príncipe|Valquiria,Gigante|Bárbaros|Mosquetera|Valquiria,JUGADOR_2,Mini P.E.K.K.A,4,4,29,,,,,
partida_89,91,TROPA_DESPLEGADA,JUGADOR_2,179,EstrategiaAgresiva,EstrategiaAleatoria,4,0,P.E.K.K.A|Gigante|Príncipe|Valquiria,Gigante|Bárbaros|Mosquetera|Mago de Hielo,JUGADOR_2,Valquiria,4,11,27,,,,,
partida_89,93,TROPA_DESPLEGADA,JUGADOR_2,179,EstrategiaAgresiva,EstrategiaAleatoria,0,1,P.E.K.K.A|Gigante|Valquiria|Mosquetera,Gigante|Bárbaros|Mosquetera|Mago de Hielo,JUGADOR_1,Príncipe,5,0,21,,,,,
partida_89,100,TROPA_DESPLEGADA,JUGADOR_2,179,EstrategiaAgresiva,EstrategiaAleatoria,2,0,P.E.K.K.A|Gigante|Valquiria|Mosquetera,Gigante|Bárbaros|Mosquetera|Príncipe,JUGADOR_2,Mago de Hielo,3,16,20,,,,,
partida_89,106,TROPA_DESPLEGADA,JUGADOR_2,179,EstrategiaAgresiva,EstrategiaAleatoria,0,2,P.E.K.K.A|Gigante|Mosquetera|Mago de Hielo,Gigante|Bárbaros|Mosquetera|Príncipe,JUGADOR_1,Valquiria,4,0,21,,,,,
partida_89,112,TROPA_DESPLEGADA,JUGADOR_2,179,EstrategiaAgresiva,EstrategiaAleatoria,2,0,P.E.K.K.A|Gigante|Mosquetera|Mago de Hielo,Gigante|Bárbaros|Príncipe|Ejército de Esqueletos,JUGADOR_2,Mosquetera,4,17,21,,,,,
partida_89,114,TROPA_DESPLEGADA,JUGADOR_2,179,EstrategiaAgresiva,EstrategiaAleatoria,0,1,P.E.K.K.A|Gigante|Mosquetera|Caballero,Gigante|Bárbaros|Príncipe|Ejército de Esqueletos,JUGADOR_1,Mago de Hielo,3,0,21,,,,,
partida_89,123,TROPA_DESPLEGADA,JUGADOR_2,179,EstrategiaAgresiva,EstrategiaAleatoria,0,4,P.E.K.K.A|Gigante|Mosquetera|Arqueras,Gigante|Bárbaros|Príncipe|Ejército de Esqueletos,JUGADOR_1,Caballero,3,0,21,,,,,
partida_89,125,TROPA_DESPLEGADA,JUGADOR_2,179,EstrategiaAgresiva,EstrategiaAleatoria,0,1,P.E.K.K.A|Gigante|Mosquetera|Arqueras,Gigante|Bárbaros|Príncipe|Mini P.E.K.K.A,JUGADOR_2,Ejército de Esqueletos,3,12,23,,,,,
partida_89,132,TROPA_DESPLEGADA,JUGADOR_2,179,EstrategiaAgresiva,EstrategiaAleatoria,0,4,P.E.K.K.A|Gigante|Mosquetera|Príncipe,Gigante|Bárbaros|Príncipe|Mini P.E.K.K.A,JUGADOR_1,Arqueras,3,0,21,,,,,
partida_89,132,TROPA_DESPLEGADA,JUGADOR_2,179,EstrategiaAgresiva,EstrategiaAleatoria,0,0,P.E.K.K.A|Gigante|Mosquetera|Príncipe,Gigante|Bárbaros|Príncipe|Valquiria,JUGADOR_2,Mini P.E.K.K.A,4,12,20,,,,,
partida_89,145,TROPA_DESPLEGADA,JUGADOR_2,179,EstrategiaAgresiva,EstrategiaAleatoria,0,4,P.E.K.K.A|Gigante|Príncipe|Valquiria,Gigante|Bárbaros|Príncipe|Valquiria,JUGADOR_1,Mosquetera,4,0,21,,,,,
partida_89,145,TROPA_DESPLEGADA,JUGADOR_2,179,EstrategiaAgresiva,EstrategiaAleatoria,0,0,P.E.K.K.A|Gigante|Príncipe|Valquiria,Gigante|Bárbaros|Príncipe|Mago de Hielo,JUGADOR_2,Valquiria,4,2,27,,,,,
partida_89,154,TROPA_DESPLEGADA,JUGADOR_2,179,EstrategiaAgresiva,EstrategiaAleatoria,3,0,P.E.K.K.A|Gigante|Príncipe|Valquiria,Gigante|Bárbaros|Príncipe|Mosquetera,JUGADOR_2,Mago de Hielo,3,5,30,,,,,
partida_89,156,TROPA_DESPLEGADA,JUGADOR_2,179,EstrategiaAgresiva,EstrategiaAleatoria,0,1,P.E.K.K.A|Gigante|Príncipe|Mago de Hielo,Gigante|Bárbaros|Príncipe|Mosquetera,JUGADOR_1,Valquiria,4,0,20,,,,,
partida_89,165,TROPA_DESPLEGADA,JUGADOR_2,179,EstrategiaAgresiva,EstrategiaAleatoria,0,4,P.E.K.K.A|Gigante|Príncipe|Caballero,Gigante|Bárbaros|Príncipe|Mosquetera,JUGADOR_1,Mago de Hielo,3,0,21,,,,,
partida_89,165,TROPA_DESPLEGADA,JUGADOR_2,179,EstrategiaAgresiva,EstrategiaAleatoria,0,0,P.E.K.K.A|Gigante|Príncipe|Caballero,Gigante|Bárbaros|Príncipe|Ejército de Esqueletos,JUGADOR_2,Mosquetera,4,13,29,,,,,
partida_89,174,TROPA_DESPLEGADA,JUGADOR_2,179,EstrategiaAgresiva,EstrategiaAleatoria,0,3,P.E.K.K.A|Gigante|Príncipe|Arqueras,Gigante|Bárbaros|Príncipe|Ejército de Esqueletos,JUGADOR_1,Caballero,3,0,21,,,,,
partida_89,174,TROPA_DESPLEGADA,JUGADOR_2,179,EstrategiaAgresiva,EstrategiaAleatoria,0,0,P.E.K.K.A|Gigante|Príncipe|Arqueras,Gigante|Bárbaros|Príncipe|Mini P.E.K.K.A,JUGADOR_2,Ejército de Esqueletos,3,15,11,,,,,
partida_89,179,PARTIDA_TERMINADA,JUGADOR_2,179,EstrategiaAgresiva,EstrategiaAleatoria,1,1,P.E.K.K.A|Gigante|Príncipe|Arqueras,Gigante|Bárbaros|Príncipe|Mini P.E.K.K.A,,,,,,,,,,
partida_90,1,TROPA_DESPLEGADA,JUGADOR_1,180,EstrategiaMenorCosto,EstrategiaMenorCosto,2,5,Mini P.E.K.K.A|P.E.K.K.A|Mago|Mosquetera,Arqueras|Mago|Valquiria|Mago de Hielo,JUGADOR_1,Ejército de Esqueletos,3,13,13,,,,,
partida_90,1,TROPA_DESPLEGADA,JUGADOR_1,180,EstrategiaMenorCosto,EstrategiaMenorCosto,2,2,Mini P.E.K.K.A|P.E.K.K.A|Mago|Mosquetera,Mago|Valquiria|Mago de Hielo|Bárbaros,JUGADOR_2,Arqueras,3,1,19,,,,,
partida_90,4,TROPA_DESPLEGADA,JUGADOR_1,180,EstrategiaMenorCosto,EstrategiaMenorCosto,3,0,Mini P.E.K.K.A|P.E.K.K.A|Mago|Mosquetera,Mago|Valquiria|Bárbaros|Gigante,JUGADOR_2,Mago de Hielo,3,4,30,,,,,
partida_90,7,TROPA_DESPLEGADA,JUGADOR_1,180,EstrategiaMenorCosto,EstrategiaMenorCosto,0,1,P.E.K.K.A|Mago|Mosquetera|Caballero,Mago|Valquiria|Bárbaros|Gigante,JUGADOR_1,Mini P.E.K.K.A,4,17,8,,,,,
partida_90,15,TROPA_DESPLEGADA,JUGADOR_1,180,EstrategiaMenorCosto,EstrategiaMenorCosto,0,4,P.E.K.K.A|Mago|Mosquetera|Arqueras,Mago|Valquiria|Bárbaros|Gigante,JUGADOR_1,Caballero,3,11,3,,,,,
partida_90,15,TROPA_DESPLEGADA,JUGADOR_1,180,EstrategiaMenorCosto,EstrategiaMenorCosto,0,0,P.E.K.K.A|Mago|Mosquetera|Arqueras,Mago|Bárbaros|Gigante|Caballero,JUGADOR_2,Valquiria,4,15,30,,,,,
partida_90,24,TROPA_DESPLEGADA,JUGADOR_1,180,EstrategiaMenorCosto,EstrategiaMenorCosto,0,3,P.E.K.K.A|Mago|Mosquetera|Bárbaros,Mago|Bárbaros|Gigante|Caballero,JUGADOR_1,Arqueras,3,13,13,,,,,
partida_90,24,TROPA_DESPLEGADA,JUGADOR_1,180,EstrategiaMenorCosto,EstrategiaMenorCosto,0,0,P.E.K.K.A|Mago|Mosquetera|Bárbaros,Mago|Bárbaros|Gigante|Ejército de Esqueletos,JUGADOR_2,Caballero,3,6,29,,,,,
partida_90,33,TROPA_DESPLEGADA,JUGADOR_1,180,EstrategiaMenorCosto,EstrategiaMenorCosto,3,0,P.E.K.K.A|Mago|Mosquetera|Bárbaros,Mago|Bárbaros|Gigante|Arqueras,JUGADOR_2,Ejército de Esqueletos,3,17,30,,,,,
partida_90,36,TROPA_DESPLEGADA,JUGADOR_1,180,EstrategiaMenorCosto,EstrategiaMenorCosto,0,1,P.E.K.K.A|Mago|Bárbaros|Ejército de Esqueletos,Mago|Bárbaros|Gigante|Arqueras,JUGADOR_1,Mosquetera,4,14,2,,,,,
partida_90,43,TROPA_DESPLEGADA,JUGADOR_1,180,EstrategiaMenorCosto,EstrategiaMenorCosto,2,0,P.E.K.K.A|Mago|Bárbaros|Ejército de Esqueletos,Mago|Bárbaros|Gigante|Mago de Hielo,JUGADOR_2,Arqueras,3,16,26,,,,,
partida_90,45,TROPA_DESPLEGADA,JUGADOR_1,180,EstrategiaMenorCosto,EstrategiaMenorCosto,0,1,P.E.K.K.A|Mago|Bárbaros|Mini P.E.K.K.A,Mago|Bárbaros|Gigante|Mago de Hielo,JUGADOR_1,Ejército de Esqueletos,3,1,0,,,,,
partida_90,51,TROPA_DESPLEGADA,JUGADOR_1,180,EstrategiaMenorCosto,EstrategiaMenorCosto,2,0,P.E.K.K.A|Mago|Bárbaros|Mini P.E.K.K.A,Mago|Bárbaros|Gigante|Valquiria,JUGADOR_2,Mago de Hielo,3,5,25,,,,,
partida_90,57,TROPA_DESPLEGADA,JUGADOR_1,180,EstrategiaMenorCosto,EstrategiaMenorCosto,0,2,P.E.K.K.A|Mago|Bárbaros|Caballero,Mago|Bárbaros|Gigante|Valquiria,JUGADOR_1,Mini P.E.K.K.A,4,6,11,,,,,
partida_90,63,TROPA_DESPLEGADA,JUGADOR_1,180,EstrategiaMenorCosto,EstrategiaMenorCosto,2,0,P.E.K.K.A|Mago|Bárbaros|Caballero,Mago|Bárbaros|Gigante|Caballero,JUGADOR_2,Valquiria,4,1,18,,,,,
partida_90,66,TROPA_DESPLEGADA,JUGADOR_1,180,EstrategiaMenorCosto,EstrategiaMenorCosto,0,1,P.E.K.K.A|Mago|Bárbaros|Arqueras,Mago|Bárbaros|Gigante|Caballero,JUGADOR_1,Caballero,3,7,7,,,,,
partida_90,72,TROPA_DESPLEGADA,JUGADOR_1,180,EstrategiaMenorCosto,EstrategiaMenorCosto,2,0,P.E.K.K.A|Mago|Bárbaros|Arqueras,Mago|Bárbaros|Gigante|Ejército de Esqueletos,JUGADOR_2,Caballero,3,8,21,,,,,
partida_90,75,TROPA_DESPLEGADA,JUGADOR_1,180,EstrategiaMenorCosto,EstrategiaMenorCosto,0,1,P.E.K.K.A|Mago|Bárbaros|Mosquetera,Mago|Bárbaros|Gigante|Ejército de Esqueletos,JUGADOR_1,Arqueras,3,12,14,,,,,
partida_90,81,TROPA_DESPLEGADA,JUGADOR_1,180,EstrategiaMenorCosto,EstrategiaMenorCosto,2,0,P.E.K.K.A|Mago|Bárbaros|Mosquetera,Mago|Bárbaros|Gigante|Arqueras,JUGADOR_2,Ejército de Esqueletos,3,16,27,,,,,
partida_90,87,TROPA_DESPLEGADA,JUGADOR_1,180,EstrategiaMenorCosto,EstrategiaMenorCosto,0,2,P.E.K.K.A|Mago|Bárbaros|Ejército de Esqueletos,Mago|Bárbaros|Gigante|Arqueras,JUGADOR_1,Mosquetera,4,3,0,,,,,
partida_90,90,TROPA_DESPLEGADA,JUGADOR_1,180,EstrategiaMenorCosto,EstrategiaMenorCosto,1,0,P.E.K.K.A|Mago|Bárbaros|Ejército de Esqueletos,Mago|Bárbaros|Gigante|Mago de Hielo,JUGADOR_2,Arqueras,3,5,31,,,,,
partida_90,96,TROPA_DESPLEGADA,JUGADOR_1,180,EstrategiaMenorCosto,EstrategiaMenorCosto,0,2,P.E.K.K.A|Mago|Bárbaros|Mini P.E.K.K.A,Mago|Bárbaros|Gigante|Mago de Hielo,JUGADOR_1,Ejército de Esqueletos,3,17,6,,,,,
partida_90,99,TROPA_DESPLEGADA,JUGADOR_1,180,EstrategiaMenorCosto,EstrategiaMenorCosto,1,0,P.E.K.K.A|Mago|Bárbaros|Mini P.E.K.K.A,Mago|Bárbaros|Gigante|Valquiria,JUGADOR_2,Mago de Hielo,3,5,22,,,,,
partida_90,108,TROPA_DESPLEGADA,JUGADOR_1,180,EstrategiaMenorCosto,EstrategiaMenorCosto,0,3,P.E.K.K.A|Mago|Bárbaros|Caballero,Mago|Bárbaros|Gigante|Valquiria,JUGADOR_1,Mini P.E.K.K.A,4,13,2,,,,,
partida_90,111,TROPA_DESPLEGADA,JUGADOR_1,180,EstrategiaMenorCosto,EstrategiaMenorCosto,1,0,P.E.K.K.A|Mago|Bárbaros|Caballero,Mago|Bárbaros|Gigante|Caballero,JUGADOR_2,Valquiria,4,11,29,,,,,
partida_90,117,TROPA_DESPLEGADA,JUGADOR_1,180,EstrategiaMenorCosto,EstrategiaMenorCosto,0,2,P.E.K.K.A|Mago|Bárbaros|Arqueras,Mago|Bárbaros|Gigante|Caballero,JUGADOR_1,Caballero,3,16,5,,,,,
partida_90,120,TROPA_DESPLEGADA,JUGADOR_1,180,EstrategiaMenorCosto,EstrategiaMenorCosto,1,0,P.E.K.K.A|Mago|Bárbaros|Arqueras,Mago|Bárbaros|Gigante|Ejército de Esqueletos,JUGADOR_2,Caballero,3,6,23,,,,,
partida_90,126,TROPA_DESPLEGADA,JUGADOR_1,180,EstrategiaMenorCosto,EstrategiaMenorCosto,0,2,P.E.K.K.A|Mago|Bárbaros|Mosquetera,Mago|Bárbaros|Gigante|Ejército de Esqueletos,JUGADOR_1,Arqueras,3,1,11,,,,,
partida_90,129,TROPA_DESPLEGADA,JUGADOR_1,180,EstrategiaMenorCosto,EstrategiaMenorCosto,1,0,P.E.K.K.A|Mago|Bárbaros|Mosquetera,Mago|Bárbaros|Gigante|Arqueras,JUGADOR_2,Ejército de Esqueletos,3,13,27,,,,,
partida_90,138,TROPA_DESPLEGADA,JUGADOR_1,180,EstrategiaMenorCosto,EstrategiaMenorCosto,0,3,P.E.K.K.A|Mago|Bárbaros|Ejército de Esqueletos,Mago|Bárbaros|Gigante|Arqueras,JUGADOR_1,Mosquetera,4,11,4,,,,,
partida_90,138,TROPA_DESPLEGADA,JUGADOR_1,180,EstrategiaMenorCosto,EstrategiaMenorCosto,0,0,P.E.K.K.A|Mago|Bárbaros|Ejército de Esqueletos,Mago|Bárbaros|Gigante|Mago de Hielo,JUGADOR_2,Arqueras,3,5,22,,,,,
partida_90,147,TROPA_DESPLEGADA,JUGADOR_1,180,EstrategiaMenorCosto,EstrategiaMenorCosto,0,3,P.E.K.K.A|Mago|Bárbaros|Mini P.E.K.K.A,Mago|Bárbaros|Gigante|Mago de Hielo,JUGADOR_1,Ejército de Esqueletos,3,1,1,,,,,
partida_90,147,TROPA_DESPLEGADA,JUGADOR_1,180,EstrategiaMenorCosto,EstrategiaMenorCosto,0,0,P.E.K.K.A|Mago|Bárbaros|Mini P.E.K.K.A,Mago|Bárbaros|Gigante|Valquiria,JUGADOR_2,Mago de Hielo,3,4,30,,,,,
partida_90,159,TROPA_DESPLEGADA,JUGADOR_1,180,EstrategiaMenorCosto,EstrategiaMenorCosto,0,4,P.E.K.K.A|Mago|Bárbaros|Caballero,Mago|Bárbaros|Gigante|Valquiria,JUGADOR_1,Mini P.E.K.K.A,4,9,0,,,,,
partida_90,159,TROPA_DESPLEGADA,JUGADOR_1,180,EstrategiaMenorCosto,EstrategiaMenorCosto,0,0,P.E.K.K.A|Mago|Bárbaros|Caballero,Mago|Bárbaros|Gigante|Caballero,JUGADOR_2,Valquiria,4,16,25,,,,,
partida_90,168,TROPA_DESPLEGADA,JUGADOR_1,180,EstrategiaMenorCosto,EstrategiaMenorCosto,0,3,P.E.K.K.A|Mago|Bárbaros|Arqueras,Mago|Bárbaros|Gigante|Caballero,JUGADOR_1,Caballero,3,15,9,,,,,
partida_90,168,TROPA_DESPLEGADA,JUGADOR_1,180,EstrategiaMenorCosto,EstrategiaMenorCosto,0,0,P.E.K.K.A|Mago|Bárbaros|Arqueras,Mago|Bárbaros|Gigante|Ejército de Esqueletos,JUGADOR_2,Caballero,3,0,22,,,,,
partida_90,177,TROPA_DESPLEGADA,JUGADOR_1,180,EstrategiaMenorCosto,EstrategiaMenorCosto,0,3,P.E.K.K.A|Mago|Bárbaros|Mosquetera,Mago|Bárbaros|Gigante|Ejército de Esqueletos,JUGADOR_1,Arqueras,3,4,1,,,,,
partida_90,177,TROPA_DESPLEGADA,JUGADOR_1,180,EstrategiaMenorCosto,EstrategiaMenorCosto,0,0,P.E.K.K.A|Mago|Bárbaros|Mosquetera,Mago|Bárbaros|Gigante|Arqueras,JUGADOR_2,Ejército de Esqueletos,3,0,22,,,,,
partida_90,180,PARTIDA_TERMINADA,JUGADOR_1,180,EstrategiaMenorCosto,EstrategiaMenorCosto,1,1,P.E.K.K.A|Mago|Bárbaros|Mosquetera,Mago|Bárbaros|Gigante|Arqueras,,,,,,,,,,
partida_91,1,TROPA_DESPLEGADA,JUGADOR_1,236,EstrategiaMenorCosto,EstrategiaAleatoria,2,5,P.E.K.K.A|Príncipe|Gigante|Mago,Mosquetera|Arqueras|Mini P.E.K.K.A|Ejército de Esqueletos,JUGADOR_1,Mago de Hielo,3,3,11,,,,,
partida_91,2,TROPA_DESPLEGADA,JUGADOR_1,236,EstrategiaMenorCosto,EstrategiaAleatoria,2,1,P.E.K.K.A|Príncipe|Gigante|Mago,Mosquetera|Arqueras|Ejército de Esqueletos|Gigante,JUGADOR_2,Mini P.E.K.K.A,4,9,31,,,,,
partida_91,9,TROPA_DESPLEGADA,JUGADOR_1,236,EstrategiaMenorCosto,EstrategiaAleatoria,0,4,P.E.K.K.A|Gigante|Mago|Ejército de Esqueletos,Mosquetera|Arqueras|Ejército de Esqueletos|Gigante,JUGADOR_1,Príncipe,5,11,1,,,,,
partida_91,9,TROPA_DESPLEGADA,JUGADOR_1,236,EstrategiaMenorCosto,EstrategiaAleatoria,0,1,P.E.K.K.A|Gigante|Mago|Ejército de Esqueletos,Mosquetera|Arqueras|Gigante|P.E.K.K.A,JUGADOR_2,Ejército de Esqueletos,3,3,31,,,,,
partida_91,15,TROPA_DESPLEGADA,JUGADOR_1,236,EstrategiaMenorCosto,EstrategiaAleatoria,2,0,P.E.K.K.A|Gigante|Mago|Ejército de Esqueletos,Mosquetera|Gigante|P.E.K.K.A|Mago,JUGADOR_2,Arqueras,3,6,23,,,,,
partida_91,18,TROPA_DESPLEGADA,JUGADOR_1,236,EstrategiaMenorCosto,EstrategiaAleatoria,0,1,P.E.K.K.A|Gigante|Mago|Bárbaros,Mosquetera|Gigante|P.E.K.K.A|Mago,JUGADOR_1,Ejército de Esqueletos,3,10,11,,,,,
partida_91,28,TROPA_DESPLEGADA,JUGADOR_1,236,EstrategiaMenorCosto,EstrategiaAleatoria,3,0,P.E.K.K.A|Gigante|Mago|Bárbaros,Gigante|P.E.K.K.A|Mago|Valquiria,JUGADOR_2,Mosquetera,4,5,20,,,,,
partida_91,33,TROPA_DESPLEGADA,JUGADOR_1,236,EstrategiaMenorCosto,EstrategiaAleatoria,0,2,P.E.K.K.A|Mago|Bárbaros|Mini P.E.K.K.A,Gigante|P.E.K.K.A|Mago|Valquiria,JUGADOR_1,Gigante,5,8,9,,,,,
partida_91,39,TROPA_DESPLEGADA,JUGADOR_1,236,EstrategiaMenorCosto,EstrategiaAleatoria,2,0,P.E.K.K.A|Mago|Bárbaros|Mini P.E.K.K.A,Gigante|P.E.K.K.A|Mago|Mini P.E.K.K.A,JUGADOR_2,Valquiria,4,12,18,,,,,
partida_91,45,TROPA_DESPLEGADA,JUGADOR_1,236,EstrategiaMenorCosto,EstrategiaAleatoria,0,2,P.E.K.K.A|Mago|Bárbaros|Mago de Hielo,Gigante|P.E.K.K.A|Mago|Mini P.E.K.K.A,JUGADOR_1,Mini P.E.K.K.A,4,13,3,,,,,
partida_91,51,TROPA_DESPLEGADA,JUGADOR_1,236,EstrategiaMenorCosto,EstrategiaAleatoria,2,0,P.E.K.K.A|Mago|Bárbaros|Mago de Hielo,Gigante|P.E.K.K.A|Mago|Ejército de Esqueletos,JUGADOR_2,Mini P.E.K.K.A,4,13,18,,,,,
partida_91,54,TROPA_DESPLEGADA,JUGADOR_1,236,EstrategiaMenorCosto,EstrategiaAleatoria,0,1,P.E.K.K.A|Mago|Bárbaros|Príncipe,Gigante|P.E.K.K.A|Mago|Ejército de Esqueletos,JUGADOR_1,Mago de Hielo,3,6,4,,,,,
partida_91,61,TROPA_DESPLEGADA,JUGADOR_1,236,EstrategiaMenorCosto,EstrategiaAleatoria,2,0,P.E.K.K.A|Mago|Bárbaros|Príncipe,Gigante|P.E.K.K.A|Mago|Arqueras,JUGADOR_2,Ejército de Esqueletos,3,8,12,,,,,
partida_91,69,TROPA_DESPLEGADA,JUGADOR_1,236,EstrategiaMenorCosto,EstrategiaAleatoria,0,3,P.E.K.K.A|Bárbaros|Príncipe|Ejército de Esqueletos,Gigante|P.E.K.K.A|Mago|Arqueras,JUGADOR_1,Mago,5,17,12,,,,,
partida_91,71,TROPA_DESPLEGADA,JUGADOR_1,236,EstrategiaMenorCosto,EstrategiaAleatoria,0,0,P.E.K.K.A|Bárbaros|Príncipe|Ejército de Esqueletos,Gigante|P.E.K.K.A|Mago|Mosquetera,JUGADOR_2,Arqueras,3,12,25,,,,,
partida_91,78,TROPA_DESPLEGADA,JUGADOR_1,236,EstrategiaMenorCosto,EstrategiaAleatoria,0,3,P.E.K.K.A|Bárbaros|Príncipe|Gigante,Gigante|P.E.K.K.A|Mago|Mosquetera,JUGADOR_1,Ejército de Esqueletos,3,5,2,,,,,
partida_91,84,TROPA_DESPLEGADA,JUGADOR_1,236,EstrategiaMenorCosto,EstrategiaAleatoria,2,0,P.E.K.K.A|Bárbaros|Príncipe|Gigante,P.E.K.K.A|Mago|Mosquetera|Valquiria,JUGADOR_2,Gigante,5,3,11,,,,,
partida_91,93,TROPA_DESPLEGADA,JUGADOR_1,236,EstrategiaMenorCosto,EstrategiaAleatoria,0,3,P.E.K.K.A|Príncipe|Gigante|Mini P.E.K.K.A,P.E.K.K.A|Mago|Mosquetera|Valquiria,JUGADOR_1,Bárbaros,5,11,12,,,,,
partida_91,96,TROPA_DESPLEGADA,JUGADOR_1,236,EstrategiaMenorCosto,EstrategiaAleatoria,1,0,P.E.K.K.A|Príncipe|Gigante|Mini P.E.K.K.A,P.E.K.K.A|Mago|Mosquetera|Mini P.E.K.K.A,JUGADOR_2,Valquiria,4,11,27,,,,,
partida_91,105,TROPA_DESPLEGADA,JUGADOR_1,236,EstrategiaMenorCosto,EstrategiaAleatoria,0,3,P.E.K.K.A|Príncipe|Gigante|Mago de Hielo,P.E.K.K.A|Mago|Mosquetera|Mini P.E.K.K.A,JUGADOR_1,Mini P.E.K.K.A,4,14,13,,,,,
partida_91,108,TROPA_DESPLEGADA,JUGADOR_1,236,EstrategiaMenorCosto,EstrategiaAleatoria,1,0,P.E.K.K.A|Príncipe|Gigante|Mago de Hielo,P.E.K.K.A|Mago|Mini P.E.K.K.A|Ejército de Esqueletos,JUGADOR_2,Mosquetera,4,2,14,,,,,
partida_91,116,TROPA_DESPLEGADA,JUGADOR_1,236,EstrategiaMenorCosto,EstrategiaAleatoria,0,2,P.E.K.K.A|Príncipe|Gigante|Mago,P.E.K.K.A|Mago|Mini P.E.K.K.A|Ejército de Esqueletos,JUGADOR_1,Mago de Hielo,3,11,21,,,,,
partida_91,120,TROPA_DESPLEGADA,JUGADOR_1,236,EstrategiaMenorCosto,EstrategiaAleatoria,2,1,P.E.K.K.A|Príncipe|Gigante|Mago,P.E.K.K.A|Mago|Mini P.E.K.K.A|Arqueras,JUGADOR_2,Ejército de Esqueletos,3,8,19,,,,,
partida_91,127,TROPA_DESPLEGADA,JUGADOR_1,236,EstrategiaMenorCosto,EstrategiaAleatoria,4,0,P.E.K.K.A|Príncipe|Gigante|Mago,P.E.K.K.A|Mago|Mini P.E.K.K.A|Gigante,JUGADOR_2,Arqueras,3,13,28,,,,,
partida_91,129,TROPA_DESPLEGADA,JUGADOR_1,236,EstrategiaMenorCosto,EstrategiaAleatoria,0,1,P.E.K.K.A|Gigante|Mago|Ejército de Esqueletos,P.E.K.K.A|Mago|Mini P.E.K.K.A|Gigante,JUGADOR_1,Príncipe,5,17,19,,,,,
partida_91,138,TROPA_DESPLEGADA,JUGADOR_1,236,EstrategiaMenorCosto,EstrategiaAleatoria,0,4,P.E.K.K.A|Gigante|Mago|Bárbaros,P.E.K.K.A|Mago|Mini P.E.K.K.A|Gigante,JUGADOR_1,Ejército de Esqueletos,3,2,2,,,,,
partida_91,140,TROPA_DESPLEGADA,JUGADOR_1,236,EstrategiaMenorCosto,EstrategiaAleatoria,0,0,P.E.K.K.A|Gigante|Mago|Bárbaros,P.E.K.K.A|Mago|Gigante|Valquiria,JUGADOR_2,Mini P.E.K.K.A,4,11,28,,,,,
partida_91,152,TROPA_DESPLEGADA,JUGADOR_1,236,EstrategiaMenorCosto,EstrategiaAleatoria,4,0,P.E.K.K.A|Gigante|Mago|Bárbaros,P.E.K.K.A|Mago|Gigante|Mosquetera,JUGADOR_2,Valquiria,4,7,25,,,,,
partida_91,153,TROPA_DESPLEGADA,JUGADOR_1,236,EstrategiaMenorCosto,EstrategiaAleatoria,0,1,P.E.K.K.A|Mago|Bárbaros|Mini P.E.K.K.A,P.E.K.K.A|Mago|Gigante|Mosquetera,JUGADOR_1,Gigante,5,17,17,,,,,
partida_91,163,TROPA_DESPLEGADA,JUGADOR_1,236,EstrategiaMenorCosto,EstrategiaAleatoria,3,0,P.E.K.K.A|Mago|Bárbaros|Mini P.E.K.K.A,P.E.K.K.A|Mago|Gigante|Ejército de Esqueletos,JUGADOR_2,Mosquetera,4,7,11,,,,,
partida_91,165,TROPA_DESPLEGADA,JUGADOR_1,236,EstrategiaMenorCosto,EstrategiaAleatoria,0,1,P.E.K.K.A|Mago|Bárbaros|Mago de Hielo,P.E.K.K.A|Mago|Gigante|Ejército de Esqueletos,JUGADOR_1,Mini P.E.K.K.A,4,9,7,,,,,
partida_91,171,TROPA_DESPLEGADA,JUGADOR_1,236,EstrategiaMenorCosto,EstrategiaAleatoria,2,0,P.E.K.K.A|Mago|Bárbaros|Mago de Hielo,P.E.K.K.A|Mago|Gigante|Arqueras,JUGADOR_2,Ejército de Esqueletos,3,6,11,,,,,
partida_91,174,TROPA_DESPLEGADA,JUGADOR_1,236,EstrategiaMenorCosto,EstrategiaAleatoria,0,1,P.E.K.K.A|Mago|Bárbaros|Príncipe,P.E.K.K.A|Mago|Gigante|Arqueras,JUGADOR_1,Mago de Hielo,3,5,0,,,,,
partida_91,181,TROPA_DESPLEGADA,JUGADOR_1,236,EstrategiaMenorCosto,EstrategiaAleatoria,2,0,P.E.K.K.A|Mago|Bárbaros|Príncipe,P.E.K.K.A|Mago|Gigante|Mini P.E.K.K.A,JUGADOR_2,Arqueras,3,17,11,,,,,
partida_91,189,TROPA_DESPLEGADA,JUGADOR_1,236,EstrategiaMenorCosto,EstrategiaAleatoria,0,3,P.E.K.K.A|Bárbaros|Príncipe|Ejército de Esqueletos,P.E.K.K.A|Mago|Gigante|Mini P.E.K.K.A,JUGADOR_1,Mago,5,13,2,,,,,
partida_91,193,TROPA_DESPLEGADA,JUGADOR_1,236,EstrategiaMenorCosto,EstrategiaAleatoria,1,0,P.E.K.K.A|Bárbaros|Príncipe|Ejército de Esqueletos,P.E.K.K.A|Mago|Gigante|Valquiria,JUGADOR_2,Mini P.E.K.K.A,4,6,31,,,,,
partida_91,198,TROPA_DESPLEGADA,JUGADOR_1,236,EstrategiaMenorCosto,EstrategiaAleatoria,0,2,P.E.K.K.A|Bárbaros|Príncipe|Gigante,P.E.K.K.A|Mago|Gigante|Valquiria,JUGADOR_1,Ejército de Esqueletos,3,11,8,,,,,
partida_91,205,TROPA_DESPLEGADA,JUGADOR_1,236,EstrategiaMenorCosto,EstrategiaAleatoria,2,0,P.E.K.K.A|Bárbaros|Príncipe|Gigante,P.E.K.K.A|Mago|Gigante|Mosquetera,JUGADOR_2,Valquiria,4,6,13,,,,,
partida_91,213,TROPA_DESPLEGADA,JUGADOR_1,236,EstrategiaMenorCosto,EstrategiaAleatoria,0,3,P.E.K.K.A|Príncipe|Gigante|Mini P.E.K.K.A,P.E.K.K.A|Mago|Gigante|Mosquetera,JUGADOR_1,Bárbaros,5,3,20,,,,,
partida_91,219,TROPA_DESPLEGADA,JUGADOR_1,236,EstrategiaMenorCosto,EstrategiaAleatoria,2,0,P.E.K.K.A|Príncipe|Gigante|Mini P.E.K.K.A,P.E.K.K.A|Mago|Mosquetera|Ejército de Esqueletos,JUGADOR_2,Gigante,5,4,31,,,,,
partida_91,225,TROPA_DESPLEGADA,JUGADOR_1,236,EstrategiaMenorCosto,EstrategiaAleatoria,0,2,P.E.K.K.A|Príncipe|Gigante|Mago de Hielo,P.E.K.K.A|Mago|Mosquetera|Ejército de Esqueletos,JUGADOR_1,Mini P.E.K.K.A,4,3,18,,,,,
partida_91,228,TROPA_DESPLEGADA,JUGADOR_1,236,EstrategiaMenorCosto,EstrategiaAleatoria,1,0,P.E.K.K.A|Príncipe|Gigante|Mago de Hielo,P.E.K.K.A|Mago|Mosquetera|Arqueras,JUGADOR_2,Ejército de Esqueletos,3,14,10,,,,,
partida_91,234,TROPA_DESPLEGADA,JUGADOR_1,236,EstrategiaMenorCosto,EstrategiaAleatoria,0,2,P.E.K.K.A|Príncipe|Gigante|Mago,P.E.K.K.A|Mago|Mosquetera|Arqueras,JUGADOR_1,Mago de Hielo,3,7,17,,,,,
partida_91,236,PARTIDA_TERMINADA,JUGADOR_1,236,EstrategiaMenorCosto,EstrategiaAleatoria,0,2,P.E.K.K.A|Príncipe|Gigante|Mago,P.E.K.K.A|Mago|Mosquetera|Arqueras,,,,,,,,,,
partida_91,236,PARTIDA_TERMINADA,JUGADOR_1,236,EstrategiaMenorCosto,EstrategiaAleatoria,0,2,P.E.K.K.A|Príncipe|Gigante|Mago,P.E.K.K.A|Mago|Mosquetera|Arqueras,,,,,,,,,,
partida_92,1,TROPA_DESPLEGADA,JUGADOR_2,180,EstrategiaDefensiva,EstrategiaMenorCosto,1,5,Bárbaros|Mini P.E.K.K.A|Mosquetera|Príncipe,Mago de Hielo|Mosquetera|Gigante|Valquiria,JUGADOR_1,Valquiria,4,6,2,,,,,
partida_92,1,TROPA_DESPLEGADA,JUGADOR_2,180,EstrategiaDefensiva,EstrategiaMenorCosto,1,2,Bárbaros|Mini P.E.K.K.A|Mosquetera|Príncipe,Mosquetera|Gigante|Valquiria|Caballero,JUGADOR_2,Mago de Hielo,3,6,24,,,,,
partida_92,3,TROPA_DESPLEGADA,JUGADOR_2,180,EstrategiaDefensiva,EstrategiaMenorCosto,2,0,Bárbaros|Mini P.E.K.K.A|Mosquetera|Príncipe,Mosquetera|Gigante|Valquiria|P.E.K.K.A,JUGADOR_2,Caballero,3,5,20,,,,,
partida_92,14,TROPA_DESPLEGADA,JUGADOR_2,180,EstrategiaDefensiva,EstrategiaMenorCosto,0,3,Bárbaros|Mini P.E.K.K.A|Mosquetera|Caballero,Mosquetera|Gigante|Valquiria|P.E.K.K.A,JUGADOR_1,Príncipe,5,6,2,,,,,
partida_92,15,TROPA_DESPLEGADA,JUGADOR_2,180,EstrategiaDefensiva,EstrategiaMenorCosto,1,0,Bárbaros|Mini P.E.K.K.A|Mosquetera|Caballero,Gigante|Valquiria|P.E.K.K.A|Mago,JUGADOR_2,Mosquetera,4,5,23,,,,,
partida_92,27,TROPA_DESPLEGADA,JUGADOR_2,180,EstrategiaDefensiva,EstrategiaMenorCosto,5,0,Bárbaros|Mini P.E.K.K.A|Mosquetera|Caballero,Gigante|P.E.K.K.A|Mago|Príncipe,JUGADOR_2,Valquiria,4,15,18,,,,,
partida_92,28,TROPA_DESPLEGADA,JUGADOR_2,180,EstrategiaDefensiva,EstrategiaMenorCosto,2,0,Bárbaros|Mini P.E.K.K.A|Mosquetera|Arqueras,Gigante|P.E.K.K.A|Mago|Príncipe,JUGADOR_1,Caballero,3,6,2,,,,,
partida_92,36,TROPA_DESPLEGADA,JUGADOR_2,180,EstrategiaDefensiva,EstrategiaMenorCosto,1,3,Bárbaros|Mosquetera|Arqueras|Ejército de Esqueletos,Gigante|P.E.K.K.A|Mago|Príncipe,JUGADOR_1,Mini P.E.K.K.A,4,6,2,,,,,
partida_92,42,TROPA_DESPLEGADA,JUGADOR_2,180,EstrategiaDefensiva,EstrategiaMenorCosto,3,0,Bárbaros|Mosquetera|Arqueras|Ejército de Esqueletos,P.E.K.K.A|Mago|Príncipe|Mago de Hielo,JUGADOR_2,Gigante,5,16,21,,,,,
partida_92,50,TROPA_DESPLEGADA,JUGADOR_2,180,EstrategiaDefensiva,EstrategiaMenorCosto,1,2,Bárbaros|Arqueras|Ejército de Esqueletos|Valquiria,P.E.K.K.A|Mago|Príncipe|Mago de Hielo,JUGADOR_1,Mosquetera,4,6,2,,,,,
partida_92,51,TROPA_DESPLEGADA,JUGADOR_2,180,EstrategiaDefensiva,EstrategiaMenorCosto,2,0,Bárbaros|Arqueras|Ejército de Esqueletos|Valquiria,P.E.K.K.A|Mago|Príncipe|Caballero,JUGADOR_2,Mago de Hielo,3,12,28,,,,,
partida_92,60,TROPA_DESPLEGADA,JUGADOR_2,180,EstrategiaDefensiva,EstrategiaMenorCosto,5,0,Bárbaros|Arqueras|Ejército de Esqueletos|Valquiria,P.E.K.K.A|Mago|Príncipe|Mosquetera,JUGADOR_2,Caballero,3,10,31,,,,,
partida_92,61,TROPA_DESPLEGADA,JUGADOR_2,180,EstrategiaDefensiva,EstrategiaMenorCosto,1,0,Bárbaros|Arqueras|Ejército de Esqueletos|Príncipe,P.E.K.K.A|Mago|Príncipe|Mosquetera,JUGADOR_1,Valquiria,4,6,2,,,,,
partida_92,72,TROPA_DESPLEGADA,JUGADOR_2,180,EstrategiaDefensiva,EstrategiaMenorCosto,5,0,Bárbaros|Arqueras|Ejército de Esqueletos|Príncipe,P.E.K.K.A|Mago|Príncipe|Valquiria,JUGADOR_2,Mosquetera,4,12,22,,,,,
partida_92,74,TROPA_DESPLEGADA,JUGADOR_2,180,EstrategiaDefensiva,EstrategiaMenorCosto,0,0,Bárbaros|Arqueras|Ejército de Esqueletos|Caballero,P.E.K.K.A|Mago|Príncipe|Valquiria,JUGADOR_1,Príncipe,5,6,2,,,,,
partida_92,84,TROPA_DESPLEGADA,JUGADOR_2,180,EstrategiaDefensiva,EstrategiaMenorCosto,4,0,Bárbaros|Arqueras|Ejército de Esqueletos|Caballero,P.E.K.K.A|Mago|Príncipe|Gigante,JUGADOR_2,Valquiria,4,2,29,,,,,
partida_92,88,TROPA_DESPLEGADA,JUGADOR_2,180,EstrategiaDefensiva,EstrategiaMenorCosto,2,1,Bárbaros|Arqueras|Ejército de Esqueletos|Mini P.E.K.K.A,P.E.K.K.A|Mago|Príncipe|Gigante,JUGADOR_1,Caballero,3,6,2,,,,,
partida_92,96,TROPA_DESPLEGADA,JUGADOR_2,180,EstrategiaDefensiva,EstrategiaMenorCosto,1,4,Bárbaros|Arqueras|Ejército de Esqueletos|Mosquetera,P.E.K.K.A|Mago|Príncipe|Gigante,JUGADOR_1,Mini P.E.K.K.A,4,6,2,,,,,
partida_92,100,TROPA_DESPLEGADA,JUGADOR_2,180,EstrategiaDefensiva,EstrategiaMenorCosto,2,0,Bárbaros|Arqueras|Ejército de Esqueletos|Mosquetera,P.E.K.K.A|Príncipe|Gigante|Mago de Hielo,JUGADOR_2,Mago,5,15,22,,,,,
partida_92,108,TROPA_DESPLEGADA,JUGADOR_2,180,EstrategiaDefensiva,EstrategiaMenorCosto,1,3,Bárbaros|Arqueras|Ejército de Esqueletos|Valquiria,P.E.K.K.A|Príncipe|Gigante|Mago de Hielo,JUGADOR_1,Mosquetera,4,6,2,,,,,
partida_92,108,TROPA_DESPLEGADA,JUGADOR_2,180,EstrategiaDefensiva,EstrategiaMenorCosto,1,0,Bárbaros|Arqueras|Ejército de Esqueletos|Valquiria,P.E.K.K.A|Príncipe|Gigante|Caballero,JUGADOR_2,Mago de Hielo,3,2,31,,,,,
partida_92,117,TROPA_DESPLEGADA,JUGADOR_2,180,EstrategiaDefensiva,EstrategiaMenorCosto,4,0,Bárbaros|Arqueras|Ejército de Esqueletos|Valquiria,P.E.K.K.A|Príncipe|Gigante|Mosquetera,JUGADOR_2,Caballero,3,10,25,,,,,
partida_92,120,TROPA_DESPLEGADA,JUGADOR_2,180,EstrategiaDefensiva,EstrategiaMenorCosto,1,1,Bárbaros|Arqueras|Ejército de Esqueletos|Príncipe,P.E.K.K.A|Príncipe|Gigante|Mosquetera,JUGADOR_1,Valquiria,4,6,2,,,,,
partida_92,129,TROPA_DESPLEGADA,JUGADOR_2,180,EstrategiaDefensiva,EstrategiaMenorCosto,4,0,Bárbaros|Arqueras|Ejército de Esqueletos|Príncipe,P.E.K.K.A|Príncipe|Gigante|Valquiria,JUGADOR_2,Mosquetera,4,8,31,,,,,
partida_92,132,TROPA_DESPLEGADA,JUGADOR_2,180,EstrategiaDefensiva,EstrategiaMenorCosto,0,1,Bárbaros|Arqueras|Ejército de Esqueletos|Caballero,P.E.K.K.A|Príncipe|Gigante|Valquiria,JUGADOR_1,Príncipe,5,6,2,,,,,
partida_92,141,TROPA_DESPLEGADA,JUGADOR_2,180,EstrategiaDefensiva,EstrategiaMenorCosto,3,0,Bárbaros|Arqueras|Ejército de Esqueletos|Caballero,P.E.K.K.A|Príncipe|Gigante|Mago,JUGADOR_2,Valquiria,4,9,31,,,,,
partida_92,147,TROPA_DESPLEGADA,JUGADOR_2,180,EstrategiaDefensiva,EstrategiaMenorCosto,2,2,Bárbaros|Arqueras|Ejército de Esqueletos|Mini P.E.K.K.A,P.E.K.K.A|Príncipe|Gigante|Mago,JUGADOR_1,Caballero,3,6,2,,,,,
partida_92,156,TROPA_DESPLEGADA,JUGADOR_2,180,EstrategiaDefensiva,EstrategiaMenorCosto,1,5,Bárbaros|Arqueras|Ejército de Esqueletos|Mosquetera,P.E.K.K.A|Príncipe|Gigante|Mago,JUGADOR_1,Mini P.E.K.K.A,4,6,2,,,,,
partida_92,156,TROPA_DESPLEGADA,JUGADOR_2,180,EstrategiaDefensiva,EstrategiaMenorCosto,1,0,Bárbaros|Arqueras|Ejército de Esqueletos|Mosquetera,P.E.K.K.A|Gigante|Mago|Mago de Hielo,JUGADOR_2,Príncipe,5,1,31,,,,,
partida_92,165,TROPA_DESPLEGADA,JUGADOR_2,180,EstrategiaDefensiva,EstrategiaMenorCosto,4,0,Bárbaros|Arqueras|Ejército de Esqueletos|Mosquetera,P.E.K.K.A|Gigante|Mago|Caballero,JUGADOR_2,Mago de Hielo,3,17,24,,,,,
partida_92,171,TROPA_DESPLEGADA,JUGADOR_2,180,EstrategiaDefensiva,EstrategiaMenorCosto,2,2,Bárbaros|Arqueras|Ejército de Esqueletos|Valquiria,P.E.K.K.A|Gigante|Mago|Caballero,JUGADOR_1,Mosquetera,4,6,2,,,,,
partida_92,174,TROPA_DESPLEGADA,JUGADOR_2,180,EstrategiaDefensiva,EstrategiaMenorCosto,3,0,Bárbaros|Arqueras|Ejército de Esqueletos|Valquiria,P.E.K.K.A|Gigante|Mago|Mosquetera,JUGADOR_2,Caballero,3,1,30,,,,,
partida_92,180,PARTIDA_TERMINADA,JUGADOR_2,180,EstrategiaDefensiva,EstrategiaMenorCosto,5,2,Bárbaros|Arqueras|Ejército de Esqueletos|Valquiria,P.E.K.K.A|Gigante|Mago|Mosquetera,,,,,,,,,,
partida_93,1,TROPA_DESPLEGADA,JUGADOR_2,180,EstrategiaMenorCosto,EstrategiaDefensiva,2,5,P.E.K.K.A|Mini P.E.K.K.A|Mago|Gigante,Arqueras|Mosquetera|Ejército de Esqueletos|Mago,JUGADOR_1,Ejército de Esqueletos,3,11,10,,,,,
partida_93,1,TROPA_DESPLEGADA,JUGADOR_2,180,EstrategiaMenorCosto,EstrategiaDefensiva,2,1,P.E.K.K.A|Mini P.E.K.K.A|Mago|Gigante,Arqueras|Ejército de Esqueletos|Mago|Valquiria,JUGADOR_2,Mosquetera,4,6,28,,,,,
partida_93,6,TROPA_DESPLEGADA,JUGADOR_2,180,EstrategiaMenorCosto,EstrategiaDefensiva,0,3,P.E.K.K.A|Mago|Gigante|Mosquetera,Arqueras|Ejército de Esqueletos|Mago|Valquiria,JUGADOR_1,Mini P.E.K.K.A,4,0,3,,,,,
partida_93,12,TROPA_DESPLEGADA,JUGADOR_2,180,EstrategiaMenorCosto,EstrategiaDefensiva,2,1,P.E.K.K.A|Mago|Gigante|Mosquetera,Arqueras|Ejército de Esqueletos|Mago|Gigante,JUGADOR_2,Valquiria,4,6,28,,,,,
partida_93,18,TROPA_DESPLEGADA,JUGADOR_2,180,EstrategiaMenorCosto,EstrategiaDefensiva,0,3,P.E.K.K.A|Mago|Gigante|Arqueras,Arqueras|Ejército de Esqueletos|Mago|Gigante,JUGADOR_1,Mosquetera,4,6,6,,,,,
partida_93,24,TROPA_DESPLEGADA,JUGADOR_2,180,EstrategiaMenorCosto,EstrategiaDefensiva,2,0,P.E.K.K.A|Mago|Gigante|Arqueras,Arqueras|Ejército de Esqueletos|Mago|Bárbaros,JUGADOR_2,Gigante,5,6,28,,,,,
partida_93,27,TROPA_DESPLEGADA,JUGADOR_2,180,EstrategiaMenorCosto,EstrategiaDefensiva,0,1,P.E.K.K.A|Mago|Gigante|Caballero,Arqueras|Ejército de Esqueletos|Mago|Bárbaros,JUGADOR_1,Arqueras,3,16,3,,,,,
partida_93,37,TROPA_DESPLEGADA,JUGADOR_2,180,EstrategiaMenorCosto,EstrategiaDefensiva,0,4,P.E.K.K.A|Mago|Gigante|Ejército de Esqueletos,Arqueras|Ejército de Esqueletos|Mago|Bárbaros,JUGADOR_1,Caballero,3,16,8,,,,,
partida_93,39,TROPA_DESPLEGADA,JUGADOR_2,180,EstrategiaMenorCosto,EstrategiaDefensiva,1,0,P.E.K.K.A|Mago|Gigante|Ejército de Esqueletos,Arqueras|Ejército de Esqueletos|Bárbaros|Mago de Hielo,JUGADOR_2,Mago,5,6,28,,,,,
partida_93,45,TROPA_DESPLEGADA,JUGADOR_2,180,EstrategiaMenorCosto,EstrategiaDefensiva,0,2,P.E.K.K.A|Mago|Gigante|Mini P.E.K.K.A,Arqueras|Ejército de Esqueletos|Bárbaros|Mago de Hielo,JUGADOR_1,Ejército de Esqueletos,3,5,11,,,,,
partida_93,54,TROPA_DESPLEGADA,JUGADOR_2,180,EstrategiaMenorCosto,EstrategiaDefensiva,3,2,P.E.K.K.A|Mago|Gigante|Mini P.E.K.K.A,Arqueras|Ejército de Esqueletos|Bárbaros|Mosquetera,JUGADOR_2,Mago de Hielo,3,6,28,,,,,
partida_93,57,TROPA_DESPLEGADA,JUGADOR_2,180,EstrategiaMenorCosto,EstrategiaDefensiva,0,3,P.E.K.K.A|Mago|Gigante|Mosquetera,Arqueras|Ejército de Esqueletos|Bárbaros|Mosquetera,JUGADOR_1,Mini P.E.K.K.A,4,13,10,,,,,
partida_93,63,TROPA_DESPLEGADA,JUGADOR_2,180,EstrategiaMenorCosto,EstrategiaDefensiva,2,1,P.E.K.K.A|Mago|Gigante|Mosquetera,Arqueras|Ejército de Esqueletos|Bárbaros|Valquiria,JUGADOR_2,Mosquetera,4,6,28,,,,,
partida_93,70,TROPA_DESPLEGADA,JUGADOR_2,180,EstrategiaMenorCosto,EstrategiaDefensiva,0,3,P.E.K.K.A|Mago|Gigante|Arqueras,Arqueras|Ejército de Esqueletos|Bárbaros|Valquiria,JUGADOR_1,Mosquetera,4,3,13,,,,,
partida_93,77,TROPA_DESPLEGADA,JUGADOR_2,180,EstrategiaMenorCosto,EstrategiaDefensiva,2,1,P.E.K.K.A|Mago|Gigante|Arqueras,Arqueras|Ejército de Esqueletos|Bárbaros|Gigante,JUGADOR_2,Valquiria,4,6,28,,,,,
partida_93,78,TROPA_DESPLEGADA,JUGADOR_2,180,EstrategiaMenorCosto,EstrategiaDefensiva,0,2,P.E.K.K.A|Mago|Gigante|Caballero,Arqueras|Ejército de Esqueletos|Bárbaros|Gigante,JUGADOR_1,Arqueras,3,16,0,,,,,
partida_93,87,TROPA_DESPLEGADA,JUGADOR_2,180,EstrategiaMenorCosto,EstrategiaDefensiva,0,5,P.E.K.K.A|Mago|Gigante|Ejército de Esqueletos,Arqueras|Ejército de Esqueletos|Bárbaros|Gigante,JUGADOR_1,Caballero,3,0,9,,,,,
partida_93,88,TROPA_DESPLEGADA,JUGADOR_2,180,EstrategiaMenorCosto,EstrategiaDefensiva,0,0,P.E.K.K.A|Mago|Gigante|Ejército de Esqueletos,Arqueras|Ejército de Esqueletos|Bárbaros|Mago,JUGADOR_2,Gigante,5,6,28,,,,,
partida_93,96,TROPA_DESPLEGADA,JUGADOR_2,180,EstrategiaMenorCosto,EstrategiaDefensiva,0,3,P.E.K.K.A|Mago|Gigante|Mini P.E.K.K.A,Arqueras|Ejército de Esqueletos|Bárbaros|Mago,JUGADOR_1,Ejército de Esqueletos,3,9,9,,,,,
partida_93,102,TROPA_DESPLEGADA,JUGADOR_2,180,EstrategiaMenorCosto,EstrategiaDefensiva,2,0,P.E.K.K.A|Mago|Gigante|Mini P.E.K.K.A,Arqueras|Ejército de Esqueletos|Bárbaros|Mago de Hielo,JUGADOR_2,Mago,5,6,28,,,,,
partida_93,109,TROPA_DESPLEGADA,JUGADOR_2,180,EstrategiaMenorCosto,EstrategiaDefensiva,0,2,P.E.K.K.A|Mago|Gigante|Mosquetera,Arqueras|Ejército de Esqueletos|Bárbaros|Mago de Hielo,JUGADOR_1,Mini P.E.K.K.A,4,13,8,,,,,
partida_93,119,TROPA_DESPLEGADA,JUGADOR_2,180,EstrategiaMenorCosto,EstrategiaDefensiva,3,2,P.E.K.K.A|Mago|Gigante|Mosquetera,Arqueras|Ejército de Esqueletos|Bárbaros|Mosquetera,JUGADOR_2,Mago de Hielo,3,6,28,,,,,
partida_93,120,TROPA_DESPLEGADA,JUGADOR_2,180,EstrategiaMenorCosto,EstrategiaDefensiva,0,3,P.E.K.K.A|Mago|Gigante|Arqueras,Arqueras|Ejército de Esqueletos|Bárbaros|Mosquetera,JUGADOR_1,Mosquetera,4,4,2,,,,,
partida_93,126,TROPA_DESPLEGADA,JUGADOR_2,180,EstrategiaMenorCosto,EstrategiaDefensiva,2,1,P.E.K.K.A|Mago|Gigante|Arqueras,Arqueras|Ejército de Esqueletos|Bárbaros|Valquiria,JUGADOR_2,Mosquetera,4,6,28,,,,,
partida_93,129,TROPA_DESPLEGADA,JUGADOR_2,180,EstrategiaMenorCosto,EstrategiaDefensiva,0,2,P.E.K.K.A|Mago|Gigante|Caballero,Arqueras|Ejército de Esqueletos|Bárbaros|Valquiria,JUGADOR_1,Arqueras,3,8,13,,,,,
partida_93,138,TROPA_DESPLEGADA,JUGADOR_2,180,EstrategiaMenorCosto,EstrategiaDefensiva,0,5,P.E.K.K.A|Mago|Gigante|Ejército de Esqueletos,Arqueras|Ejército de Esqueletos|Bárbaros|Valquiria,JUGADOR_1,Caballero,3,12,0,,,,,
partida_93,138,TROPA_DESPLEGADA,JUGADOR_2,180,EstrategiaMenorCosto,EstrategiaDefensiva,0,1,P.E.K.K.A|Mago|Gigante|Ejército de Esqueletos,Arqueras|Ejército de Esqueletos|Bárbaros|Gigante,JUGADOR_2,Valquiria,4,6,28,,,,,
partida_93,147,TROPA_DESPLEGADA,JUGADOR_2,180,EstrategiaMenorCosto,EstrategiaDefensiva,0,4,P.E.K.K.A|Mago|Gigante|Mini P.E.K.K.A,Arqueras|Ejército de Esqueletos|Bárbaros|Gigante,JUGADOR_1,Ejército de Esqueletos,3,17,7,,,,,
partida_93,150,TROPA_DESPLEGADA,JUGADOR_2,180,EstrategiaMenorCosto,EstrategiaDefensiva,1,0,P.E.K.K.A|Mago|Gigante|Mini P.E.K.K.A,Arqueras|Ejército de Esqueletos|Bárbaros|Mago,JUGADOR_2,Gigante,5,6,28,,,,,
partida_93,159,TROPA_DESPLEGADA,JUGADOR_2,180,EstrategiaMenorCosto,EstrategiaDefensiva,0,3,P.E.K.K.A|Mago|Gigante|Mosquetera,Arqueras|Ejército de Esqueletos|Bárbaros|Mago,JUGADOR_1,Mini P.E.K.K.A,4,0,4,,,,,
partida_93,166,TROPA_DESPLEGADA,JUGADOR_2,180,EstrategiaMenorCosto,EstrategiaDefensiva,2,0,P.E.K.K.A|Mago|Gigante|Mosquetera,Arqueras|Ejército de Esqueletos|Bárbaros|Mago de Hielo,JUGADOR_2,Mago,5,6,28,,,,,
partida_93,171,TROPA_DESPLEGADA,JUGADOR_2,180,EstrategiaMenorCosto,EstrategiaDefensiva,0,2,P.E.K.K.A|Mago|Gigante|Arqueras,Arqueras|Ejército de Esqueletos|Bárbaros|Mago de Hielo,JUGADOR_1,Mosquetera,4,8,5,,,,,
partida_93,180,TROPA_DESPLEGADA,JUGADOR_2,180,EstrategiaMenorCosto,EstrategiaDefensiva,0,5,P.E.K.K.A|Mago|Gigante|Caballero,Arqueras|Ejército de Esqueletos|Bárbaros|Mago de Hielo,JUGADOR_1,Arqueras,3,15,2,,,,,
partida_93,180,TROPA_DESPLEGADA,JUGADOR_2,180,EstrategiaMenorCosto,EstrategiaDefensiva,0,2,P.E.K.K.A|Mago|Gigante|Caballero,Arqueras|Ejército de Esqueletos|Bárbaros|Mosquetera,JUGADOR_2,Mago de Hielo,3,6,28,,,,,
partida_93,180,PARTIDA_TERMINADA,JUGADOR_2,180,EstrategiaMenorCosto,EstrategiaDefensiva,0,2,P.E.K.K.A|Mago|Gigante|Caballero,Arqueras|Ejército de Esqueletos|Bárbaros|Mosquetera,,,,,,,,,,
partida_94,1,TROPA_DESPLEGADA,JUGADOR_2,180,EstrategiaAleatoria,EstrategiaMenorCosto,1,5,P.E.K.K.A|Bárbaros|Caballero|Mago de Hielo,Mago de Hielo|Ejército de Esqueletos|Arqueras|Valquiria,JUGADOR_1,Valquiria,4,14,9,,,,,
partida_94,1,TROPA_DESPLEGADA,JUGADOR_2,180,EstrategiaAleatoria,EstrategiaMenorCosto,1,2,P.E.K.K.A|Bárbaros|Caballero|Mago de Hielo,Ejército de Esqueletos|Arqueras|Valquiria|P.E.K.K.A,JUGADOR_2,Mago de Hielo,3,5,22,,,,,
partida_94,4,TROPA_DESPLEGADA,JUGADOR_2,180,EstrategiaAleatoria,EstrategiaMenorCosto,2,0,P.E.K.K.A|Bárbaros|Caballero|Mago de Hielo,Arqueras|Valquiria|P.E.K.K.A|Gigante,JUGADOR_2,Ejército de Esqueletos,3,16,21,,,,,
partida_94,8,TROPA_DESPLEGADA,JUGADOR_2,180,EstrategiaAleatoria,EstrategiaMenorCosto,0,1,P.E.K.K.A|Bárbaros|Mago de Hielo|Ejército de Esqueletos,Arqueras|Valquiria|P.E.K.K.A|Gigante,JUGADOR_1,Caballero,3,10,6,,,,,
partida_94,13,TROPA_DESPLEGADA,JUGADOR_2,180,EstrategiaAleatoria,EstrategiaMenorCosto,2,0,P.E.K.K.A|Bárbaros|Mago de Hielo|Ejército de Esqueletos,Valquiria|P.E.K.K.A|Gigante|Caballero,JUGADOR_2,Arqueras,3,17,17,,,,,
partida_94,17,TROPA_DESPLEGADA,JUGADOR_2,180,EstrategiaAleatoria,EstrategiaMenorCosto,0,1,P.E.K.K.A|Bárbaros|Ejército de Esqueletos|Arqueras,Valquiria|P.E.K.K.A|Gigante|Caballero,JUGADOR_1,Mago de Hielo,3,6,7,,,,,
partida_94,22,TROPA_DESPLEGADA,JUGADOR_2,180,EstrategiaAleatoria,EstrategiaMenorCosto,2,0,P.E.K.K.A|Bárbaros|Ejército de Esqueletos|Arqueras,Valquiria|P.E.K.K.A|Gigante|Mosquetera,JUGADOR_2,Caballero,3,14,30,,,,,
partida_94,24,TROPA_DESPLEGADA,JUGADOR_2,180,EstrategiaAleatoria,EstrategiaMenorCosto,0,1,P.E.K.K.A|Bárbaros|Arqueras|Príncipe,Valquiria|P.E.K.K.A|Gigante|Mosquetera,JUGADOR_1,Ejército de Esqueletos,3,6,3,,,,,
partida_94,33,TROPA_DESPLEGADA,JUGADOR_2,180,EstrategiaAleatoria,EstrategiaMenorCosto,0,4,P.E.K.K.A|Bárbaros|Príncipe|Valquiria,Valquiria|P.E.K.K.A|Gigante|Mosquetera,JUGADOR_1,Arqueras,3,13,4,,,,,
partida_94,33,TROPA_DESPLEGADA,JUGADOR_2,180,EstrategiaAleatoria,EstrategiaMenorCosto,0,0,P.E.K.K.A|Bárbaros|Príncipe|Valquiria,P.E.K.K.A|Gigante|Mosquetera|Mago de Hielo,JUGADOR_2,Valquiria,4,11,25,,,,,
partida_94,42,TROPA_DESPLEGADA,JUGADOR_2,180,EstrategiaAleatoria,EstrategiaMenorCosto,3,0,P.E.K.K.A|Bárbaros|Príncipe|Valquiria,P.E.K.K.A|Gigante|Mosquetera|Ejército de Esqueletos,JUGADOR_2,Mago de Hielo,3,3,29,,,,,
partida_94,48,TROPA_DESPLEGADA,JUGADOR_2,180,EstrategiaAleatoria,EstrategiaMenorCosto,0,2,P.E.K.K.A|Príncipe|Valquiria|Caballero,P.E.K.K.A|Gigante|Mosquetera|Ejército de Esqueletos,JUGADOR_1,Bárbaros,5,16,13,,,,,
partida_94,51,TROPA_DESPLEGADA,JUGADOR_2,180,EstrategiaAleatoria,EstrategiaMenorCosto,1,0,P.E.K.K.A|Príncipe|Valquiria|Caballero,P.E.K.K.A|Gigante|Mosquetera|Arqueras,JUGADOR_2,Ejército de Esqueletos,3,12,19,,,,,
partida_94,58,TROPA_DESPLEGADA,JUGADOR_2,180,EstrategiaAleatoria,EstrategiaMenorCosto,0,2,P.E.K.K.A|Príncipe|Valquiria|Mago de Hielo,P.E.K.K.A|Gigante|Mosquetera|Arqueras,JUGADOR_1,Caballero,3,14,12,,,,,
partida_94,61,TROPA_DESPLEGADA,JUGADOR_2,180,EstrategiaAleatoria,EstrategiaMenorCosto,1,0,P.E.K.K.A|Príncipe|Valquiria|Mago de Hielo,P.E.K.K.A|Gigante|Mosquetera|Caballero,JUGADOR_2,Arqueras,3,0,25,,,,,
partida_94,67,TROPA_DESPLEGADA,JUGADOR_2,180,EstrategiaAleatoria,EstrategiaMenorCosto,0,2,P.E.K.K.A|Príncipe|Valquiria|Ejército de Esqueletos,P.E.K.K.A|Gigante|Mosquetera|Caballero,JUGADOR_1,Mago de Hielo,3,16,9,,,,,
partida_94,69,TROPA_DESPLEGADA,JUGADOR_2,180,EstrategiaAleatoria,EstrategiaMenorCosto,1,0,P.E.K.K.A|Príncipe|Valquiria|Ejército de Esqueletos,P.E.K.K.A|Gigante|Mosquetera|Valquiria,JUGADOR_2,Caballero,3,0,26,,,,,
partida_94,75,TROPA_DESPLEGADA,JUGADOR_2,180,EstrategiaAleatoria,EstrategiaMenorCosto,0,2,P.E.K.K.A|Príncipe|Valquiria|Arqueras,P.E.K.K.A|Gigante|Mosquetera|Valquiria,JUGADOR_1,Ejército de Esqueletos,3,13,0,,,,,
partida_94,81,TROPA_DESPLEGADA,JUGADOR_2,180,EstrategiaAleatoria,EstrategiaMenorCosto,2,0,P.E.K.K.A|Príncipe|Valquiria|Arqueras,P.E.K.K.A|Gigante|Valquiria|Mago de Hielo,JUGADOR_2,Mosquetera,4,11,21,,,,,
partida_94,84,TROPA_DESPLEGADA,JUGADOR_2,180,EstrategiaAleatoria,EstrategiaMenorCosto,0,1,P.E.K.K.A|Príncipe|Valquiria|Bárbaros,P.E.K.K.A|Gigante|Valquiria|Mago de Hielo,JUGADOR_1,Arqueras,3,11,8,,,,,
partida_94,90,TROPA_DESPLEGADA,JUGADOR_2,180,EstrategiaAleatoria,EstrategiaMenorCosto,2,0,P.E.K.K.A|Príncipe|Valquiria|Bárbaros,P.E.K.K.A|Gigante|Valquiria|Ejército de Esqueletos,JUGADOR_2,Mago de Hielo,3,4,22,,,,,
partida_94,97,TROPA_DESPLEGADA,JUGADOR_2,180,EstrategiaAleatoria,EstrategiaMenorCosto,0,2,P.E.K.K.A|Príncipe|Bárbaros|Caballero,P.E.K.K.A|Gigante|Valquiria|Ejército de Esqueletos,JUGADOR_1,Valquiria,4,5,8,,,,,
partida_94,99,TROPA_DESPLEGADA,JUGADOR_2,180,EstrategiaAleatoria,EstrategiaMenorCosto,1,0,P.E.K.K.A|Príncipe|Bárbaros|Caballero,P.E.K.K.A|Gigante|Valquiria|Arqueras,JUGADOR_2,Ejército de Esqueletos,3,15,27,,,,,
partida_94,105,TROPA_DESPLEGADA,JUGADOR_2,180,EstrategiaAleatoria,EstrategiaMenorCosto,0,2,P.E.K.K.A|Príncipe|Bárbaros|Mago de Hielo,P.E.K.K.A|Gigante|Valquiria|Arqueras,JUGADOR_1,Caballero,3,15,2,,,,,
partida_94,108,TROPA_DESPLEGADA,JUGADOR_2,180,EstrategiaAleatoria,EstrategiaMenorCosto,1,0,P.E.K.K.A|Príncipe|Bárbaros|Mago de Hielo,P.E.K.K.A|Gigante|Valquiria|Caballero,JUGADOR_2,Arqueras,3,5,30,,,,,
partida_94,117,TROPA_DESPLEGADA,JUGADOR_2,180,EstrategiaAleatoria,EstrategiaMenorCosto,1,3,P.E.K.K.A|Príncipe|Bárbaros|Ejército de Esqueletos,P.E.K.K.A|Gigante|Valquiria|Caballero,JUGADOR_1,Mago de Hielo,3,5,12,,,,,
partida_94,117,TROPA_DESPLEGADA,JUGADOR_2,180,EstrategiaAleatoria,EstrategiaMenorCosto,1,0,P.E.K.K.A|Príncipe|Bárbaros|Ejército de Esqueletos,P.E.K.K.A|Gigante|Valquiria|Mosquetera,JUGADOR_2,Caballero,3,11,18,,,,,
partida_94,123,TROPA_DESPLEGADA,JUGADOR_2,180,EstrategiaAleatoria,EstrategiaMenorCosto,0,2,P.E.K.K.A|Príncipe|Bárbaros|Arqueras,P.E.K.K.A|Gigante|Valquiria|Mosquetera,JUGADOR_1,Ejército de Esqueletos,3,8,0,,,,,
partida_94,129,TROPA_DESPLEGADA,JUGADOR_2,180,EstrategiaAleatoria,EstrategiaMenorCosto,2,0,P.E.K.K.A|Príncipe|Bárbaros|Arqueras,P.E.K.K.A|Gigante|Mosquetera|Mago de Hielo,JUGADOR_2,Valquiria,4,17,18,,,,,
partida_94,132,TROPA_DESPLEGADA,JUGADOR_2,180,EstrategiaAleatoria,EstrategiaMenorCosto,0,1,P.E.K.K.A|Príncipe|Bárbaros|Valquiria,P.E.K.K.A|Gigante|Mosquetera|Mago de Hielo,JUGADOR_1,Arqueras,3,1,12,,,,,
partida_94,138,TROPA_DESPLEGADA,JUGADOR_2,180,EstrategiaAleatoria,EstrategiaMenorCosto,2,0,P.E.K.K.A|Príncipe|Bárbaros|Valquiria,P.E.K.K.A|Gigante|Mosquetera|Ejército de Esqueletos,JUGADOR_2,Mago de Hielo,3,17,21,,,,,
partida_94,147,TROPA_DESPLEGADA,JUGADOR_2,180,EstrategiaAleatoria,EstrategiaMenorCosto,0,3,P.E.K.K.A|Príncipe|Valquiria|Caballero,P.E.K.K.A|Gigante|Mosquetera|Ejército de Esqueletos,JUGADOR_1,Bárbaros,5,6,11,,,,,
partida_94,147,TROPA_DESPLEGADA,JUGADOR_2,180,EstrategiaAleatoria,EstrategiaMenorCosto,0,0,P.E.K.K.A|Príncipe|Valquiria|Caballero,P.E.K.K.A|Gigante|Mosquetera|Arqueras,JUGADOR_2,Ejército de Esqueletos,3,0,29,,,,,
partida_94,156,TROPA_DESPLEGADA,JUGADOR_2,180,EstrategiaAleatoria,EstrategiaMenorCosto,0,3,P.E.K.K.A|Príncipe|Valquiria|Mago de Hielo,P.E.K.K.A|Gigante|Mosquetera|Arqueras,JUGADOR_1,Caballero,3,1,5,,,,,
partida_94,156,TROPA_DESPLEGADA,JUGADOR_2,180,EstrategiaAleatoria,EstrategiaMenorCosto,0,0,P.E.K.K.A|Príncipe|Valquiria|Mago de Hielo,P.E.K.K.A|Gigante|Mosquetera|Caballero,JUGADOR_2,Arqueras,3,6,20,,,,,
partida_94,165,TROPA_DESPLEGADA,JUGADOR_2,180,EstrategiaAleatoria,EstrategiaMenorCosto,0,3,P.E.K.K.A|Príncipe|Valquiria|Ejército de Esqueletos,P.E.K.K.A|Gigante|Mosquetera|Caballero,JUGADOR_1,Mago de Hielo,3,7,5,,,,,
partida_94,165,TROPA_DESPLEGADA,JUGADOR_2,180,EstrategiaAleatoria,EstrategiaMenorCosto,0,0,P.E.K.K.A|Príncipe|Valquiria|Ejército de Esqueletos,P.E.K.K.A|Gigante|Mosquetera|Valquiria,JUGADOR_2,Caballero,3,9,13,,,,,
partida_94,175,TROPA_DESPLEGADA,JUGADOR_2,180,EstrategiaAleatoria,EstrategiaMenorCosto,0,3,P.E.K.K.A|Príncipe|Valquiria|Arqueras,P.E.K.K.A|Gigante|Mosquetera|Valquiria,JUGADOR_1,Ejército de Esqueletos,3,5,1,,,,,
partida_94,177,TROPA_DESPLEGADA,JUGADOR_2,180,EstrategiaAleatoria,EstrategiaMenorCosto,1,0,P.E.K.K.A|Príncipe|Valquiria|Arqueras,P.E.K.K.A|Gigante|Valquiria|Mago de Hielo,JUGADOR_2,Mosquetera,4,5,22,,,,,
partida_94,180,PARTIDA_TERMINADA,JUGADOR_2,180,EstrategiaAleatoria,EstrategiaMenorCosto,2,1,P.E.K.K.A|Príncipe|Valquiria|Arqueras,P.E.K.K.A|Gigante|Valquiria|Mago de Hielo,,,,,,,,,,
partida_95,1,TROPA_DESPLEGADA,JUGADOR_2,142,EstrategiaDefensiva,EstrategiaAleatoria,1,5,Mago de Hielo|Ejército de Esqueletos|Bárbaros|Arqueras,Gigante|Caballero|Mini P.E.K.K.A|Mago,JUGADOR_1,Valquiria,4,6,2,,,,,
partida_95,2,TROPA_DESPLEGADA,JUGADOR_2,142,EstrategiaDefensiva,EstrategiaAleatoria,1,1,Mago de Hielo|Ejército de Esqueletos|Bárbaros|Arqueras,Gigante|Caballero|Mago|Ejército de Esqueletos,JUGADOR_2,Mini P.E.K.K.A,4,3,22,,,,,
partida_95,6,TROPA_DESPLEGADA,JUGADOR_2,142,EstrategiaDefensiva,EstrategiaAleatoria,3,0,Mago de Hielo|Ejército de Esqueletos|Bárbaros|Arqueras,Gigante|Mago|Ejército de Esqueletos|Mago de Hielo,JUGADOR_2,Caballero,3,17,20,,,,,
partida_95,12,TROPA_DESPLEGADA,JUGADOR_2,142,EstrategiaDefensiva,EstrategiaAleatoria,2,2,Ejército de Esqueletos|Bárbaros|Arqueras|Príncipe,Gigante|Mago|Ejército de Esqueletos|Mago de Hielo,JUGADOR_1,Mago de Hielo,3,6,2,,,,,
partida_95,15,TROPA_DESPLEGADA,JUGADOR_2,142,EstrategiaDefensiva,EstrategiaAleatoria,3,0,Ejército de Esqueletos|Bárbaros|Arqueras|Príncipe,Gigante|Mago|Mago de Hielo|Mosquetera,JUGADOR_2,Ejército de Esqueletos,3,9,17,,,,,
partida_95,21,TROPA_DESPLEGADA,JUGADOR_2,142,EstrategiaDefensiva,EstrategiaAleatoria,0,2,Ejército de Esqueletos|Bárbaros|Arqueras|P.E.K.K.A,Gigante|Mago|Mago de Hielo|Mosquetera,JUGADOR_1,Príncipe,5,6,2,,,,,
partida_95,24,TROPA_DESPLEGADA,JUGADOR_2,142,EstrategiaDefensiva,EstrategiaAleatoria,1,0,Ejército de Esqueletos|Bárbaros|Arqueras|P.E.K.K.A,Gigante|Mago|Mosquetera|Bárbaros,JUGADOR_2,Mago de Hielo,3,3,21,,,,,
partida_95,36,TROPA_DESPLEGADA,JUGADOR_2,142,EstrategiaDefensiva,EstrategiaAleatoria,5,0,Ejército de Esqueletos|Bárbaros|Arqueras|P.E.K.K.A,Gigante|Mago|Bárbaros|Mini P.E.K.K.A,JUGADOR_2,Mosquetera,4,14,19,,,,,
partida_95,39,TROPA_DESPLEGADA,JUGADOR_2,142,EstrategiaDefensiva,EstrategiaAleatoria,1,1,Ejército de Esqueletos|Arqueras|P.E.K.K.A|Mago,Gigante|Mago|Bárbaros|Mini P.E.K.K.A,JUGADOR_1,Bárbaros,5,6,2,,,,,
partida_95,49,TROPA_DESPLEGADA,JUGADOR_2,142,EstrategiaDefensiva,EstrategiaAleatoria,4,0,Ejército de Esqueletos|Arqueras|P.E.K.K.A|Mago,Gigante|Mago|Bárbaros|Caballero,JUGADOR_2,Mini P.E.K.K.A,4,16,29,,,,,
partida_95,53,TROPA_DESPLEGADA,JUGADOR_2,142,EstrategiaDefensiva,EstrategiaAleatoria,0,1,Ejército de Esqueletos|Arqueras|P.E.K.K.A|Valquiria,Gigante|Mago|Bárbaros|Caballero,JUGADOR_1,Mago,5,6,2,,,,,
partida_95,60,TROPA_DESPLEGADA,JUGADOR_2,142,EstrategiaDefensiva,EstrategiaAleatoria,3,1,Ejército de Esqueletos|Arqueras|P.E.K.K.A|Valquiria,Gigante|Mago|Bárbaros|Ejército de Esqueletos,JUGADOR_2,Caballero,3,15,21,,,,,
partida_95,66,TROPA_DESPLEGADA,JUGADOR_2,142,EstrategiaDefensiva,EstrategiaAleatoria,1,3,Ejército de Esqueletos|Arqueras|P.E.K.K.A|Mago de Hielo,Gigante|Mago|Bárbaros|Ejército de Esqueletos,JUGADOR_1,Valquiria,4,6,2,,,,,
partida_95,66,TROPA_DESPLEGADA,JUGADOR_2,142,EstrategiaDefensiva,EstrategiaAleatoria,1,0,Ejército de Esqueletos|Arqueras|P.E.K.K.A|Mago de Hielo,Gigante|Mago|Bárbaros|Mago de Hielo,JUGADOR_2,Ejército de Esqueletos,3,11,31,,,,,
partida_95,75,TROPA_DESPLEGADA,JUGADOR_2,142,EstrategiaDefensiva,EstrategiaAleatoria,4,0,Ejército de Esqueletos|Arqueras|P.E.K.K.A|Mago de Hielo,Gigante|Mago|Bárbaros|Mosquetera,JUGADOR_2,Mago de Hielo,3,16,29,,,,,
partida_95,78,TROPA_DESPLEGADA,JUGADOR_2,142,EstrategiaDefensiva,EstrategiaAleatoria,2,1,Ejército de Esqueletos|Arqueras|P.E.K.K.A|Príncipe,Gigante|Mago|Bárbaros|Mosquetera,JUGADOR_1,Mago de Hielo,3,6,2,,,,,
partida_95,87,TROPA_DESPLEGADA,JUGADOR_2,142,EstrategiaDefensiva,EstrategiaAleatoria,0,4,Ejército de Esqueletos|Arqueras|P.E.K.K.A|Bárbaros,Gigante|Mago|Bárbaros|Mosquetera,JUGADOR_1,Príncipe,5,6,2,,,,,
partida_95,87,TROPA_DESPLEGADA,JUGADOR_2,142,EstrategiaDefensiva,EstrategiaAleatoria,0,0,Ejército de Esqueletos|Arqueras|P.E.K.K.A|Bárbaros,Gigante|Mago|Bárbaros|Mini P.E.K.K.A,JUGADOR_2,Mosquetera,4,10,18,,,,,
partida_95,99,TROPA_DESPLEGADA,JUGADOR_2,142,EstrategiaDefensiva,EstrategiaAleatoria,4,0,Ejército de Esqueletos|Arqueras|P.E.K.K.A|Bárbaros,Gigante|Mago|Bárbaros|Caballero,JUGADOR_2,Mini P.E.K.K.A,4,0,13,,,,,
partida_95,103,TROPA_DESPLEGADA,JUGADOR_2,142,EstrategiaDefensiva,EstrategiaAleatoria,0,1,Ejército de Esqueletos|Arqueras|P.E.K.K.A|Mago,Gigante|Mago|Bárbaros|Caballero,JUGADOR_1,Bárbaros,5,6,2,,,,,
partida_95,108,TROPA_DESPLEGADA,JUGADOR_2,142,EstrategiaDefensiva,EstrategiaAleatoria,2,0,Ejército de Esqueletos|Arqueras|P.E.K.K.A|Mago,Gigante|Mago|Bárbaros|Ejército de Esqueletos,JUGADOR_2,Caballero,3,3,18,,,,,
partida_95,118,TROPA_DESPLEGADA,JUGADOR_2,142,EstrategiaDefensiva,EstrategiaAleatoria,5,0,Ejército de Esqueletos|Arqueras|P.E.K.K.A|Mago,Gigante|Mago|Bárbaros|Mago de Hielo,JUGADOR_2,Ejército de Esqueletos,3,6,21,,,,,
partida_95,121,TROPA_DESPLEGADA,JUGADOR_2,142,EstrategiaDefensiva,EstrategiaAleatoria,1,1,Ejército de Esqueletos|Arqueras|P.E.K.K.A|Valquiria,Gigante|Mago|Bárbaros|Mago de Hielo,JUGADOR_1,Mago,5,6,2,,,,,
partida_95,126,TROPA_DESPLEGADA,JUGADOR_2,142,EstrategiaDefensiva,EstrategiaAleatoria,3,0,Ejército de Esqueletos|Arqueras|P.E.K.K.A|Valquiria,Gigante|Mago|Bárbaros|Mosquetera,JUGADOR_2,Mago de Hielo,3,16,17,,,,,
partida_95,132,TROPA_DESPLEGADA,JUGADOR_2,142,EstrategiaDefensiva,EstrategiaAleatoria,1,2,Ejército de Esqueletos|Arqueras|P.E.K.K.A|Mago de Hielo,Gigante|Mago|Bárbaros|Mosquetera,JUGADOR_1,Valquiria,4,6,2,,,,,
partida_95,138,TROPA_DESPLEGADA,JUGADOR_2,142,EstrategiaDefensiva,EstrategiaAleatoria,3,0,Ejército de Esqueletos|Arqueras|P.E.K.K.A|Mago de Hielo,Gigante|Mago|Bárbaros|Mini P.E.K.K.A,JUGADOR_2,Mosquetera,4,3,12,,,,,
partida_95,142,PARTIDA_TERMINADA,JUGADOR_2,142,EstrategiaDefensiva,EstrategiaAleatoria,4,1,Ejército de Esqueletos|Arqueras|P.E.K.K.A|Mago de Hielo,Gigante|Mago|Bárbaros|Mini P.E.K.K.A,,,,,,,,,,
partida_96,1,TROPA_DESPLEGADA,JUGADOR_1,90,EstrategiaAgresiva,EstrategiaAgresiva,0,5,Ejército de Esqueletos|Mago de Hielo|P.E.K.K.A|Valquiria,Mosquetera|P.E.K.K.A|Mago|Gigante,JUGADOR_1,Bárbaros,5,0,14,,,,,
partida_96,2,TROPA_DESPLEGADA,JUGADOR_1,90,EstrategiaAgresiva,EstrategiaAgresiva,0,0,Ejército de Esqueletos|Mago de Hielo|P.E.K.K.A|Valquiria,Mosquetera|P.E.K.K.A|Gigante|Príncipe,JUGADOR_2,Mago,5,0,17,,,,,
partida_96,9,TROPA_DESPLEGADA,JUGADOR_1,90,EstrategiaAgresiva,EstrategiaAgresiva,0,3,Ejército de Esqueletos|P.E.K.K.A|Valquiria|Mini P.E.K.K.A,Mosquetera|P.E.K.K.A|Gigante|Príncipe,JUGADOR_1,Mago de Hielo,3,0,14,,,,,
partida_96,12,TROPA_DESPLEGADA,JUGADOR_1,90,EstrategiaAgresiva,EstrategiaAgresiva,1,0,Ejército de Esqueletos|P.E.K.K.A|Valquiria|Mini P.E.K.K.A,P.E.K.K.A|Gigante|Príncipe|Arqueras,JUGADOR_2,Mosquetera,4,0,17,,,,,
partida_96,18,TROPA_DESPLEGADA,JUGADOR_1,90,EstrategiaAgresiva,EstrategiaAgresiva,0,2,P.E.K.K.A|Valquiria|Mini P.E.K.K.A|Caballero,P.E.K.K.A|Gigante|Príncipe|Arqueras,JUGADOR_1,Ejército de Esqueletos,3,0,14,,,,,
partida_96,21,TROPA_DESPLEGADA,JUGADOR_1,90,EstrategiaAgresiva,EstrategiaAgresiva,1,0,P.E.K.K.A|Valquiria|Mini P.E.K.K.A|Caballero,P.E.K.K.A|Gigante|Príncipe|Mini P.E.K.K.A,JUGADOR_2,Arqueras,3,0,17,,,,,
partida_96,27,TROPA_DESPLEGADA,JUGADOR_1,90,EstrategiaAgresiva,EstrategiaAgresiva,0,2,P.E.K.K.A|Valquiria|Mini P.E.K.K.A|Mago,P.E.K.K.A|Gigante|Príncipe|Mini P.E.K.K.A,JUGADOR_1,Caballero,3,0,14,,,,,
partida_96,33,TROPA_DESPLEGADA,JUGADOR_1,90,EstrategiaAgresiva,EstrategiaAgresiva,2,0,P.E.K.K.A|Valquiria|Mini P.E.K.K.A|Mago,P.E.K.K.A|Gigante|Príncipe|Mago de Hielo,JUGADOR_2,Mini P.E.K.K.A,4,0,17,,,,,
partida_96,39,TROPA_DESPLEGADA,JUGADOR_1,90,EstrategiaAgresiva,EstrategiaAgresiva,0,2,P.E.K.K.A|Valquiria|Mago|Bárbaros,P.E.K.K.A|Gigante|Príncipe|Mago de Hielo,JUGADOR_1,Mini P.E.K.K.A,4,0,14,,,,,
partida_96,42,TROPA_DESPLEGADA,JUGADOR_1,90,EstrategiaAgresiva,EstrategiaAgresiva,1,0,P.E.K.K.A|Valquiria|Mago|Bárbaros,P.E.K.K.A|Gigante|Príncipe|Mago,JUGADOR_2,Mago de Hielo,3,0,17,,,,,
partida_96,51,TROPA_DESPLEGADA,JUGADOR_1,90,EstrategiaAgresiva,EstrategiaAgresiva,0,3,P.E.K.K.A|Mago|Bárbaros|Mago de Hielo,P.E.K.K.A|Gigante|Príncipe|Mago,JUGADOR_1,Valquiria,4,0,14,,,,,
partida_96,57,TROPA_DESPLEGADA,JUGADOR_1,90,EstrategiaAgresiva,EstrategiaAgresiva,2,0,P.E.K.K.A|Mago|Bárbaros|Mago de Hielo,P.E.K.K.A|Gigante|Mago|Mosquetera,JUGADOR_2,Príncipe,5,0,17,,,,,
partida_96,60,TROPA_DESPLEGADA,JUGADOR_1,90,EstrategiaAgresiva,EstrategiaAgresiva,0,1,P.E.K.K.A|Mago|Bárbaros|Ejército de Esqueletos,P.E.K.K.A|Gigante|Mago|Mosquetera,JUGADOR_1,Mago de Hielo,3,0,21,,,,,
partida_96,69,TROPA_DESPLEGADA,JUGADOR_1,90,EstrategiaAgresiva,EstrategiaAgresiva,3,0,P.E.K.K.A|Mago|Bárbaros|Ejército de Esqueletos,P.E.K.K.A|Gigante|Mago|Arqueras,JUGADOR_2,Mosquetera,4,0,22,,,,,
partida_96,70,TROPA_DESPLEGADA,JUGADOR_1,90,EstrategiaAgresiva,EstrategiaAgresiva,0,0,P.E.K.K.A|Mago|Bárbaros|Caballero,P.E.K.K.A|Gigante|Mago|Arqueras,JUGADOR_1,Ejército de Esqueletos,3,0,21,,,,,
partida_96,78,TROPA_DESPLEGADA,JUGADOR_1,90,EstrategiaAgresiva,EstrategiaAgresiva,0,3,P.E.K.K.A|Mago|Bárbaros|Mini P.E.K.K.A,P.E.K.K.A|Gigante|Mago|Arqueras,JUGADOR_1,Caballero,3,0,21,,,,,
partida_96,79,TROPA_DESPLEGADA,JUGADOR_1,90,EstrategiaAgresiva,EstrategiaAgresiva,0,0,P.E.K.K.A|Mago|Bárbaros|Mini P.E.K.K.A,P.E.K.K.A|Gigante|Mago|Mini P.E.K.K.A,JUGADOR_2,Arqueras,3,0,22,,,,,
partida_96,90,TROPA_DESPLEGADA,JUGADOR_1,90,EstrategiaAgresiva,EstrategiaAgresiva,0,4,P.E.K.K.A|Mago|Bárbaros|Valquiria,P.E.K.K.A|Gigante|Mago|Mini P.E.K.K.A,JUGADOR_1,Mini P.E.K.K.A,4,0,21,,,,,
partida_96,90,TROPA_DESPLEGADA,JUGADOR_1,90,EstrategiaAgresiva,EstrategiaAgresiva,0,0,P.E.K.K.A|Mago|Bárbaros|Valquiria,P.E.K.K.A|Gigante|Mago|Mago de Hielo,JUGADOR_2,Mini P.E.K.K.A,4,0,22,,,,,
partida_96,90,PARTIDA_TERMINADA,JUGADOR_1,90,EstrategiaAgresiva,EstrategiaAgresiva,0,0,P.E.K.K.A|Mago|Bárbaros|Valquiria,P.E.K.K.A|Gigante|Mago|Mago de Hielo,,,,,,,,,,
partida_97,1,TROPA_DESPLEGADA,JUGADOR_2,130,EstrategiaAgresiva,EstrategiaAleatoria,1,5,Príncipe|Bárbaros|Mago de Hielo|Valquiria,P.E.K.K.A|Caballero|Bárbaros|Ejército de Esqueletos,JUGADOR_1,Mini P.E.K.K.A,4,0,14,,,,,
partida_97,1,TROPA_DESPLEGADA,JUGADOR_2,130,EstrategiaAgresiva,EstrategiaAleatoria,1,0,Príncipe|Bárbaros|Mago de Hielo|Valquiria,P.E.K.K.A|Caballero|Ejército de Esqueletos|Mini P.E.K.K.A,JUGADOR_2,Bárbaros,5,5,20,,,,,
partida_97,6,TROPA_DESPLEGADA,JUGADOR_2,130,EstrategiaAgresiva,EstrategiaAleatoria,0,2,Príncipe|Bárbaros|Valquiria|Caballero,P.E.K.K.A|Caballero|Ejército de Esqueletos|Mini P.E.K.K.A,JUGADOR_1,Mago de Hielo,3,0,14,,,,,
partida_97,9,TROPA_DESPLEGADA,JUGADOR_2,130,EstrategiaAgresiva,EstrategiaAleatoria,1,0,Príncipe|Bárbaros|Valquiria|Caballero,P.E.K.K.A|Ejército de Esqueletos|Mini P.E.K.K.A|Príncipe,JUGADOR_2,Caballero,3,6,22,,,,,
partida_97,16,TROPA_DESPLEGADA,JUGADOR_2,130,EstrategiaAgresiva,EstrategiaAleatoria,0,2,Príncipe|Bárbaros|Valquiria|Ejército de Esqueletos,P.E.K.K.A|Ejército de Esqueletos|Mini P.E.K.K.A|Príncipe,JUGADOR_1,Caballero,3,0,14,,,,,
partida_97,18,TROPA_DESPLEGADA,JUGADOR_2,130,EstrategiaAgresiva,EstrategiaAleatoria,1,0,Príncipe|Bárbaros|Valquiria|Ejército de Esqueletos,P.E.K.K.A|Mini P.E.K.K.A|Príncipe|Mago,JUGADOR_2,Ejército de Esqueletos,3,2,29,,,,,
partida_97,24,TROPA_DESPLEGADA,JUGADOR_2,130,EstrategiaAgresiva,EstrategiaAleatoria,0,2,Príncipe|Bárbaros|Valquiria|Gigante,P.E.K.K.A|Mini P.E.K.K.A|Príncipe|Mago,JUGADOR_1,Ejército de Esqueletos,3,0,21,,,,,
partida_97,30,TROPA_DESPLEGADA,JUGADOR_2,130,EstrategiaAgresiva,EstrategiaAleatoria,2,0,Príncipe|Bárbaros|Valquiria|Gigante,P.E.K.K.A|Príncipe|Mago|Mago de Hielo,JUGADOR_2,Mini P.E.K.K.A,4,12,24,,,,,
partida_97,36,TROPA_DESPLEGADA,JUGADOR_2,130,EstrategiaAgresiva,EstrategiaAleatoria,0,2,Príncipe|Bárbaros|Gigante|Mini P.E.K.K.A,P.E.K.K.A|Príncipe|Mago|Mago de Hielo,JUGADOR_1,Valquiria,4,0,21,,,,,
partida_97,39,TROPA_DESPLEGADA,JUGADOR_2,130,EstrategiaAgresiva,EstrategiaAleatoria,1,0,Príncipe|Bárbaros|Gigante|Mini P.E.K.K.A,P.E.K.K.A|Príncipe|Mago|Bárbaros,JUGADOR_2,Mago de Hielo,3,16,26,,,,,
partida_97,48,TROPA_DESPLEGADA,JUGADOR_2,130,EstrategiaAgresiva,EstrategiaAleatoria,0,3,Príncipe|Bárbaros|Gigante|Mago de Hielo,P.E.K.K.A|Príncipe|Mago|Bárbaros,JUGADOR_1,Mini P.E.K.K.A,4,0,21,,,,,
partida_97,55,TROPA_DESPLEGADA,JUGADOR_2,130,EstrategiaAgresiva,EstrategiaAleatoria,2,0,Príncipe|Bárbaros|Gigante|Mago de Hielo,P.E.K.K.A|Príncipe|Bárbaros|Caballero,JUGADOR_2,Mago,5,15,28,,,,,
partida_97,57,TROPA_DESPLEGADA,JUGADOR_2,130,EstrategiaAgresiva,EstrategiaAleatoria,0,1,Príncipe|Bárbaros|Gigante|Caballero,P.E.K.K.A|Príncipe|Bárbaros|Caballero,JUGADOR_1,Mago de Hielo,3,0,21,,,,,
partida_97,63,TROPA_DESPLEGADA,JUGADOR_2,130,EstrategiaAgresiva,EstrategiaAleatoria,2,0,Príncipe|Bárbaros|Gigante|Caballero,P.E.K.K.A|Príncipe|Bárbaros|Ejército de Esqueletos,JUGADOR_2,Caballero,3,9,23,,,,,
partida_97,66,TROPA_DESPLEGADA,JUGADOR_2,130,EstrategiaAgresiva,EstrategiaAleatoria,0,1,Príncipe|Bárbaros|Gigante|Ejército de Esqueletos,P.E.K.K.A|Príncipe|Bárbaros|Ejército de Esqueletos,JUGADOR_1,Caballero,3,0,21,,,,,
partida_97,72,TROPA_DESPLEGADA,JUGADOR_2,130,EstrategiaAgresiva,EstrategiaAleatoria,2,0,Príncipe|Bárbaros|Gigante|Ejército de Esqueletos,P.E.K.K.A|Príncipe|Bárbaros|Mini P.E.K.K.A,JUGADOR_2,Ejército de Esqueletos,3,1,23,,,,,
partida_97,75,TROPA_DESPLEGADA,JUGADOR_2,130,EstrategiaAgresiva,EstrategiaAleatoria,0,1,Príncipe|Bárbaros|Gigante|Valquiria,P.E.K.K.A|Príncipe|Bárbaros|Mini P.E.K.K.A,JUGADOR_1,Ejército de Esqueletos,3,0,21,,,,,
partida_97,84,TROPA_DESPLEGADA,JUGADOR_2,130,EstrategiaAgresiva,EstrategiaAleatoria,3,0,Príncipe|Bárbaros|Gigante|Valquiria,P.E.K.K.A|Príncipe|Bárbaros|Mago de Hielo,JUGADOR_2,Mini P.E.K.K.A,4,10,26,,,,,
partida_97,87,TROPA_DESPLEGADA,JUGADOR_2,130,EstrategiaAgresiva,EstrategiaAleatoria,0,1,Príncipe|Bárbaros|Gigante|Mini P.E.K.K.A,P.E.K.K.A|Príncipe|Bárbaros|Mago de Hielo,JUGADOR_1,Valquiria,4,0,21,,,,,
partida_97,93,TROPA_DESPLEGADA,JUGADOR_2,130,EstrategiaAgresiva,EstrategiaAleatoria,2,0,Príncipe|Bárbaros|Gigante|Mini P.E.K.K.A,P.E.K.K.A|Príncipe|Bárbaros|Mago,JUGADOR_2,Mago de Hielo,3,0,27,,,,,
partida_97,99,TROPA_DESPLEGADA,JUGADOR_2,130,EstrategiaAgresiva,EstrategiaAleatoria,0,2,Príncipe|Bárbaros|Gigante|Mago de Hielo,P.E.K.K.A|Príncipe|Bárbaros|Mago,JUGADOR_1,Mini P.E.K.K.A,4,0,21,,,,,
partida_97,108,TROPA_DESPLEGADA,JUGADOR_2,130,EstrategiaAgresiva,EstrategiaAleatoria,0,5,Príncipe|Bárbaros|Gigante|Caballero,P.E.K.K.A|Príncipe|Bárbaros|Mago,JUGADOR_1,Mago de Hielo,3,0,21,,,,,
partida_97,109,TROPA_DESPLEGADA,JUGADOR_2,130,EstrategiaAgresiva,EstrategiaAleatoria,0,0,Príncipe|Bárbaros|Gigante|Caballero,P.E.K.K.A|Príncipe|Bárbaros|Caballero,JUGADOR_2,Mago,5,15,30,,,,,
partida_97,117,TROPA_DESPLEGADA,JUGADOR_2,130,EstrategiaAgresiva,EstrategiaAleatoria,0,3,Príncipe|Bárbaros|Gigante|Ejército de Esqueletos,P.E.K.K.A|Príncipe|Bárbaros|Caballero,JUGADOR_1,Caballero,3,0,21,,,,,
partida_97,118,TROPA_DESPLEGADA,JUGADOR_2,130,EstrategiaAgresiva,EstrategiaAleatoria,0,0,Príncipe|Bárbaros|Gigante|Ejército de Esqueletos,P.E.K.K.A|Príncipe|Bárbaros|Ejército de Esqueletos,JUGADOR_2,Caballero,3,9,19,,,,,
partida_97,126,TROPA_DESPLEGADA,JUGADOR_2,130,EstrategiaAgresiva,EstrategiaAleatoria,0,3,Príncipe|Bárbaros|Gigante|Valquiria,P.E.K.K.A|Príncipe|Bárbaros|Ejército de Esqueletos,JUGADOR_1,Ejército de Esqueletos,3,0,21,,,,,
partida_97,127,TROPA_DESPLEGADA,JUGADOR_2,130,EstrategiaAgresiva,EstrategiaAleatoria,0,0,Príncipe|Bárbaros|Gigante|Valquiria,P.E.K.K.A|Príncipe|Bárbaros|Mini P.E.K.K.A,JUGADOR_2,Ejército de Esqueletos,3,8,23,,,,,
partida_97,130,PARTIDA_TERMINADA,JUGADOR_2,130,EstrategiaAgresiva,EstrategiaAleatoria,1,1,Príncipe|Bárbaros|Gigante|Valquiria,P.E.K.K.A|Príncipe|Bárbaros|Mini P.E.K.K.A,,,,,,,,,,
partida_98,1,TROPA_DESPLEGADA,JUGADOR_1,170,EstrategiaDefensiva,EstrategiaAleatoria,0,5,Caballero|Príncipe|Mosquetera|Bárbaros,P.E.K.K.A|Mini P.E.K.K.A|Ejército de Esqueletos|Gigante,JUGADOR_1,Gigante,5,6,2,,,,,
partida_98,1,TROPA_DESPLEGADA,JUGADOR_1,170,EstrategiaDefensiva,EstrategiaAleatoria,0,1,Caballero|Príncipe|Mosquetera|Bárbaros,P.E.K.K.A|Ejército de Esqueletos|Gigante|Príncipe,JUGADOR_2,Mini P.E.K.K.A,4,0,18,,,,,
partida_98,6,TROPA_DESPLEGADA,JUGADOR_1,170,EstrategiaDefensiva,EstrategiaAleatoria,2,0,Caballero|Príncipe|Mosquetera|Bárbaros,P.E.K.K.A|Gigante|Príncipe|Mago,JUGADOR_2,Ejército de Esqueletos,3,2,29,,,,,
partida_98,16,TROPA_DESPLEGADA,JUGADOR_1,170,EstrategiaDefensiva,EstrategiaAleatoria,0,3,Caballero|Mosquetera|Bárbaros|Mini P.E.K.K.A,P.E.K.K.A|Gigante|Príncipe|Mago,JUGADOR_1,Príncipe,5,6,2,,,,,
partida_98,21,TROPA_DESPLEGADA,JUGADOR_1,170,EstrategiaDefensiva,EstrategiaAleatoria,2,0,Caballero|Mosquetera|Bárbaros|Mini P.E.K.K.A,P.E.K.K.A|Gigante|Mago|Caballero,JUGADOR_2,Príncipe,5,15,23,,,,,
partida_98,30,TROPA_DESPLEGADA,JUGADOR_1,170,EstrategiaDefensiva,EstrategiaAleatoria,2,3,Mosquetera|Bárbaros|Mini P.E.K.K.A|Mago de Hielo,P.E.K.K.A|Gigante|Mago|Caballero,JUGADOR_1,Caballero,3,6,2,,,,,
partida_98,30,TROPA_DESPLEGADA,JUGADOR_1,170,EstrategiaDefensiva,EstrategiaAleatoria,2,0,Mosquetera|Bárbaros|Mini P.E.K.K.A|Mago de Hielo,P.E.K.K.A|Gigante|Mago|Bárbaros,JUGADOR_2,Caballero,3,1,25,,,,,
partida_98,39,TROPA_DESPLEGADA,JUGADOR_1,170,EstrategiaDefensiva,EstrategiaAleatoria,1,3,Mosquetera|Bárbaros|Mago de Hielo|Valquiria,P.E.K.K.A|Gigante|Mago|Bárbaros,JUGADOR_1,Mini P.E.K.K.A,4,6,2,,,,,
partida_98,49,TROPA_DESPLEGADA,JUGADOR_1,170,EstrategiaDefensiva,EstrategiaAleatoria,4,1,Mosquetera|Bárbaros|Mago de Hielo|Valquiria,P.E.K.K.A|Gigante|Mago|Mini P.E.K.K.A,JUGADOR_2,Bárbaros,5,12,24,,,,,
partida_98,51,TROPA_DESPLEGADA,JUGADOR_1,170,EstrategiaDefensiva,EstrategiaAleatoria,1,2,Mosquetera|Bárbaros|Mago de Hielo|Gigante,P.E.K.K.A|Gigante|Mago|Mini P.E.K.K.A,JUGADOR_1,Valquiria,4,6,2,,,,,
partida_98,59,TROPA_DESPLEGADA,JUGADOR_1,170,EstrategiaDefensiva,EstrategiaAleatoria,3,0,Mosquetera|Bárbaros|Mago de Hielo|Gigante,P.E.K.K.A|Gigante|Mago|Ejército de Esqueletos,JUGADOR_2,Mini P.E.K.K.A,4,5,25,,,,,
partida_98,64,TROPA_DESPLEGADA,JUGADOR_1,170,EstrategiaDefensiva,EstrategiaAleatoria,0,2,Mosquetera|Bárbaros|Mago de Hielo|Príncipe,P.E.K.K.A|Gigante|Mago|Ejército de Esqueletos,JUGADOR_1,Gigante,5,6,2,,,,,
partida_98,72,TROPA_DESPLEGADA,JUGADOR_1,170,EstrategiaDefensiva,EstrategiaAleatoria,3,2,Mosquetera|Bárbaros|Mago de Hielo|Príncipe,P.E.K.K.A|Gigante|Mago|Príncipe,JUGADOR_2,Ejército de Esqueletos,3,15,17,,,,,
partida_98,78,TROPA_DESPLEGADA,JUGADOR_1,170,EstrategiaDefensiva,EstrategiaAleatoria,0,4,Mosquetera|Bárbaros|Mago de Hielo|Caballero,P.E.K.K.A|Gigante|Mago|Príncipe,JUGADOR_1,Príncipe,5,6,2,,,,,
partida_98,83,TROPA_DESPLEGADA,JUGADOR_1,170,EstrategiaDefensiva,EstrategiaAleatoria,1,0,Mosquetera|Bárbaros|Mago de Hielo|Caballero,P.E.K.K.A|Gigante|Príncipe|Caballero,JUGADOR_2,Mago,5,2,11,,,,,
partida_98,90,TROPA_DESPLEGADA,JUGADOR_1,170,EstrategiaDefensiva,EstrategiaAleatoria,4,0,Mosquetera|Bárbaros|Mago de Hielo|Caballero,P.E.K.K.A|Gigante|Príncipe|Bárbaros,JUGADOR_2,Caballero,3,7,22,,,,,
partida_98,94,TROPA_DESPLEGADA,JUGADOR_1,170,EstrategiaDefensiva,EstrategiaAleatoria,2,1,Mosquetera|Bárbaros|Mago de Hielo|Mini P.E.K.K.A,P.E.K.K.A|Gigante|Príncipe|Bárbaros,JUGADOR_1,Caballero,3,6,2,,,,,
partida_98,103,TROPA_DESPLEGADA,JUGADOR_1,170,EstrategiaDefensiva,EstrategiaAleatoria,1,4,Mosquetera|Bárbaros|Mago de Hielo|Valquiria,P.E.K.K.A|Gigante|Príncipe|Bárbaros,JUGADOR_1,Mini P.E.K.K.A,4,6,2,,,,,
partida_98,105,TROPA_DESPLEGADA,JUGADOR_1,170,EstrategiaDefensiva,EstrategiaAleatoria,2,0,Mosquetera|Bárbaros|Mago de Hielo|Valquiria,P.E.K.K.A|Gigante|Príncipe|Mini P.E.K.K.A,JUGADOR_2,Bárbaros,5,16,20,,,,,
partida_98,115,TROPA_DESPLEGADA,JUGADOR_1,170,EstrategiaDefensiva,EstrategiaAleatoria,1,3,Mosquetera|Bárbaros|Mago de Hielo|Gigante,P.E.K.K.A|Gigante|Príncipe|Mini P.E.K.K.A,JUGADOR_1,Valquiria,4,6,2,,,,,
partida_98,117,TROPA_DESPLEGADA,JUGADOR_1,170,EstrategiaDefensiva,EstrategiaAleatoria,2,0,Mosquetera|Bárbaros|Mago de Hielo|Gigante,P.E.K.K.A|Gigante|Príncipe|Ejército de Esqueletos,JUGADOR_2,Mini P.E.K.K.A,4,2,14,,,,,
partida_98,126,TROPA_DESPLEGADA,JUGADOR_1,170,EstrategiaDefensiva,EstrategiaAleatoria,0,3,Mosquetera|Bárbaros|Mago de Hielo|Príncipe,P.E.K.K.A|Gigante|Príncipe|Ejército de Esqueletos,JUGADOR_1,Gigante,5,6,2,,,,,
partida_98,127,TROPA_DESPLEGADA,JUGADOR_1,170,EstrategiaDefensiva,EstrategiaAleatoria,0,0,Mosquetera|Bárbaros|Mago de Hielo|Príncipe,P.E.K.K.A|Gigante|Príncipe|Mago,JUGADOR_2,Ejército de Esqueletos,3,4,22,,,,,
partida_98,141,TROPA_DESPLEGADA,JUGADOR_1,170,EstrategiaDefensiva,EstrategiaAleatoria,5,0,Mosquetera|Bárbaros|Mago de Hielo|Príncipe,P.E.K.K.A|Príncipe|Mago|Caballero,JUGADOR_2,Gigante,5,5,22,,,,,
partida_98,142,TROPA_DESPLEGADA,JUGADOR_1,170,EstrategiaDefensiva,EstrategiaAleatoria,0,0,Mosquetera|Bárbaros|Mago de Hielo|Caballero,P.E.K.K.A|Príncipe|Mago|Caballero,JUGADOR_1,Príncipe,5,6,2,,,,,
partida_98,150,TROPA_DESPLEGADA,JUGADOR_1,170,EstrategiaDefensiva,EstrategiaAleatoria,3,0,Mosquetera|Bárbaros|Mago de Hielo|Caballero,P.E.K.K.A|Príncipe|Mago|Bárbaros,JUGADOR_2,Caballero,3,0,29,,,,,
partida_98,156,TROPA_DESPLEGADA,JUGADOR_1,170,EstrategiaDefensiva,EstrategiaAleatoria,2,2,Mosquetera|Bárbaros|Mago de Hielo|Mini P.E.K.K.A,P.E.K.K.A|Príncipe|Mago|Bárbaros,JUGADOR_1,Caballero,3,6,2,,,,,
partida_98,165,TROPA_DESPLEGADA,JUGADOR_1,170,EstrategiaDefensiva,EstrategiaAleatoria,1,5,Mosquetera|Bárbaros|Mago de Hielo|Valquiria,P.E.K.K.A|Príncipe|Mago|Bárbaros,JUGADOR_1,Mini P.E.K.K.A,4,6,2,,,,,
partida_98,165,TROPA_DESPLEGADA,JUGADOR_1,170,EstrategiaDefensiva,EstrategiaAleatoria,1,0,Mosquetera|Bárbaros|Mago de Hielo|Valquiria,P.E.K.K.A|Príncipe|Mago|Mini P.E.K.K.A,JUGADOR_2,Bárbaros,5,8,11,,,,,
partida_98,170,PARTIDA_TERMINADA,JUGADOR_1,170,EstrategiaDefensiva,EstrategiaAleatoria,2,1,Mosquetera|Bárbaros|Mago de Hielo|Valquiria,P.E.K.K.A|Príncipe|Mago|Mini P.E.K.K.A,,,,,,,,,,
partida_99,1,TROPA_DESPLEGADA,JUGADOR_2,122,EstrategiaMenorCosto,EstrategiaDefensiva,1,5,Príncipe|Valquiria|P.E.K.K.A|Arqueras,Arqueras|P.E.K.K.A|Príncipe|Ejército de Esqueletos,JUGADOR_1,Mini P.E.K.K.A,4,14,13,,,,,
partida_99,4,TROPA_DESPLEGADA,JUGADOR_2,122,EstrategiaMenorCosto,EstrategiaDefensiva,2,1,Príncipe|Valquiria|P.E.K.K.A|Arqueras,Arqueras|P.E.K.K.A|Ejército de Esqueletos|Caballero,JUGADOR_2,Príncipe,5,6,28,,,,,
partida_99,6,TROPA_DESPLEGADA,JUGADOR_2,122,EstrategiaMenorCosto,EstrategiaDefensiva,0,2,Príncipe|Valquiria|P.E.K.K.A|Bárbaros,Arqueras|P.E.K.K.A|Ejército de Esqueletos|Caballero,JUGADOR_1,Arqueras,3,5,5,,,,,
partida_99,15,TROPA_DESPLEGADA,JUGADOR_2,122,EstrategiaMenorCosto,EstrategiaDefensiva,3,2,Príncipe|Valquiria|P.E.K.K.A|Bárbaros,Arqueras|P.E.K.K.A|Ejército de Esqueletos|Mini P.E.K.K.A,JUGADOR_2,Caballero,3,6,28,,,,,
partida_99,18,TROPA_DESPLEGADA,JUGADOR_2,122,EstrategiaMenorCosto,EstrategiaDefensiva,0,3,Príncipe|P.E.K.K.A|Bárbaros|Ejército de Esqueletos,Arqueras|P.E.K.K.A|Ejército de Esqueletos|Mini P.E.K.K.A,JUGADOR_1,Valquiria,4,7,12,,,,,
partida_99,24,TROPA_DESPLEGADA,JUGADOR_2,122,EstrategiaMenorCosto,EstrategiaDefensiva,2,1,Príncipe|P.E.K.K.A|Bárbaros|Ejército de Esqueletos,Arqueras|P.E.K.K.A|Ejército de Esqueletos|Mago de Hielo,JUGADOR_2,Mini P.E.K.K.A,4,6,28,,,,,
partida_99,27,TROPA_DESPLEGADA,JUGADOR_2,122,EstrategiaMenorCosto,EstrategiaDefensiva,0,2,Príncipe|P.E.K.K.A|Bárbaros|Caballero,Arqueras|P.E.K.K.A|Ejército de Esqueletos|Mago de Hielo,JUGADOR_1,Ejército de Esqueletos,3,8,0,,,,,
partida_99,36,TROPA_DESPLEGADA,JUGADOR_2,122,EstrategiaMenorCosto,EstrategiaDefensiva,0,5,Príncipe|P.E.K.K.A|Bárbaros|Mini P.E.K.K.A,Arqueras|P.E.K.K.A|Ejército de Esqueletos|Mago de Hielo,JUGADOR_1,Caballero,3,11,17,,,,,
partida_99,36,TROPA_DESPLEGADA,JUGADOR_2,122,EstrategiaMenorCosto,EstrategiaDefensiva,0,2,Príncipe|P.E.K.K.A|Bárbaros|Mini P.E.K.K.A,Arqueras|P.E.K.K.A|Ejército de Esqueletos|Mosquetera,JUGADOR_2,Mago de Hielo,3,6,28,,,,,
partida_99,45,TROPA_DESPLEGADA,JUGADOR_2,122,EstrategiaMenorCosto,EstrategiaDefensiva,3,1,Príncipe|P.E.K.K.A|Bárbaros|Mini P.E.K.K.A,Arqueras|P.E.K.K.A|Ejército de Esqueletos|Príncipe,JUGADOR_2,Mosquetera,4,6,28,,,,,
partida_99,48,TROPA_DESPLEGADA,JUGADOR_2,122,EstrategiaMenorCosto,EstrategiaDefensiva,0,2,Príncipe|P.E.K.K.A|Bárbaros|Arqueras,Arqueras|P.E.K.K.A|Ejército de Esqueletos|Príncipe,JUGADOR_1,Mini P.E.K.K.A,4,1,13,,,,,
partida_99,57,TROPA_DESPLEGADA,JUGADOR_2,122,EstrategiaMenorCosto,EstrategiaDefensiva,0,5,Príncipe|P.E.K.K.A|Bárbaros|Valquiria,Arqueras|P.E.K.K.A|Ejército de Esqueletos|Príncipe,JUGADOR_1,Arqueras,3,17,18,,,,,
partida_99,58,TROPA_DESPLEGADA,JUGADOR_2,122,EstrategiaMenorCosto,EstrategiaDefensiva,0,0,Príncipe|P.E.K.K.A|Bárbaros|Valquiria,Arqueras|P.E.K.K.A|Ejército de Esqueletos|Caballero,JUGADOR_2,Príncipe,5,6,28,,,,,
partida_99,69,TROPA_DESPLEGADA,JUGADOR_2,122,EstrategiaMenorCosto,EstrategiaDefensiva,0,4,Príncipe|P.E.K.K.A|Bárbaros|Ejército de Esqueletos,Arqueras|P.E.K.K.A|Ejército de Esqueletos|Caballero,JUGADOR_1,Valquiria,4,3,0,,,,,
partida_99,74,TROPA_DESPLEGADA,JUGADOR_2,122,EstrategiaMenorCosto,EstrategiaDefensiva,1,2,Príncipe|P.E.K.K.A|Bárbaros|Ejército de Esqueletos,Arqueras|P.E.K.K.A|Ejército de Esqueletos|Mini P.E.K.K.A,JUGADOR_2,Caballero,3,6,28,,,,,
partida_99,78,TROPA_DESPLEGADA,JUGADOR_2,122,EstrategiaMenorCosto,EstrategiaDefensiva,0,4,Príncipe|P.E.K.K.A|Bárbaros|Caballero,Arqueras|P.E.K.K.A|Ejército de Esqueletos|Mini P.E.K.K.A,JUGADOR_1,Ejército de Esqueletos,3,15,19,,,,,
partida_99,81,TROPA_DESPLEGADA,JUGADOR_2,122,EstrategiaMenorCosto,EstrategiaDefensiva,1,1,Príncipe|P.E.K.K.A|Bárbaros|Caballero,Arqueras|P.E.K.K.A|Ejército de Esqueletos|Mago de Hielo,JUGADOR_2,Mini P.E.K.K.A,4,6,28,,,,,
partida_99,87,TROPA_DESPLEGADA,JUGADOR_2,122,EstrategiaMenorCosto,EstrategiaDefensiva,0,3,Príncipe|P.E.K.K.A|Bárbaros|Mini P.E.K.K.A,Arqueras|P.E.K.K.A|Ejército de Esqueletos|Mago de Hielo,JUGADOR_1,Caballero,3,12,6,,,,,
partida_99,93,TROPA_DESPLEGADA,JUGADOR_2,122,EstrategiaMenorCosto,EstrategiaDefensiva,2,2,Príncipe|P.E.K.K.A|Bárbaros|Mini P.E.K.K.A,Arqueras|P.E.K.K.A|Ejército de Esqueletos|Mosquetera,JUGADOR_2,Mago de Hielo,3,6,28,,,,,
partida_99,99,TROPA_DESPLEGADA,JUGADOR_2,122,EstrategiaMenorCosto,EstrategiaDefensiva,0,4,Príncipe|P.E.K.K.A|Bárbaros|Arqueras,Arqueras|P.E.K.K.A|Ejército de Esqueletos|Mosquetera,JUGADOR_1,Mini P.E.K.K.A,4,0,2,,,,,
partida_99,102,TROPA_DESPLEGADA,JUGADOR_2,122,EstrategiaMenorCosto,EstrategiaDefensiva,1,1,Príncipe|P.E.K.K.A|Bárbaros|Arqueras,Arqueras|P.E.K.K.A|Ejército de Esqueletos|Príncipe,JUGADOR_2,Mosquetera,4,6,28,,,,,
partida_99,108,TROPA_DESPLEGADA,JUGADOR_2,122,EstrategiaMenorCosto,EstrategiaDefensiva,0,3,Príncipe|P.E.K.K.A|Bárbaros|Valquiria,Arqueras|P.E.K.K.A|Ejército de Esqueletos|Príncipe,JUGADOR_1,Arqueras,3,6,3,,,,,
partida_99,114,TROPA_DESPLEGADA,JUGADOR_2,122,EstrategiaMenorCosto,EstrategiaDefensiva,2,0,Príncipe|P.E.K.K.A|Bárbaros|Valquiria,Arqueras|P.E.K.K.A|Ejército de Esqueletos|Caballero,JUGADOR_2,Príncipe,5,6,28,,,,,
partida_99,120,TROPA_DESPLEGADA,JUGADOR_2,122,EstrategiaMenorCosto,EstrategiaDefensiva,0,2,Príncipe|P.E.K.K.A|Bárbaros|Ejército de Esqueletos,Arqueras|P.E.K.K.A|Ejército de Esqueletos|Caballero,JUGADOR_1,Valquiria,4,15,3,,,,,
partida_99,122,PARTIDA_TERMINADA,JUGADOR_2,122,EstrategiaMenorCosto,EstrategiaDefensiva,0,2,Príncipe|P.E.K.K.A|Bárbaros|Ejército de Esqueletos,Arqueras|P.E.K.K.A|Ejército de Esqueletos|Caballero,,,,,,,,,,
