id_partida,tick,tipo_evento,ganador_final,duracion_final,estrategia_j1,estrategia_j2,elixir_j1,elixir_j2,mano_j1,mano_j2,mazo_j1,mazo_j2,actor_evento,carta_usada,coste_carta,pos_x,pos_y,tropa_vida_maxima,tropa_dano,tropa_rango,tropa_tipo_ataque,tropa_tipo_objetivo,tropa_nivel
partida_0,1,TROPA_DESPLEGADA,JUGADOR_2,82,EstrategiaDefensiva,EstrategiaAgresiva,0,5,Bárbaros|Arqueras|Caballero|Mosquetera,Bárbaros|Mini P.E.K.K.A|Gigante|Mosquetera,Gigante|Mini P.E.K.K.A|Valquiria|Caballero|Príncipe|Bárbaros|Arqueras|Mosquetera,Ejército de Esqueletos|Valquiria|Gigante|Bárbaros|Mago de Hielo|Mini P.E.K.K.A|Caballero|Mosquetera,JUGADOR_1,Príncipe,5,6,2,1100,220,1,INDIVIDUAL,TROPAS_Y_ESTRUCTURAS,5
partida_0,1,TROPA_DESPLEGADA,JUGADOR_2,82,EstrategiaDefensiva,EstrategiaAgresiva,0,1,Bárbaros|Arqueras|Caballero|Mosquetera,Bárbaros|Gigante|Mosquetera|Ejército de Esqueletos,Gigante|Mini P.E.K.K.A|Valquiria|Caballero|Príncipe|Bárbaros|Arqueras|Mosquetera,Ejército de Esqueletos|Valquiria|Gigante|Bárbaros|Mago de Hielo|Mini P.E.K.K.A|Caballero|Mosquetera,JUGADOR_2,Mini P.E.K.K.A,4,0,17,600,340,1,INDIVIDUAL,TROPAS_Y_ESTRUCTURAS,5
partida_0,7,TROPA_DESPLEGADA,JUGADOR_2,82,EstrategiaDefensiva,EstrategiaAgresiva,2,0,Bárbaros|Arqueras|Caballero|Mosquetera,Bárbaros|Gigante|Mosquetera|Valquiria,Gigante|Mini P.E.K.K.A|Valquiria|Caballero|Príncipe|Bárbaros|Arqueras|Mosquetera,Ejército de Esqueletos|Valquiria|Gigante|Bárbaros|Mago de Hielo|Mini P.E.K.K.A|Caballero|Mosquetera,JUGADOR_2,Ejército de Esqueletos,3,0,17,51,51,1,INDIVIDUAL,TROPAS_Y_ESTRUCTURAS,5
partida_0,19,TROPA_DESPLEGADA,JUGADOR_2,82,EstrategiaDefensiva,EstrategiaAgresiva,3,4,Bárbaros|Arqueras|Mosquetera|Valquiria,Bárbaros|Gigante|Mosquetera|Valquiria,Gigante|Mini P.E.K.K.A|Valquiria|Caballero|Príncipe|Bárbaros|Arqueras|Mosquetera,Ejército de Esqueletos|Valquiria|Gigante|Bárbaros|Mago de Hielo|Mini P.E.K.K.A|Caballero|Mosquetera,JUGADOR_1,Caballero,3,6,2,660,75,1,INDIVIDUAL,TROPAS_Y_ESTRUCTURAS,5
partida_0,19,TROPA_DESPLEGADA,JUGADOR_2,82,EstrategiaDefensiva,EstrategiaAgresiva,3,0,Bárbaros|Arqueras|Mosquetera|Valquiria,Bárbaros|Gigante|Mosquetera|Mago de Hielo,Gigante|Mini P.E.K.K.A|Valquiria|Caballero|Príncipe|Bárbaros|Arqueras|Mosquetera,Ejército de Esqueletos|Valquiria|Gigante|Bárbaros|Mago de Hielo|Mini P.E.K.K.A|Caballero|Mosquetera,JUGADOR_2,Valquiria,4,0,10,880,120,1,AREA,TROPAS_Y_ESTRUCTURAS,5
partida_0,26,TROPA_DESPLEGADA,JUGADOR_2,82,EstrategiaDefensiva,EstrategiaAgresiva,1,2,Bárbaros|Arqueras|Mosquetera|Gigante,Bárbaros|Gigante|Mosquetera|Mago de Hielo,Gigante|Mini P.E.K.K.A|Valquiria|Caballero|Príncipe|Bárbaros|Arqueras|Mosquetera,Ejército de Esqueletos|Valquiria|Gigante|Bárbaros|Mago de Hielo|Mini P.E.K.K.A|Caballero|Mosquetera,JUGADOR_1,Valquiria,4,6,2,880,120,1,AREA,TROPAS_Y_ESTRUCTURAS,5
partida_0,28,TROPA_DESPLEGADA,JUGADOR_2,82,EstrategiaDefensiva,EstrategiaAgresiva,2,0,Bárbaros|Arqueras|Mosquetera|Gigante,Bárbaros|Gigante|Mosquetera|Caballero,Gigante|Mini P.E.K.K.A|Valquiria|Caballero|Príncipe|Bárbaros|Arqueras|Mosquetera,Ejército de Esqueletos|Valquiria|Gigante|Bárbaros|Mago de Hielo|Mini P.E.K.K.A|Caballero|Mosquetera,JUGADOR_2,Mago de Hielo,3,0,10,590,63,5,AREA,TROPAS_Y_ESTRUCTURAS,5
partida_0,36,TROPA_DESPLEGADA,JUGADOR_2,82,EstrategiaDefensiva,EstrategiaAgresiva,5,0,Bárbaros|Arqueras|Mosquetera|Gigante,Bárbaros|Gigante|Mosquetera|Mini P.E.K.K.A,Gigante|Mini P.E.K.K.A|Valquiria|Caballero|Príncipe|Bárbaros|Arqueras|Mosquetera,Ejército de Esqueletos|Valquiria|Gigante|Bárbaros|Mago de Hielo|Mini P.E.K.K.A|Caballero|Mosquetera,JUGADOR_2,Caballero,3,0,11,660,75,1,INDIVIDUAL,TROPAS_Y_ESTRUCTURAS,5
partida_0,38,TROPA_DESPLEGADA,JUGADOR_2,82,EstrategiaDefensiva,EstrategiaAgresiva,0,0,Bárbaros|Arqueras|Mosquetera|Mini P.E.K.K.A,Bárbaros|Gigante|Mosquetera|Mini P.E.K.K.A,Gigante|Mini P.E.K.K.A|Valquiria|Caballero|Príncipe|Bárbaros|Arqueras|Mosquetera,Ejército de Esqueletos|Valquiria|Gigante|Bárbaros|Mago de Hielo|Mini P.E.K.K.A|Caballero|Mosquetera,JUGADOR_1,Gigante,5,6,2,2000,120,1,INDIVIDUAL,ESTRUCTURAS,5
partida_0,48,TROPA_DESPLEGADA,JUGADOR_2,82,EstrategiaDefensiva,EstrategiaAgresiva,4,0,Bárbaros|Arqueras|Mosquetera|Mini P.E.K.K.A,Bárbaros|Gigante|Mosquetera|Ejército de Esqueletos,Gigante|Mini P.E.K.K.A|Valquiria|Caballero|Príncipe|Bárbaros|Arqueras|Mosquetera,Ejército de Esqueletos|Valquiria|Gigante|Bárbaros|Mago de Hielo|Mini P.E.K.K.A|Caballero|Mosquetera,JUGADOR_2,Mini P.E.K.K.A,4,0,10,600,340,1,INDIVIDUAL,TROPAS_Y_ESTRUCTURAS,5
partida_0,53,TROPA_DESPLEGADA,JUGADOR_2,82,EstrategiaDefensiva,EstrategiaAgresiva,1,1,Bárbaros|Arqueras|Mosquetera|Príncipe,Bárbaros|Gigante|Mosquetera|Ejército de Esqueletos,Gigante|Mini P.E.K.K.A|Valquiria|Caballero|Príncipe|Bárbaros|Arqueras|Mosquetera,Ejército de Esqueletos|Valquiria|Gigante|Bárbaros|Mago de Hielo|Mini P.E.K.K.A|Caballero|Mosquetera,JUGADOR_1,Mini P.E.K.K.A,4,6,2,600,340,1,INDIVIDUAL,TROPAS_Y_ESTRUCTURAS,5
partida_0,58,TROPA_DESPLEGADA,JUGADOR_2,82,EstrategiaDefensiva,EstrategiaAgresiva,3,0,Bárbaros|Arqueras|Mosquetera|Príncipe,Bárbaros|Gigante|Mosquetera|Valquiria,Gigante|Mini P.E.K.K.A|Valquiria|Caballero|Príncipe|Bárbaros|Arqueras|Mosquetera,Ejército de Esqueletos|Valquiria|Gigante|Bárbaros|Mago de Hielo|Mini P.E.K.K.A|Caballero|Mosquetera,JUGADOR_2,Ejército de Esqueletos,3,0,10,51,51,1,INDIVIDUAL,TROPAS_Y_ESTRUCTURAS,5
partida_0,63,TROPA_DESPLEGADA,JUGADOR_2,82,EstrategiaDefensiva,EstrategiaAgresiva,0,2,Bárbaros|Arqueras|Mosquetera|Caballero,Bárbaros|Gigante|Mosquetera|Valquiria,Gigante|Mini P.E.K.K.A|Valquiria|Caballero|Príncipe|Bárbaros|Arqueras|Mosquetera,Ejército de Esqueletos|Valquiria|Gigante|Bárbaros|Mago de Hielo|Mini P.E.K.K.A|Caballero|Mosquetera,JUGADOR_1,Príncipe,5,6,2,1100,220,1,INDIVIDUAL,TROPAS_Y_ESTRUCTURAS,5
partida_0,71,TROPA_DESPLEGADA,JUGADOR_2,82,EstrategiaDefensiva,EstrategiaAgresiva,2,0,Bárbaros|Arqueras|Mosquetera|Caballero,Bárbaros|Gigante|Mosquetera|Mago de Hielo,Gigante|Mini P.E.K.K.A|Valquiria|Caballero|Príncipe|Bárbaros|Arqueras|Mosquetera,Ejército de Esqueletos|Valquiria|Gigante|Bárbaros|Mago de Hielo|Mini P.E.K.K.A|Caballero|Mosquetera,JUGADOR_2,Valquiria,4,0,10,880,120,1,AREA,TROPAS_Y_ESTRUCTURAS,5
partida_0,78,TROPA_DESPLEGADA,JUGADOR_2,82,EstrategiaDefensiva,EstrategiaAgresiva,5,0,Bárbaros|Arqueras|Mosquetera|Caballero,Bárbaros|Gigante|Mosquetera|Caballero,Gigante|Mini P.E.K.K.A|Valquiria|Caballero|Príncipe|Bárbaros|Arqueras|Mosquetera,Ejército de Esqueletos|Valquiria|Gigante|Bárbaros|Mago de Hielo|Mini P.E.K.K.A|Caballero|Mosquetera,JUGADOR_2,Mago de Hielo,3,0,10,590,63,5,AREA,TROPAS_Y_ESTRUCTURAS,5
partida_0,81,TROPA_DESPLEGADA,JUGADOR_2,82,EstrategiaDefensiva,EstrategiaAgresiva,3,1,Bárbaros|Arqueras|Mosquetera|Valquiria,Bárbaros|Gigante|Mosquetera|Caballero,Gigante|Mini P.E.K.K.A|Valquiria|Caballero|Príncipe|Bárbaros|Arqueras|Mosquetera,Ejército de Esqueletos|Valquiria|Gigante|Bárbaros|Mago de Hielo|Mini P.E.K.K.A|Caballero|Mosquetera,JUGADOR_1,Caballero,3,6,2,660,75,1,INDIVIDUAL,TROPAS_Y_ESTRUCTURAS,5
partida_0,82,PARTIDA_TERMINADA,JUGADOR_2,82,EstrategiaDefensiva,EstrategiaAgresiva,3,1,Bárbaros|Arqueras|Mosquetera|Valquiria,Bárbaros|Gigante|Mosquetera|Caballero,Gigante|Mini P.E.K.K.A|Valquiria|Caballero|Príncipe|Bárbaros|Arqueras|Mosquetera,Ejército de Esqueletos|Valquiria|Gigante|Bárbaros|Mago de Hielo|Mini P.E.K.K.A|Caballero|Mosquetera,,,,,,,,,,,
partida_1,1,TROPA_DESPLEGADA,JUGADOR_2,152,EstrategiaMenorCosto,EstrategiaAgresiva,2,5,Príncipe|Mago de Hielo|Ejército de Esqueletos|Bárbaros,Príncipe|P.E.K.K.A|Gigante|Caballero,Arqueras|Mago|Príncipe|Bárbaros|Ejército de Esqueletos|Gigante|Mago de Hielo|Mosquetera,Arqueras|Caballero|Mago de Hielo|P.E.K.K.A|Mini P.E.K.K.A|Gigante|Mosquetera|Príncipe,JUGADOR_1,Arqueras,3,12,4,125,33,5,INDIVIDUAL,TROPAS_Y_ESTRUCTURAS,5
partida_1,1,TROPA_DESPLEGADA,JUGADOR_2,152,EstrategiaMenorCosto,EstrategiaAgresiva,2,0,Príncipe|Mago de Hielo|Ejército de Esqueletos|Bárbaros,P.E.K.K.A|Gigante|Caballero|Mosquetera,Arqueras|Mago|Príncipe|Bárbaros|Ejército de Esqueletos|Gigante|Mago de Hielo|Mosquetera,Arqueras|Caballero|Mago de Hielo|P.E.K.K.A|Mini P.E.K.K.A|Gigante|Mosquetera|Príncipe,JUGADOR_2,Príncipe,5,0,17,1100,220,1,INDIVIDUAL,TROPAS_Y_ESTRUCTURAS,5
partida_1,3,TROPA_DESPLEGADA,JUGADOR_2,152,EstrategiaMenorCosto,EstrategiaAgresiva,0,1,Príncipe|Ejército de Esqueletos|Bárbaros|Gigante,P.E.K.K.A|Gigante|Caballero|Mosquetera,Arqueras|Mago|Príncipe|Bárbaros|Ejército de Esqueletos|Gigante|Mago de Hielo|Mosquetera,Arqueras|Caballero|Mago de Hielo|P.E.K.K.A|Mini P.E.K.K.A|Gigante|Mosquetera|Príncipe,JUGADOR_1,Mago de Hielo,3,9,13,590,63,5,AREA,TROPAS_Y_ESTRUCTURAS,5
partida_1,10,TROPA_DESPLEGADA,JUGADOR_2,152,EstrategiaMenorCosto,EstrategiaAgresiva,2,0,Príncipe|Ejército de Esqueletos|Bárbaros|Gigante,P.E.K.K.A|Gigante|Mosquetera|Mini P.E.K.K.A,Arqueras|Mago|Príncipe|Bárbaros|Ejército de Esqueletos|Gigante|Mago de Hielo|Mosquetera,Arqueras|Caballero|Mago de Hielo|P.E.K.K.A|Mini P.E.K.K.A|Gigante|Mosquetera|Príncipe,JUGADOR_2,Caballero,3,0,17,660,75,1,INDIVIDUAL,TROPAS_Y_ESTRUCTURAS,5
partida_1,12,TROPA_DESPLEGADA,JUGADOR_2,152,EstrategiaMenorCosto,EstrategiaAgresiva,0,1,Príncipe|Bárbaros|Gigante|Mago,P.E.K.K.A|Gigante|Mosquetera|Mini P.E.K.K.A,Arqueras|Mago|Príncipe|Bárbaros|Ejército de Esqueletos|Gigante|Mago de Hielo|Mosquetera,Arqueras|Caballero|Mago de Hielo|P.E.K.K.A|Mini P.E.K.K.A|Gigante|Mosquetera|Príncipe,JUGADOR_1,Ejército de Esqueletos,3,12,12,51,51,1,INDIVIDUAL,TROPAS_Y_ESTRUCTURAS,5
partida_1,21,TROPA_DESPLEGADA,JUGADOR_2,152,EstrategiaMenorCosto,EstrategiaAgresiva,3,0,Príncipe|Bárbaros|Gigante|Mago,P.E.K.K.A|Gigante|Mosquetera|Arqueras,Arqueras|Mago|Príncipe|Bárbaros|Ejército de Esqueletos|Gigante|Mago de Hielo|Mosquetera,Arqueras|Caballero|Mago de Hielo|P.E.K.K.A|Mini P.E.K.K.A|Gigante|Mosquetera|Príncipe,JUGADOR_2,Mini P.E.K.K.A,4,0,17,600,340,1,INDIVIDUAL,TROPAS_Y_ESTRUCTURAS,5
partida_1,27,TROPA_DESPLEGADA,JUGADOR_2,152,EstrategiaMenorCosto,EstrategiaAgresiva,0,2,Bárbaros|Gigante|Mago|Mosquetera,P.E.K.K.A|Gigante|Mosquetera|Arqueras,Arqueras|Mago|Príncipe|Bárbaros|Ejército de Esqueletos|Gigante|Mago de Hielo|Mosquetera,Arqueras|Caballero|Mago de Hielo|P.E.K.K.A|Mini P.E.K.K.A|Gigante|Mosquetera|Príncipe,JUGADOR_1,Príncipe,5,5,8,1100,220,1,INDIVIDUAL,TROPAS_Y_ESTRUCTURAS,5
partida_1,30,TROPA_DESPLEGADA,JUGADOR_2,152,EstrategiaMenorCosto,EstrategiaAgresiva,1,0,Bárbaros|Gigante|Mago|Mosquetera,P.E.K.K.A|Gigante|Mosquetera|Mago de Hielo,Arqueras|Mago|Príncipe|Bárbaros|Ejército de Esqueletos|Gigante|Mago de Hielo|Mosquetera,Arqueras|Caballero|Mago de Hielo|P.E.K.K.A|Mini P.E.K.K.A|Gigante|Mosquetera|Príncipe,JUGADOR_2,Arqueras,3,0,17,125,33,5,INDIVIDUAL,TROPAS_Y_ESTRUCTURAS,5
partida_1,39,TROPA_DESPLEGADA,JUGADOR_2,152,EstrategiaMenorCosto,EstrategiaAgresiva,0,3,Bárbaros|Gigante|Mago|Arqueras,P.E.K.K.A|Gigante|Mosquetera|Mago de Hielo,Arqueras|Mago|Príncipe|Bárbaros|Ejército de Esqueletos|Gigante|Mago de Hielo|Mosquetera,Arqueras|Caballero|Mago de Hielo|P.E.K.K.A|Mini P.E.K.K.A|Gigante|Mosquetera|Príncipe,JUGADOR_1,Mosquetera,4,1,5,340,100,6,INDIVIDUAL,TROPAS_Y_ESTRUCTURAS,5
partida_1,39,TROPA_DESPLEGADA,JUGADOR_2,152,EstrategiaMenorCosto,EstrategiaAgresiva,0,0,Bárbaros|Gigante|Mago|Arqueras,P.E.K.K.A|Gigante|Mosquetera|Príncipe,Arqueras|Mago|Príncipe|Bárbaros|Ejército de Esqueletos|Gigante|Mago de Hielo|Mosquetera,Arqueras|Caballero|Mago de Hielo|P.E.K.K.A|Mini P.E.K.K.A|Gigante|Mosquetera|Príncipe,JUGADOR_2,Mago de Hielo,3,0,17,590,63,5,AREA,TROPAS_Y_ESTRUCTURAS,5
partida_1,48,TROPA_DESPLEGADA,JUGADOR_2,152,EstrategiaMenorCosto,EstrategiaAgresiva,0,3,Bárbaros|Gigante|Mago|Mago de Hielo,P.E.K.K.A|Gigante|Mosquetera|Príncipe,Arqueras|Mago|Príncipe|Bárbaros|Ejército de Esqueletos|Gigante|Mago de Hielo|Mosquetera,Arqueras|Caballero|Mago de Hielo|P.E.K.K.A|Mini P.E.K.K.A|Gigante|Mosquetera|Príncipe,JUGADOR_1,Arqueras,3,17,4,125,33,5,INDIVIDUAL,TROPAS_Y_ESTRUCTURAS,5
partida_1,52,TROPA_DESPLEGADA,JUGADOR_2,152,EstrategiaMenorCosto,EstrategiaAgresiva,1,0,Bárbaros|Gigante|Mago|Mago de Hielo,P.E.K.K.A|Gigante|Príncipe|Caballero,Arqueras|Mago|Príncipe|Bárbaros|Ejército de Esqueletos|Gigante|Mago de Hielo|Mosquetera,Arqueras|Caballero|Mago de Hielo|P.E.K.K.A|Mini P.E.K.K.A|Gigante|Mosquetera|Príncipe,JUGADOR_2,Mosquetera,4,0,17,340,100,6,INDIVIDUAL,TROPAS_Y_ESTRUCTURAS,5
partida_1,58,TROPA_DESPLEGADA,JUGADOR_2,152,EstrategiaMenorCosto,EstrategiaAgresiva,0,2,Bárbaros|Gigante|Mago|Ejército de Esqueletos,P.E.K.K.A|Gigante|Príncipe|Caballero,Arqueras|Mago|Príncipe|Bárbaros|Ejército de Esqueletos|Gigante|Mago de Hielo|Mosquetera,Arqueras|Caballero|Mago de Hielo|P.E.K.K.A|Mini P.E.K.K.A|Gigante|Mosquetera|Príncipe,JUGADOR_1,Mago de Hielo,3,11,12,590,63,5,AREA,TROPAS_Y_ESTRUCTURAS,5
partida_1,60,TROPA_DESPLEGADA,JUGADOR_2,152,EstrategiaMenorCosto,EstrategiaAgresiva,1,0,Bárbaros|Gigante|Mago|Ejército de Esqueletos,P.E.K.K.A|Gigante|Príncipe|Mini P.E.K.K.A,Arqueras|Mago|Príncipe|Bárbaros|Ejército de Esqueletos|Gigante|Mago de Hielo|Mosquetera,Arqueras|Caballero|Mago de Hielo|P.E.K.K.A|Mini P.E.K.K.A|Gigante|Mosquetera|Príncipe,JUGADOR_2,Caballero,3,0,17,660,75,1,INDIVIDUAL,TROPAS_Y_ESTRUCTURAS,5
partida_1,67,TROPA_DESPLEGADA,JUGADOR_2,152,EstrategiaMenorCosto,EstrategiaAgresiva,0,2,Bárbaros|Gigante|Mago|Príncipe,P.E.K.K.A|Gigante|Príncipe|Mini P.E.K.K.A,Arqueras|Mago|Príncipe|Bárbaros|Ejército de Esqueletos|Gigante|Mago de Hielo|Mosquetera,Arqueras|Caballero|Mago de Hielo|P.E.K.K.A|Mini P.E.K.K.A|Gigante|Mosquetera|Príncipe,JUGADOR_1,Ejército de Esqueletos,3,0,10,51,51,1,INDIVIDUAL,TROPAS_Y_ESTRUCTURAS,5
partida_1,72,TROPA_DESPLEGADA,JUGADOR_2,152,EstrategiaMenorCosto,EstrategiaAgresiva,2,0,Bárbaros|Gigante|Mago|Príncipe,P.E.K.K.A|Gigante|Príncipe|Arqueras,Arqueras|Mago|Príncipe|Bárbaros|Ejército de Esqueletos|Gigante|Mago de Hielo|Mosquetera,Arqueras|Caballero|Mago de Hielo|P.E.K.K.A|Mini P.E.K.K.A|Gigante|Mosquetera|Príncipe,JUGADOR_2,Mini P.E.K.K.A,4,0,17,600,340,1,INDIVIDUAL,TROPAS_Y_ESTRUCTURAS,5
partida_1,81,TROPA_DESPLEGADA,JUGADOR_2,152,EstrategiaMenorCosto,EstrategiaAgresiva,0,3,Gigante|Mago|Príncipe|Mosquetera,P.E.K.K.A|Gigante|Príncipe|Arqueras,Arqueras|Mago|Príncipe|Bárbaros|Ejército de Esqueletos|Gigante|Mago de Hielo|Mosquetera,Arqueras|Caballero|Mago de Hielo|P.E.K.K.A|Mini P.E.K.K.A|Gigante|Mosquetera|Príncipe,JUGADOR_1,Bárbaros,5,9,10,300,75,1,INDIVIDUAL,TROPAS_Y_ESTRUCTURAS,5
partida_1,81,TROPA_DESPLEGADA,JUGADOR_2,152,EstrategiaMenorCosto,EstrategiaAgresiva,0,0,Gigante|Mago|Príncipe|Mosquetera,P.E.K.K.A|Gigante|Príncipe|Mago de Hielo,Arqueras|Mago|Príncipe|Bárbaros|Ejército de Esqueletos|Gigante|Mago de Hielo|Mosquetera,Arqueras|Caballero|Mago de Hielo|P.E.K.K.A|Mini P.E.K.K.A|Gigante|Mosquetera|Príncipe,JUGADOR_2,Arqueras,3,0,17,125,33,5,INDIVIDUAL,TROPAS_Y_ESTRUCTURAS,5
partida_1,91,TROPA_DESPLEGADA,JUGADOR_2,152,EstrategiaMenorCosto,EstrategiaAgresiva,3,0,Gigante|Mago|Príncipe|Mosquetera,P.E.K.K.A|Gigante|Príncipe|Mosquetera,Arqueras|Mago|Príncipe|Bárbaros|Ejército de Esqueletos|Gigante|Mago de Hielo|Mosquetera,Arqueras|Caballero|Mago de Hielo|P.E.K.K.A|Mini P.E.K.K.A|Gigante|Mosquetera|Príncipe,JUGADOR_2,Mago de Hielo,3,0,17,590,63,5,AREA,TROPAS_Y_ESTRUCTURAS,5
partida_1,93,TROPA_DESPLEGADA,JUGADOR_2,152,EstrategiaMenorCosto,EstrategiaAgresiva,0,1,Gigante|Mago|Príncipe|Arqueras,P.E.K.K.A|Gigante|Príncipe|Mosquetera,Arqueras|Mago|Príncipe|Bárbaros|Ejército de Esqueletos|Gigante|Mago de Hielo|Mosquetera,Arqueras|Caballero|Mago de Hielo|P.E.K.K.A|Mini P.E.K.K.A|Gigante|Mosquetera|Príncipe,JUGADOR_1,Mosquetera,4,13,12,340,100,6,INDIVIDUAL,TROPAS_Y_ESTRUCTURAS,5
partida_1,102,TROPA_DESPLEGADA,JUGADOR_2,152,EstrategiaMenorCosto,EstrategiaAgresiva,0,4,Gigante|Mago|Príncipe|Mago de Hielo,P.E.K.K.A|Gigante|Príncipe|Mosquetera,Arqueras|Mago|Príncipe|Bárbaros|Ejército de Esqueletos|Gigante|Mago de Hielo|Mosquetera,Arqueras|Caballero|Mago de Hielo|P.E.K.K.A|Mini P.E.K.K.A|Gigante|Mosquetera|Príncipe,JUGADOR_1,Arqueras,3,12,14,125,33,5,INDIVIDUAL,TROPAS_Y_ESTRUCTURAS,5
partida_1,102,TROPA_DESPLEGADA,JUGADOR_2,152,EstrategiaMenorCosto,EstrategiaAgresiva,0,0,Gigante|Mago|Príncipe|Mago de Hielo,P.E.K.K.A|Gigante|Príncipe|Caballero,Arqueras|Mago|Príncipe|Bárbaros|Ejército de Esqueletos|Gigante|Mago de Hielo|Mosquetera,Arqueras|Caballero|Mago de Hielo|P.E.K.K.A|Mini P.E.K.K.A|Gigante|Mosquetera|Príncipe,JUGADOR_2,Mosquetera,4,0,10,340,100,6,INDIVIDUAL,TROPAS_Y_ESTRUCTURAS,5
partida_1,111,TROPA_DESPLEGADA,JUGADOR_2,152,EstrategiaMenorCosto,EstrategiaAgresiva,0,3,Gigante|Mago|Príncipe|Ejército de Esqueletos,P.E.K.K.A|Gigante|Príncipe|Caballero,Arqueras|Mago|Príncipe|Bárbaros|Ejército de Esqueletos|Gigante|Mago de Hielo|Mosquetera,Arqueras|Caballero|Mago de Hielo|P.E.K.K.A|Mini P.E.K.K.A|Gigante|Mosquetera|Príncipe,JUGADOR_1,Mago de Hielo,3,7,0,590,63,5,AREA,TROPAS_Y_ESTRUCTURAS,5
partida_1,111,TROPA_DESPLEGADA,JUGADOR_2,152,EstrategiaMenorCosto,EstrategiaAgresiva,0,0,Gigante|Mago|Príncipe|Ejército de Esqueletos,P.E.K.K.A|Gigante|Príncipe|Mini P.E.K.K.A,Arqueras|Mago|Príncipe|Bárbaros|Ejército de Esqueletos|Gigante|Mago de Hielo|Mosquetera,Arqueras|Caballero|Mago de Hielo|P.E.K.K.A|Mini P.E.K.K.A|Gigante|Mosquetera|Príncipe,JUGADOR_2,Caballero,3,0,10,660,75,1,INDIVIDUAL,TROPAS_Y_ESTRUCTURAS,5
partida_1,120,TROPA_DESPLEGADA,JUGADOR_2,152,EstrategiaMenorCosto,EstrategiaAgresiva,0,3,Gigante|Mago|Príncipe|Bárbaros,P.E.K.K.A|Gigante|Príncipe|Mini P.E.K.K.A,Arqueras|Mago|Príncipe|Bárbaros|Ejército de Esqueletos|Gigante|Mago de Hielo|Mosquetera,Arqueras|Caballero|Mago de Hielo|P.E.K.K.A|Mini P.E.K.K.A|Gigante|Mosquetera|Príncipe,JUGADOR_1,Ejército de Esqueletos,3,0,0,51,51,1,INDIVIDUAL,TROPAS_Y_ESTRUCTURAS,5
partida_1,123,TROPA_DESPLEGADA,JUGADOR_2,152,EstrategiaMenorCosto,EstrategiaAgresiva,1,0,Gigante|Mago|Príncipe|Bárbaros,P.E.K.K.A|Gigante|Príncipe|Arqueras,Arqueras|Mago|Príncipe|Bárbaros|Ejército de Esqueletos|Gigante|Mago de Hielo|Mosquetera,Arqueras|Caballero|Mago de Hielo|P.E.K.K.A|Mini P.E.K.K.A|Gigante|Mosquetera|Príncipe,JUGADOR_2,Mini P.E.K.K.A,4,0,10,600,340,1,INDIVIDUAL,TROPAS_Y_ESTRUCTURAS,5
partida_1,132,TROPA_DESPLEGADA,JUGADOR_2,152,EstrategiaMenorCosto,EstrategiaAgresiva,4,0,Gigante|Mago|Príncipe|Bárbaros,P.E.K.K.A|Gigante|Príncipe|Mago de Hielo,Arqueras|Mago|Príncipe|Bárbaros|Ejército de Esqueletos|Gigante|Mago de Hielo|Mosquetera,Arqueras|Caballero|Mago de Hielo|P.E.K.K.A|Mini P.E.K.K.A|Gigante|Mosquetera|Príncipe,JUGADOR_2,Arqueras,3,0,10,125,33,5,INDIVIDUAL,TROPAS_Y_ESTRUCTURAS,5
partida_1,135,TROPA_DESPLEGADA,JUGADOR_2,152,EstrategiaMenorCosto,EstrategiaAgresiva,0,1,Mago|Príncipe|Bárbaros|Mosquetera,P.E.K.K.A|Gigante|Príncipe|Mago de Hielo,Arqueras|Mago|Príncipe|Bárbaros|Ejército de Esqueletos|Gigante|Mago de Hielo|Mosquetera,Arqueras|Caballero|Mago de Hielo|P.E.K.K.A|Mini P.E.K.K.A|Gigante|Mosquetera|Príncipe,JUGADOR_1,Gigante,5,15,17,2000,120,1,INDIVIDUAL,ESTRUCTURAS,5
partida_1,141,TROPA_DESPLEGADA,JUGADOR_2,152,EstrategiaMenorCosto,EstrategiaAgresiva,2,0,Mago|Príncipe|Bárbaros|Mosquetera,P.E.K.K.A|Gigante|Príncipe|Mosquetera,Arqueras|Mago|Príncipe|Bárbaros|Ejército de Esqueletos|Gigante|Mago de Hielo|Mosquetera,Arqueras|Caballero|Mago de Hielo|P.E.K.K.A|Mini P.E.K.K.A|Gigante|Mosquetera|Príncipe,JUGADOR_2,Mago de Hielo,3,0,10,590,63,5,AREA,TROPAS_Y_ESTRUCTURAS,5
partida_1,147,TROPA_DESPLEGADA,JUGADOR_2,152,EstrategiaMenorCosto,EstrategiaAgresiva,0,2,Mago|Príncipe|Bárbaros|Arqueras,P.E.K.K.A|Gigante|Príncipe|Mosquetera,Arqueras|Mago|Príncipe|Bárbaros|Ejército de Esqueletos|Gigante|Mago de Hielo|Mosquetera,Arqueras|Caballero|Mago de Hielo|P.E.K.K.A|Mini P.E.K.K.A|Gigante|Mosquetera|Príncipe,JUGADOR_1,Mosquetera,4,1,5,340,100,6,INDIVIDUAL,TROPAS_Y_ESTRUCTURAS,5
partida_1,152,PARTIDA_TERMINADA,JUGADOR_2,152,EstrategiaMenorCosto,EstrategiaAgresiva,1,3,Mago|Príncipe|Bárbaros|Arqueras,P.E.K.K.A|Gigante|Príncipe|Mosquetera,Arqueras|Mago|Príncipe|Bárbaros|Ejército de Esqueletos|Gigante|Mago de Hielo|Mosquetera,Arqueras|Caballero|Mago de Hielo|P.E.K.K.A|Mini P.E.K.K.A|Gigante|Mosquetera|Príncipe,,,,,,,,,,,
partida_2,3,TROPA_DESPLEGADA,JUGADOR_2,237,EstrategiaDefensiva,EstrategiaAleatoria,2,6,Arqueras|Caballero|Ejército de Esqueletos|Mago de Hielo,Mosquetera|Ejército de Esqueletos|Gigante|Mago de Hielo,Mago de Hielo|Ejército de Esqueletos|Valquiria|Príncipe|Bárbaros|Arqueras|Mini P.E.K.K.A|Caballero,Ejército de Esqueletos|Príncipe|Arqueras|Gigante|Mosquetera|Bárbaros|Mago de Hielo|Caballero,JUGADOR_1,Valquiria,4,6,2,880,120,1,AREA,TROPAS_Y_ESTRUCTURAS,5
partida_2,3,TROPA_DESPLEGADA,JUGADOR_2,237,EstrategiaDefensiva,EstrategiaAleatoria,2,3,Arqueras|Caballero|Ejército de Esqueletos|Mago de Hielo,Mosquetera|Gigante|Mago de Hielo|Príncipe,Mago de Hielo|Ejército de Esqueletos|Valquiria|Príncipe|Bárbaros|Arqueras|Mini P.E.K.K.A|Caballero,Ejército de Esqueletos|Príncipe|Arqueras|Gigante|Mosquetera|Bárbaros|Mago de Hielo|Caballero,JUGADOR_2,Ejército de Esqueletos,3,12,28,51,51,1,INDIVIDUAL,TROPAS_Y_ESTRUCTURAS,5
partida_2,5,TROPA_DESPLEGADA,JUGADOR_2,237,EstrategiaDefensiva,EstrategiaAleatoria,2,0,Arqueras|Caballero|Ejército de Esqueletos|Mago de Hielo,Mosquetera|Gigante|Príncipe|Caballero,Mago de Hielo|Ejército de Esqueletos|Valquiria|Príncipe|Bárbaros|Arqueras|Mini P.E.K.K.A|Caballero,Ejército de Esqueletos|Príncipe|Arqueras|Gigante|Mosquetera|Bárbaros|Mago de Hielo|Caballero,JUGADOR_2,Mago de Hielo,3,8,19,590,63,5,AREA,TROPAS_Y_ESTRUCTURAS,5
partida_2,12,TROPA_DESPLEGADA,JUGADOR_2,237,EstrategiaDefensiva,EstrategiaAleatoria,2,3,Arqueras|Ejército de Esqueletos|Mago de Hielo|Bárbaros,Mosquetera|Gigante|Príncipe|Caballero,Mago de Hielo|Ejército de Esqueletos|Valquiria|Príncipe|Bárbaros|Arqueras|Mini P.E.K.K.A|Caballero,Ejército de Esqueletos|Príncipe|Arqueras|Gigante|Mosquetera|Bárbaros|Mago de Hielo|Caballero,JUGADOR_1,Caballero,3,6,2,660,75,1,INDIVIDUAL,TROPAS_Y_ESTRUCTURAS,5
partida_2,13,TROPA_DESPLEGADA,JUGADOR_2,237,EstrategiaDefensiva,EstrategiaAleatoria,2,0,Arqueras|Ejército de Esqueletos|Mago de Hielo|Bárbaros,Mosquetera|Gigante|Príncipe|Bárbaros,Mago de Hielo|Ejército de Esqueletos|Valquiria|Príncipe|Bárbaros|Arqueras|Mini P.E.K.K.A|Caballero,Ejército de Esqueletos|Príncipe|Arqueras|Gigante|Mosquetera|Bárbaros|Mago de Hielo|Caballero,JUGADOR_2,Caballero,3,0,30,660,75,1,INDIVIDUAL,TROPAS_Y_ESTRUCTURAS,5
partida_2,21,TROPA_DESPLEGADA,JUGADOR_2,237,EstrategiaDefensiva,EstrategiaAleatoria,2,3,Arqueras|Ejército de Esqueletos|Bárbaros|Mini P.E.K.K.A,Mosquetera|Gigante|Príncipe|Bárbaros,Mago de Hielo|Ejército de Esqueletos|Valquiria|Príncipe|Bárbaros|Arqueras|Mini P.E.K.K.A|Caballero,Ejército de Esqueletos|Príncipe|Arqueras|Gigante|Mosquetera|Bárbaros|Mago de Hielo|Caballero,JUGADOR_1,Mago de Hielo,3,6,2,590,63,5,AREA,TROPAS_Y_ESTRUCTURAS,5
partida_2,25,TROPA_DESPLEGADA,JUGADOR_2,237,EstrategiaDefensiva,EstrategiaAleatoria,3,0,Arqueras|Ejército de Esqueletos|Bárbaros|Mini P.E.K.K.A,Gigante|Príncipe|Bárbaros|Arqueras,Mago de Hielo|Ejército de Esqueletos|Valquiria|Príncipe|Bárbaros|Arqueras|Mini P.E.K.K.A|Caballero,Ejército de Esqueletos|Príncipe|Arqueras|Gigante|Mosquetera|Bárbaros|Mago de Hielo|Caballero,JUGADOR_2,Mosquetera,4,14,31,340,100,6,INDIVIDUAL,TROPAS_Y_ESTRUCTURAS,5
partida_2,33,TROPA_DESPLEGADA,JUGADOR_2,237,EstrategiaDefensiva,EstrategiaAleatoria,6,0,Arqueras|Ejército de Esqueletos|Bárbaros|Mini P.E.K.K.A,Gigante|Príncipe|Bárbaros|Ejército de Esqueletos,Mago de Hielo|Ejército de Esqueletos|Valquiria|Príncipe|Bárbaros|Arqueras|Mini P.E.K.K.A|Caballero,Ejército de Esqueletos|Príncipe|Arqueras|Gigante|Mosquetera|Bárbaros|Mago de Hielo|Caballero,JUGADOR_2,Arqueras,3,10,20,125,33,5,INDIVIDUAL,TROPAS_Y_ESTRUCTURAS,5
partida_2,40,TROPA_DESPLEGADA,JUGADOR_2,237,EstrategiaDefensiva,EstrategiaAleatoria,4,2,Arqueras|Ejército de Esqueletos|Bárbaros|Príncipe,Gigante|Príncipe|Bárbaros|Ejército de Esqueletos,Mago de Hielo|Ejército de Esqueletos|Valquiria|Príncipe|Bárbaros|Arqueras|Mini P.E.K.K.A|Caballero,Ejército de Esqueletos|Príncipe|Arqueras|Gigante|Mosquetera|Bárbaros|Mago de Hielo|Caballero,JUGADOR_1,Mini P.E.K.K.A,4,6,2,600,340,1,INDIVIDUAL,TROPAS_Y_ESTRUCTURAS,5
partida_2,42,TROPA_DESPLEGADA,JUGADOR_2,237,EstrategiaDefensiva,EstrategiaAleatoria,0,3,Arqueras|Ejército de Esqueletos|Bárbaros|Valquiria,Gigante|Príncipe|Bárbaros|Ejército de Esqueletos,Mago de Hielo|Ejército de Esqueletos|Valquiria|Príncipe|Bárbaros|Arqueras|Mini P.E.K.K.A|Caballero,Ejército de Esqueletos|Príncipe|Arqueras|Gigante|Mosquetera|Bárbaros|Mago de Hielo|Caballero,JUGADOR_1,Príncipe,5,6,2,1100,220,1,INDIVIDUAL,TROPAS_Y_ESTRUCTURAS,5
partida_2,42,TROPA_DESPLEGADA,JUGADOR_2,237,EstrategiaDefensiva,EstrategiaAleatoria,0,0,Arqueras|Ejército de Esqueletos|Bárbaros|Valquiria,Gigante|Príncipe|Bárbaros|Mago de Hielo,Mago de Hielo|Ejército de Esqueletos|Valquiria|Príncipe|Bárbaros|Arqueras|Mini P.E.K.K.A|Caballero,Ejército de Esqueletos|Príncipe|Arqueras|Gigante|Mosquetera|Bárbaros|Mago de Hielo|Caballero,JUGADOR_2,Ejército de Esqueletos,3,1,19,51,51,1,INDIVIDUAL,TROPAS_Y_ESTRUCTURAS,5
partida_2,51,TROPA_DESPLEGADA,JUGADOR_2,237,EstrategiaDefensiva,EstrategiaAleatoria,3,0,Arqueras|Ejército de Esqueletos|Bárbaros|Valquiria,Gigante|Príncipe|Bárbaros|Caballero,Mago de Hielo|Ejército de Esqueletos|Valquiria|Príncipe|Bárbaros|Arqueras|Mini P.E.K.K.A|Caballero,Ejército de Esqueletos|Príncipe|Arqueras|Gigante|Mosquetera|Bárbaros|Mago de Hielo|Caballero,JUGADOR_2,Mago de Hielo,3,12,22,590,63,5,AREA,TROPAS_Y_ESTRUCTURAS,5
partida_2,57,TROPA_DESPLEGADA,JUGADOR_2,237,EstrategiaDefensiva,EstrategiaAleatoria,1,2,Arqueras|Ejército de Esqueletos|Bárbaros|Caballero,Gigante|Príncipe|Bárbaros|Caballero,Mago de Hielo|Ejército de Esqueletos|Valquiria|Príncipe|Bárbaros|Arqueras|Mini P.E.K.K.A|Caballero,Ejército de Esqueletos|Príncipe|Arqueras|Gigante|Mosquetera|Bárbaros|Mago de Hielo|Caballero,JUGADOR_1,Valquiria,4,6,2,880,120,1,AREA,TROPAS_Y_ESTRUCTURAS,5
partida_2,60,TROPA_DESPLEGADA,JUGADOR_2,237,EstrategiaDefensiva,EstrategiaAleatoria,2,0,Arqueras|Ejército de Esqueletos|Bárbaros|Caballero,Gigante|Príncipe|Bárbaros|Mosquetera,Mago de Hielo|Ejército de Esqueletos|Valquiria|Príncipe|Bárbaros|Arqueras|Mini P.E.K.K.A|Caballero,Ejército de Esqueletos|Príncipe|Arqueras|Gigante|Mosquetera|Bárbaros|Mago de Hielo|Caballero,JUGADOR_2,Caballero,3,15,23,660,75,1,INDIVIDUAL,TROPAS_Y_ESTRUCTURAS,5
partida_2,69,TROPA_DESPLEGADA,JUGADOR_2,237,EstrategiaDefensiva,EstrategiaAleatoria,2,3,Arqueras|Ejército de Esqueletos|Bárbaros|Mago de Hielo,Gigante|Príncipe|Bárbaros|Mosquetera,Mago de Hielo|Ejército de Esqueletos|Valquiria|Príncipe|Bárbaros|Arqueras|Mini P.E.K.K.A|Caballero,Ejército de Esqueletos|Príncipe|Arqueras|Gigante|Mosquetera|Bárbaros|Mago de Hielo|Caballero,JUGADOR_1,Caballero,3,6,2,660,75,1,INDIVIDUAL,TROPAS_Y_ESTRUCTURAS,5
partida_2,72,TROPA_DESPLEGADA,JUGADOR_2,237,EstrategiaDefensiva,EstrategiaAleatoria,3,0,Arqueras|Ejército de Esqueletos|Bárbaros|Mago de Hielo,Gigante|Príncipe|Bárbaros|Arqueras,Mago de Hielo|Ejército de Esqueletos|Valquiria|Príncipe|Bárbaros|Arqueras|Mini P.E.K.K.A|Caballero,Ejército de Esqueletos|Príncipe|Arqueras|Gigante|Mosquetera|Bárbaros|Mago de Hielo|Caballero,JUGADOR_2,Mosquetera,4,2,27,340,100,6,INDIVIDUAL,TROPAS_Y_ESTRUCTURAS,5
partida_2,78,TROPA_DESPLEGADA,JUGADOR_2,237,EstrategiaDefensiva,EstrategiaAleatoria,2,2,Arqueras|Ejército de Esqueletos|Bárbaros|Mini P.E.K.K.A,Gigante|Príncipe|Bárbaros|Arqueras,Mago de Hielo|Ejército de Esqueletos|Valquiria|Príncipe|Bárbaros|Arqueras|Mini P.E.K.K.A|Caballero,Ejército de Esqueletos|Príncipe|Arqueras|Gigante|Mosquetera|Bárbaros|Mago de Hielo|Caballero,JUGADOR_1,Mago de Hielo,3,6,2,590,63,5,AREA,TROPAS_Y_ESTRUCTURAS,5
partida_2,84,TROPA_DESPLEGADA,JUGADOR_2,237,EstrategiaDefensiva,EstrategiaAleatoria,4,1,Arqueras|Ejército de Esqueletos|Bárbaros|Mini P.E.K.K.A,Gigante|Príncipe|Bárbaros|Ejército de Esqueletos,Mago de Hielo|Ejército de Esqueletos|Valquiria|Príncipe|Bárbaros|Arqueras|Mini P.E.K.K.A|Caballero,Ejército de Esqueletos|Príncipe|Arqueras|Gigante|Mosquetera|Bárbaros|Mago de Hielo|Caballero,JUGADOR_2,Arqueras,3,13,22,125,33,5,INDIVIDUAL,TROPAS_Y_ESTRUCTURAS,5
partida_2,88,TROPA_DESPLEGADA,JUGADOR_2,237,EstrategiaDefensiva,EstrategiaAleatoria,1,2,Arqueras|Ejército de Esqueletos|Bárbaros|Príncipe,Gigante|Príncipe|Bárbaros|Ejército de Esqueletos,Mago de Hielo|Ejército de Esqueletos|Valquiria|Príncipe|Bárbaros|Arqueras|Mini P.E.K.K.A|Caballero,Ejército de Esqueletos|Príncipe|Arqueras|Gigante|Mosquetera|Bárbaros|Mago de Hielo|Caballero,JUGADOR_1,Mini P.E.K.K.A,4,6,2,600,340,1,INDIVIDUAL,TROPAS_Y_ESTRUCTURAS,5
partida_2,90,TROPA_DESPLEGADA,JUGADOR_2,237,EstrategiaDefensiva,EstrategiaAleatoria,2,0,Arqueras|Ejército de Esqueletos|Bárbaros|Príncipe,Gigante|Príncipe|Bárbaros|Mago de Hielo,Mago de Hielo|Ejército de Esqueletos|Valquiria|Príncipe|Bárbaros|Arqueras|Mini P.E.K.K.A|Caballero,Ejército de Esqueletos|Príncipe|Arqueras|Gigante|Mosquetera|Bárbaros|Mago de Hielo|Caballero,JUGADOR_2,Ejército de Esqueletos,3,5,22,51,51,1,INDIVIDUAL,TROPAS_Y_ESTRUCTURAS,5
partida_2,103,TROPA_DESPLEGADA,JUGADOR_2,237,EstrategiaDefensiva,EstrategiaAleatoria,6,1,Arqueras|Ejército de Esqueletos|Bárbaros|Príncipe,Gigante|Príncipe|Bárbaros|Caballero,Mago de Hielo|Ejército de Esqueletos|Valquiria|Príncipe|Bárbaros|Arqueras|Mini P.E.K.K.A|Caballero,Ejército de Esqueletos|Príncipe|Arqueras|Gigante|Mosquetera|Bárbaros|Mago de Hielo|Caballero,JUGADOR_2,Mago de Hielo,3,6,28,590,63,5,AREA,TROPAS_Y_ESTRUCTURAS,5
partida_2,104,TROPA_DESPLEGADA,JUGADOR_2,237,EstrategiaDefensiva,EstrategiaAleatoria,1,1,Arqueras|Ejército de Esqueletos|Bárbaros|Valquiria,Gigante|Príncipe|Bárbaros|Caballero,Mago de Hielo|Ejército de Esqueletos|Valquiria|Príncipe|Bárbaros|Arqueras|Mini P.E.K.K.A|Caballero,Ejército de Esqueletos|Príncipe|Arqueras|Gigante|Mosquetera|Bárbaros|Mago de Hielo|Caballero,JUGADOR_1,Príncipe,5,6,2,1100,220,1,INDIVIDUAL,TROPAS_Y_ESTRUCTURAS,5
partida_2,109,TROPA_DESPLEGADA,JUGADOR_2,237,EstrategiaDefensiva,EstrategiaAleatoria,3,0,Arqueras|Ejército de Esqueletos|Bárbaros|Valquiria,Gigante|Príncipe|Bárbaros|Mosquetera,Mago de Hielo|Ejército de Esqueletos|Valquiria|Príncipe|Bárbaros|Arqueras|Mini P.E.K.K.A|Caballero,Ejército de Esqueletos|Príncipe|Arqueras|Gigante|Mosquetera|Bárbaros|Mago de Hielo|Caballero,JUGADOR_2,Caballero,3,17,30,660,75,1,INDIVIDUAL,TROPAS_Y_ESTRUCTURAS,5
partida_2,114,TROPA_DESPLEGADA,JUGADOR_2,237,EstrategiaDefensiva,EstrategiaAleatoria,1,2,Arqueras|Ejército de Esqueletos|Bárbaros|Caballero,Gigante|Príncipe|Bárbaros|Mosquetera,Mago de Hielo|Ejército de Esqueletos|Valquiria|Príncipe|Bárbaros|Arqueras|Mini P.E.K.K.A|Caballero,Ejército de Esqueletos|Príncipe|Arqueras|Gigante|Mosquetera|Bárbaros|Mago de Hielo|Caballero,JUGADOR_1,Valquiria,4,6,2,880,120,1,AREA,TROPAS_Y_ESTRUCTURAS,5
partida_2,121,TROPA_DESPLEGADA,JUGADOR_2,237,EstrategiaDefensiva,EstrategiaAleatoria,3,0,Arqueras|Ejército de Esqueletos|Bárbaros|Caballero,Gigante|Príncipe|Bárbaros|Arqueras,Mago de Hielo|Ejército de Esqueletos|Valquiria|Príncipe|Bárbaros|Arqueras|Mini P.E.K.K.A|Caballero,Ejército de Esqueletos|Príncipe|Arqueras|Gigante|Mosquetera|Bárbaros|Mago de Hielo|Caballero,JUGADOR_2,Mosquetera,4,6,22,340,100,6,INDIVIDUAL,TROPAS_Y_ESTRUCTURAS,5
partida_2,126,TROPA_DESPLEGADA,JUGADOR_2,237,EstrategiaDefensiva,EstrategiaAleatoria,2,2,Arqueras|Ejército de Esqueletos|Bárbaros|Mago de Hielo,Gigante|Príncipe|Bárbaros|Arqueras,Mago de Hielo|Ejército de Esqueletos|Valquiria|Príncipe|Bárbaros|Arqueras|Mini P.E.K.K.A|Caballero,Ejército de Esqueletos|Príncipe|Arqueras|Gigante|Mosquetera|Bárbaros|Mago de Hielo|Caballero,JUGADOR_1,Caballero,3,6,2,660,75,1,INDIVIDUAL,TROPAS_Y_ESTRUCTURAS,5
partida_2,133,TROPA_DESPLEGADA,JUGADOR_2,237,EstrategiaDefensiva,EstrategiaAleatoria,4,1,Arqueras|Ejército de Esqueletos|Bárbaros|Mago de Hielo,Gigante|Príncipe|Bárbaros|Ejército de Esqueletos,Mago de Hielo|Ejército de Esqueletos|Valquiria|Príncipe|Bárbaros|Arqueras|Mini P.E.K.K.A|Caballero,Ejército de Esqueletos|Príncipe|Arqueras|Gigante|Mosquetera|Bárbaros|Mago de Hielo|Caballero,JUGADOR_2,Arqueras,3,14,28,125,33,5,INDIVIDUAL,TROPAS_Y_ESTRUCTURAS,5
partida_2,135,TROPA_DESPLEGADA,JUGADOR_2,237,EstrategiaDefensiva,EstrategiaAleatoria,2,2,Arqueras|Ejército de Esqueletos|Bárbaros|Mini P.E.K.K.A,Gigante|Príncipe|Bárbaros|Ejército de Esqueletos,Mago de Hielo|Ejército de Esqueletos|Valquiria|Príncipe|Bárbaros|Arqueras|Mini P.E.K.K.A|Caballero,Ejército de Esqueletos|Príncipe|Arqueras|Gigante|Mosquetera|Bárbaros|Mago de Hielo|Caballero,JUGADOR_1,Mago de Hielo,3,6,2,590,63,5,AREA,TROPAS_Y_ESTRUCTURAS,5
partida_2,141,TROPA_DESPLEGADA,JUGADOR_2,237,EstrategiaDefensiva,EstrategiaAleatoria,4,1,Arqueras|Ejército de Esqueletos|Bárbaros|Mini P.E.K.K.A,Gigante|Príncipe|Bárbaros|Mago de Hielo,Mago de Hielo|Ejército de Esqueletos|Valquiria|Príncipe|Bárbaros|Arqueras|Mini P.E.K.K.A|Caballero,Ejército de Esqueletos|Príncipe|Arqueras|Gigante|Mosquetera|Bárbaros|Mago de Hielo|Caballero,JUGADOR_2,Ejército de Esqueletos,3,4,18,51,51,1,INDIVIDUAL,TROPAS_Y_ESTRUCTURAS,5
partida_2,144,TROPA_DESPLEGADA,JUGADOR_2,237,EstrategiaDefensiva,EstrategiaAleatoria,1,2,Arqueras|Ejército de Esqueletos|Bárbaros|Príncipe,Gigante|Príncipe|Bárbaros|Mago de Hielo,Mago de Hielo|Ejército de Esqueletos|Valquiria|Príncipe|Bárbaros|Arqueras|Mini P.E.K.K.A|Caballero,Ejército de Esqueletos|Príncipe|Arqueras|Gigante|Mosquetera|Bárbaros|Mago de Hielo|Caballero,JUGADOR_1,Mini P.E.K.K.A,4,6,2,600,340,1,INDIVIDUAL,TROPAS_Y_ESTRUCTURAS,5
partida_2,147,TROPA_DESPLEGADA,JUGADOR_2,237,EstrategiaDefensiva,EstrategiaAleatoria,2,0,Arqueras|Ejército de Esqueletos|Bárbaros|Príncipe,Gigante|Príncipe|Bárbaros|Caballero,Mago de Hielo|Ejército de Esqueletos|Valquiria|Príncipe|Bárbaros|Arqueras|Mini P.E.K.K.A|Caballero,Ejército de Esqueletos|Príncipe|Arqueras|Gigante|Mosquetera|Bárbaros|Mago de Hielo|Caballero,JUGADOR_2,Mago de Hielo,3,15,28,590,63,5,AREA,TROPAS_Y_ESTRUCTURAS,5
partida_2,157,TROPA_DESPLEGADA,JUGADOR_2,237,EstrategiaDefensiva,EstrategiaAleatoria,0,3,Arqueras|Ejército de Esqueletos|Bárbaros|Valquiria,Gigante|Príncipe|Bárbaros|Caballero,Mago de Hielo|Ejército de Esqueletos|Valquiria|Príncipe|Bárbaros|Arqueras|Mini P.E.K.K.A|Caballero,Ejército de Esqueletos|Príncipe|Arqueras|Gigante|Mosquetera|Bárbaros|Mago de Hielo|Caballero,JUGADOR_1,Príncipe,5,6,2,1100,220,1,INDIVIDUAL,TROPAS_Y_ESTRUCTURAS,5
partida_2,159,TROPA_DESPLEGADA,JUGADOR_2,237,EstrategiaDefensiva,EstrategiaAleatoria,1,1,Arqueras|Ejército de Esqueletos|Bárbaros|Valquiria,Gigante|Príncipe|Bárbaros|Mosquetera,Mago de Hielo|Ejército de Esqueletos|Valquiria|Príncipe|Bárbaros|Arqueras|Mini P.E.K.K.A|Caballero,Ejército de Esqueletos|Príncipe|Arqueras|Gigante|Mosquetera|Bárbaros|Mago de Hielo|Caballero,JUGADOR_2,Caballero,3,0,28,660,75,1,INDIVIDUAL,TROPAS_Y_ESTRUCTURAS,5
partida_2,169,TROPA_DESPLEGADA,JUGADOR_2,237,EstrategiaDefensiva,EstrategiaAleatoria,4,0,Arqueras|Ejército de Esqueletos|Bárbaros|Valquiria,Gigante|Príncipe|Bárbaros|Arqueras,Mago de Hielo|Ejército de Esqueletos|Valquiria|Príncipe|Bárbaros|Arqueras|Mini P.E.K.K.A|Caballero,Ejército de Esqueletos|Príncipe|Arqueras|Gigante|Mosquetera|Bárbaros|Mago de Hielo|Caballero,JUGADOR_2,Mosquetera,4,8,23,340,100,6,INDIVIDUAL,TROPAS_Y_ESTRUCTURAS,5
partida_2,172,TROPA_DESPLEGADA,JUGADOR_2,237,EstrategiaDefensiva,EstrategiaAleatoria,1,1,Arqueras|Ejército de Esqueletos|Bárbaros|Caballero,Gigante|Príncipe|Bárbaros|Arqueras,Mago de Hielo|Ejército de Esqueletos|Valquiria|Príncipe|Bárbaros|Arqueras|Mini P.E.K.K.A|Caballero,Ejército de Esqueletos|Príncipe|Arqueras|Gigante|Mosquetera|Bárbaros|Mago de Hielo|Caballero,JUGADOR_1,Valquiria,4,6,2,880,120,1,AREA,TROPAS_Y_ESTRUCTURAS,5
partida_2,179,TROPA_DESPLEGADA,JUGADOR_2,237,EstrategiaDefensiva,EstrategiaAleatoria,3,0,Arqueras|Ejército de Esqueletos|Bárbaros|Caballero,Gigante|Príncipe|Bárbaros|Ejército de Esqueletos,Mago de Hielo|Ejército de Esqueletos|Valquiria|Príncipe|Bárbaros|Arqueras|Mini P.E.K.K.A|Caballero,Ejército de Esqueletos|Príncipe|Arqueras|Gigante|Mosquetera|Bárbaros|Mago de Hielo|Caballero,JUGADOR_2,Arqueras,3,2,11,125,33,5,INDIVIDUAL,TROPAS_Y_ESTRUCTURAS,5
partida_2,185,TROPA_DESPLEGADA,JUGADOR_2,237,EstrategiaDefensiva,EstrategiaAleatoria,2,2,Arqueras|Ejército de Esqueletos|Bárbaros|Mago de Hielo,Gigante|Príncipe|Bárbaros|Ejército de Esqueletos,Mago de Hielo|Ejército de Esqueletos|Valquiria|Príncipe|Bárbaros|Arqueras|Mini P.E.K.K.A|Caballero,Ejército de Esqueletos|Príncipe|Arqueras|Gigante|Mosquetera|Bárbaros|Mago de Hielo|Caballero,JUGADOR_1,Caballero,3,6,2,660,75,1,INDIVIDUAL,TROPAS_Y_ESTRUCTURAS,5
partida_2,186,TROPA_DESPLEGADA,JUGADOR_2,237,EstrategiaDefensiva,EstrategiaAleatoria,3,0,Arqueras|Ejército de Esqueletos|Bárbaros|Mago de Hielo,Gigante|Príncipe|Bárbaros|Mago de Hielo,Mago de Hielo|Ejército de Esqueletos|Valquiria|Príncipe|Bárbaros|Arqueras|Mini P.E.K.K.A|Caballero,Ejército de Esqueletos|Príncipe|Arqueras|Gigante|Mosquetera|Bárbaros|Mago de Hielo|Caballero,JUGADOR_2,Ejército de Esqueletos,3,7,13,51,51,1,INDIVIDUAL,TROPAS_Y_ESTRUCTURAS,5
partida_2,192,TROPA_DESPLEGADA,JUGADOR_2,237,EstrategiaDefensiva,EstrategiaAleatoria,2,2,Arqueras|Ejército de Esqueletos|Bárbaros|Mini P.E.K.K.A,Gigante|Príncipe|Bárbaros|Mago de Hielo,Mago de Hielo|Ejército de Esqueletos|Valquiria|Príncipe|Bárbaros|Arqueras|Mini P.E.K.K.A|Caballero,Ejército de Esqueletos|Príncipe|Arqueras|Gigante|Mosquetera|Bárbaros|Mago de Hielo|Caballero,JUGADOR_1,Mago de Hielo,3,6,2,590,63,5,AREA,TROPAS_Y_ESTRUCTURAS,5
partida_2,198,TROPA_DESPLEGADA,JUGADOR_2,237,EstrategiaDefensiva,EstrategiaAleatoria,4,1,Arqueras|Ejército de Esqueletos|Bárbaros|Mini P.E.K.K.A,Gigante|Príncipe|Bárbaros|Caballero,Mago de Hielo|Ejército de Esqueletos|Valquiria|Príncipe|Bárbaros|Arqueras|Mini P.E.K.K.A|Caballero,Ejército de Esqueletos|Príncipe|Arqueras|Gigante|Mosquetera|Bárbaros|Mago de Hielo|Caballero,JUGADOR_2,Mago de Hielo,3,2,13,590,63,5,AREA,TROPAS_Y_ESTRUCTURAS,5
partida_2,201,TROPA_DESPLEGADA,JUGADOR_2,237,EstrategiaDefensiva,EstrategiaAleatoria,1,2,Arqueras|Ejército de Esqueletos|Bárbaros|Príncipe,Gigante|Príncipe|Bárbaros|Caballero,Mago de Hielo|Ejército de Esqueletos|Valquiria|Príncipe|Bárbaros|Arqueras|Mini P.E.K.K.A|Caballero,Ejército de Esqueletos|Príncipe|Arqueras|Gigante|Mosquetera|Bárbaros|Mago de Hielo|Caballero,JUGADOR_1,Mini P.E.K.K.A,4,6,2,600,340,1,INDIVIDUAL,TROPAS_Y_ESTRUCTURAS,5
partida_2,206,TROPA_DESPLEGADA,JUGADOR_2,237,EstrategiaDefensiva,EstrategiaAleatoria,2,0,Arqueras|Ejército de Esqueletos|Bárbaros|Príncipe,Gigante|Príncipe|Bárbaros|Mosquetera,Mago de Hielo|Ejército de Esqueletos|Valquiria|Príncipe|Bárbaros|Arqueras|Mini P.E.K.K.A|Caballero,Ejército de Esqueletos|Príncipe|Arqueras|Gigante|Mosquetera|Bárbaros|Mago de Hielo|Caballero,JUGADOR_2,Caballero,3,0,14,660,75,1,INDIVIDUAL,TROPAS_Y_ESTRUCTURAS,5
partida_2,215,TROPA_DESPLEGADA,JUGADOR_2,237,EstrategiaDefensiva,EstrategiaAleatoria,0,3,Arqueras|Ejército de Esqueletos|Bárbaros|Valquiria,Gigante|Príncipe|Bárbaros|Mosquetera,Mago de Hielo|Ejército de Esqueletos|Valquiria|Príncipe|Bárbaros|Arqueras|Mini P.E.K.K.A|Caballero,Ejército de Esqueletos|Príncipe|Arqueras|Gigante|Mosquetera|Bárbaros|Mago de Hielo|Caballero,JUGADOR_1,Príncipe,5,6,2,1100,220,1,INDIVIDUAL,TROPAS_Y_ESTRUCTURAS,5
partida_2,217,TROPA_DESPLEGADA,JUGADOR_2,237,EstrategiaDefensiva,EstrategiaAleatoria,1,0,Arqueras|Ejército de Esqueletos|Bárbaros|Valquiria,Gigante|Príncipe|Bárbaros|Arqueras,Mago de Hielo|Ejército de Esqueletos|Valquiria|Príncipe|Bárbaros|Arqueras|Mini P.E.K.K.A|Caballero,Ejército de Esqueletos|Príncipe|Arqueras|Gigante|Mosquetera|Bárbaros|Mago de Hielo|Caballero,JUGADOR_2,Mosquetera,4,12,23,340,100,6,INDIVIDUAL,TROPAS_Y_ESTRUCTURAS,5
partida_2,225,TROPA_DESPLEGADA,JUGADOR_2,237,EstrategiaDefensiva,EstrategiaAleatoria,4,0,Arqueras|Ejército de Esqueletos|Bárbaros|Valquiria,Gigante|Príncipe|Bárbaros|Ejército de Esqueletos,Mago de Hielo|Ejército de Esqueletos|Valquiria|Príncipe|Bárbaros|Arqueras|Mini P.E.K.K.A|Caballero,Ejército de Esqueletos|Príncipe|Arqueras|Gigante|Mosquetera|Bárbaros|Mago de Hielo|Caballero,JUGADOR_2,Arqueras,3,9,31,125,33,5,INDIVIDUAL,TROPAS_Y_ESTRUCTURAS,5
partida_2,228,TROPA_DESPLEGADA,JUGADOR_2,237,EstrategiaDefensiva,EstrategiaAleatoria,1,1,Arqueras|Ejército de Esqueletos|Bárbaros|Caballero,Gigante|Príncipe|Bárbaros|Ejército de Esqueletos,Mago de Hielo|Ejército de Esqueletos|Valquiria|Príncipe|Bárbaros|Arqueras|Mini P.E.K.K.A|Caballero,Ejército de Esqueletos|Príncipe|Arqueras|Gigante|Mosquetera|Bárbaros|Mago de Hielo|Caballero,JUGADOR_1,Valquiria,4,6,2,880,120,1,AREA,TROPAS_Y_ESTRUCTURAS,5
partida_2,234,TROPA_DESPLEGADA,JUGADOR_2,237,EstrategiaDefensiva,EstrategiaAleatoria,3,0,Arqueras|Ejército de Esqueletos|Bárbaros|Caballero,Gigante|Príncipe|Bárbaros|Mago de Hielo,Mago de Hielo|Ejército de Esqueletos|Valquiria|Príncipe|Bárbaros|Arqueras|Mini P.E.K.K.A|Caballero,Ejército de Esqueletos|Príncipe|Arqueras|Gigante|Mosquetera|Bárbaros|Mago de Hielo|Caballero,JUGADOR_2,Ejército de Esqueletos,3,7,11,51,51,1,INDIVIDUAL,TROPAS_Y_ESTRUCTURAS,5
partida_2,237,PARTIDA_TERMINADA,JUGADOR_2,237,EstrategiaDefensiva,EstrategiaAleatoria,4,1,Arqueras|Ejército de Esqueletos|Bárbaros|Caballero,Gigante|Príncipe|Bárbaros|Mago de Hielo,Mago de Hielo|Ejército de Esqueletos|Valquiria|Príncipe|Bárbaros|Arqueras|Mini P.E.K.K.A|Caballero,Ejército de Esqueletos|Príncipe|Arqueras|Gigante|Mosquetera|Bárbaros|Mago de Hielo|Caballero,,,,,,,,,,,
partida_3,1,TROPA_DESPLEGADA,JUGADOR_1,180,EstrategiaDefensiva,EstrategiaMenorCosto,5,2,Bárbaros|Gigante|Valquiria|Príncipe,Bárbaros|Mini P.E.K.K.A|Mosquetera|Príncipe,Mini P.E.K.K.A|Valquiria|Gigante|Ejército de Esqueletos|Príncipe|Mosquetera|Mago|Bárbaros,Valquiria|Mago|Bárbaros|Príncipe|Mosquetera|Mini P.E.K.K.A|P.E.K.K.A|Ejército de Esqueletos,JUGADOR_2,Ejército de Esqueletos,3,13,17,51,51,1,INDIVIDUAL,TROPAS_Y_ESTRUCTURAS,5
partida_3,2,TROPA_DESPLEGADA,JUGADOR_1,180,EstrategiaDefensiva,EstrategiaMenorCosto,0,2,Bárbaros|Valquiria|Príncipe|Mosquetera,Bárbaros|Mini P.E.K.K.A|Mosquetera|Príncipe,Mini P.E.K.K.A|Valquiria|Gigante|Ejército de Esqueletos|Príncipe|Mosquetera|Mago|Bárbaros,Valquiria|Mago|Bárbaros|Príncipe|Mosquetera|Mini P.E.K.K.A|P.E.K.K.A|Ejército de Esqueletos,JUGADOR_1,Gigante,5,6,2,2000,120,1,INDIVIDUAL,ESTRUCTURAS,5
partida_3,6,TROPA_DESPLEGADA,JUGADOR_1,180,EstrategiaDefensiva,EstrategiaMenorCosto,2,0,Bárbaros|Valquiria|Príncipe|Mosquetera,Bárbaros|Mosquetera|Príncipe|Valquiria,Mini P.E.K.K.A|Valquiria|Gigante|Ejército de Esqueletos|Príncipe|Mosquetera|Mago|Bárbaros,Valquiria|Mago|Bárbaros|Príncipe|Mosquetera|Mini P.E.K.K.A|P.E.K.K.A|Ejército de Esqueletos,JUGADOR_2,Mini P.E.K.K.A,4,3,31,600,340,1,INDIVIDUAL,TROPAS_Y_ESTRUCTURAS,5
partida_3,16,TROPA_DESPLEGADA,JUGADOR_1,180,EstrategiaDefensiva,EstrategiaMenorCosto,0,3,Bárbaros|Valquiria|Mosquetera|Ejército de Esqueletos,Bárbaros|Mosquetera|Príncipe|Valquiria,Mini P.E.K.K.A|Valquiria|Gigante|Ejército de Esqueletos|Príncipe|Mosquetera|Mago|Bárbaros,Valquiria|Mago|Bárbaros|Príncipe|Mosquetera|Mini P.E.K.K.A|P.E.K.K.A|Ejército de Esqueletos,JUGADOR_1,Príncipe,5,6,2,1100,220,1,INDIVIDUAL,TROPAS_Y_ESTRUCTURAS,5
partida_3,18,TROPA_DESPLEGADA,JUGADOR_1,180,EstrategiaDefensiva,EstrategiaMenorCosto,1,0,Bárbaros|Valquiria|Mosquetera|Ejército de Esqueletos,Bárbaros|Príncipe|Valquiria|P.E.K.K.A,Mini P.E.K.K.A|Valquiria|Gigante|Ejército de Esqueletos|Príncipe|Mosquetera|Mago|Bárbaros,Valquiria|Mago|Bárbaros|Príncipe|Mosquetera|Mini P.E.K.K.A|P.E.K.K.A|Ejército de Esqueletos,JUGADOR_2,Mosquetera,4,15,30,340,100,6,INDIVIDUAL,TROPAS_Y_ESTRUCTURAS,5
partida_3,30,TROPA_DESPLEGADA,JUGADOR_1,180,EstrategiaDefensiva,EstrategiaMenorCosto,5,0,Bárbaros|Valquiria|Mosquetera|Ejército de Esqueletos,Bárbaros|Príncipe|P.E.K.K.A|Mago,Mini P.E.K.K.A|Valquiria|Gigante|Ejército de Esqueletos|Príncipe|Mosquetera|Mago|Bárbaros,Valquiria|Mago|Bárbaros|Príncipe|Mosquetera|Mini P.E.K.K.A|P.E.K.K.A|Ejército de Esqueletos,JUGADOR_2,Valquiria,4,10,24,880,120,1,AREA,TROPAS_Y_ESTRUCTURAS,5
partida_3,33,TROPA_DESPLEGADA,JUGADOR_1,180,EstrategiaDefensiva,EstrategiaMenorCosto,2,1,Bárbaros|Mosquetera|Ejército de Esqueletos|Mini P.E.K.K.A,Bárbaros|Príncipe|P.E.K.K.A|Mago,Mini P.E.K.K.A|Valquiria|Gigante|Ejército de Esqueletos|Príncipe|Mosquetera|Mago|Bárbaros,Valquiria|Mago|Bárbaros|Príncipe|Mosquetera|Mini P.E.K.K.A|P.E.K.K.A|Ejército de Esqueletos,JUGADOR_1,Valquiria,4,6,2,880,120,1,AREA,TROPAS_Y_ESTRUCTURAS,5
partida_3,42,TROPA_DESPLEGADA,JUGADOR_1,180,EstrategiaDefensiva,EstrategiaMenorCosto,1,4,Bárbaros|Mosquetera|Ejército de Esqueletos|Mago,Bárbaros|Príncipe|P.E.K.K.A|Mago,Mini P.E.K.K.A|Valquiria|Gigante|Ejército de Esqueletos|Príncipe|Mosquetera|Mago|Bárbaros,Valquiria|Mago|Bárbaros|Príncipe|Mosquetera|Mini P.E.K.K.A|P.E.K.K.A|Ejército de Esqueletos,JUGADOR_1,Mini P.E.K.K.A,4,6,2,600,340,1,INDIVIDUAL,TROPAS_Y_ESTRUCTURAS,5
partida_3,45,TROPA_DESPLEGADA,JUGADOR_1,180,EstrategiaDefensiva,EstrategiaMenorCosto,2,0,Bárbaros|Mosquetera|Ejército de Esqueletos|Mago,Príncipe|P.E.K.K.A|Mago|Ejército de Esqueletos,Mini P.E.K.K.A|Valquiria|Gigante|Ejército de Esqueletos|Príncipe|Mosquetera|Mago|Bárbaros,Valquiria|Mago|Bárbaros|Príncipe|Mosquetera|Mini P.E.K.K.A|P.E.K.K.A|Ejército de Esqueletos,JUGADOR_2,Bárbaros,5,9,31,300,75,1,INDIVIDUAL,TROPAS_Y_ESTRUCTURAS,5
partida_3,54,TROPA_DESPLEGADA,JUGADOR_1,180,EstrategiaDefensiva,EstrategiaMenorCosto,1,3,Bárbaros|Ejército de Esqueletos|Mago|Gigante,Príncipe|P.E.K.K.A|Mago|Ejército de Esqueletos,Mini P.E.K.K.A|Valquiria|Gigante|Ejército de Esqueletos|Príncipe|Mosquetera|Mago|Bárbaros,Valquiria|Mago|Bárbaros|Príncipe|Mosquetera|Mini P.E.K.K.A|P.E.K.K.A|Ejército de Esqueletos,JUGADOR_1,Mosquetera,4,6,2,340,100,6,INDIVIDUAL,TROPAS_Y_ESTRUCTURAS,5
partida_3,55,TROPA_DESPLEGADA,JUGADOR_1,180,EstrategiaDefensiva,EstrategiaMenorCosto,1,0,Bárbaros|Ejército de Esqueletos|Mago|Gigante,Príncipe|P.E.K.K.A|Mago|Mini P.E.K.K.A,Mini P.E.K.K.A|Valquiria|Gigante|Ejército de Esqueletos|Príncipe|Mosquetera|Mago|Bárbaros,Valquiria|Mago|Bárbaros|Príncipe|Mosquetera|Mini P.E.K.K.A|P.E.K.K.A|Ejército de Esqueletos,JUGADOR_2,Ejército de Esqueletos,3,5,18,51,51,1,INDIVIDUAL,TROPAS_Y_ESTRUCTURAS,5
partida_3,66,TROPA_DESPLEGADA,JUGADOR_1,180,EstrategiaDefensiva,EstrategiaMenorCosto,0,4,Bárbaros|Ejército de Esqueletos|Mago|Príncipe,Príncipe|P.E.K.K.A|Mago|Mini P.E.K.K.A,Mini P.E.K.K.A|Valquiria|Gigante|Ejército de Esqueletos|Príncipe|Mosquetera|Mago|Bárbaros,Valquiria|Mago|Bárbaros|Príncipe|Mosquetera|Mini P.E.K.K.A|P.E.K.K.A|Ejército de Esqueletos,JUGADOR_1,Gigante,5,6,2,2000,120,1,INDIVIDUAL,ESTRUCTURAS,5
partida_3,66,TROPA_DESPLEGADA,JUGADOR_1,180,EstrategiaDefensiva,EstrategiaMenorCosto,0,0,Bárbaros|Ejército de Esqueletos|Mago|Príncipe,Príncipe|P.E.K.K.A|Mago|Mosquetera,Mini P.E.K.K.A|Valquiria|Gigante|Ejército de Esqueletos|Príncipe|Mosquetera|Mago|Bárbaros,Valquiria|Mago|Bárbaros|Príncipe|Mosquetera|Mini P.E.K.K.A|P.E.K.K.A|Ejército de Esqueletos,JUGADOR_2,Mini P.E.K.K.A,4,9,23,600,340,1,INDIVIDUAL,TROPAS_Y_ESTRUCTURAS,5
partida_3,80,TROPA_DESPLEGADA,JUGADOR_1,180,EstrategiaDefensiva,EstrategiaMenorCosto,4,0,Bárbaros|Ejército de Esqueletos|Mago|Príncipe,Príncipe|P.E.K.K.A|Mago|Valquiria,Mini P.E.K.K.A|Valquiria|Gigante|Ejército de Esqueletos|Príncipe|Mosquetera|Mago|Bárbaros,Valquiria|Mago|Bárbaros|Príncipe|Mosquetera|Mini P.E.K.K.A|P.E.K.K.A|Ejército de Esqueletos,JUGADOR_2,Mosquetera,4,13,31,340,100,6,INDIVIDUAL,TROPAS_Y_ESTRUCTURAS,5
partida_3,83,TROPA_DESPLEGADA,JUGADOR_1,180,EstrategiaDefensiva,EstrategiaMenorCosto,0,1,Bárbaros|Ejército de Esqueletos|Mago|Valquiria,Príncipe|P.E.K.K.A|Mago|Valquiria,Mini P.E.K.K.A|Valquiria|Gigante|Ejército de Esqueletos|Príncipe|Mosquetera|Mago|Bárbaros,Valquiria|Mago|Bárbaros|Príncipe|Mosquetera|Mini P.E.K.K.A|P.E.K.K.A|Ejército de Esqueletos,JUGADOR_1,Príncipe,5,6,2,1100,220,1,INDIVIDUAL,TROPAS_Y_ESTRUCTURAS,5
partida_3,90,TROPA_DESPLEGADA,JUGADOR_1,180,EstrategiaDefensiva,EstrategiaMenorCosto,3,0,Bárbaros|Ejército de Esqueletos|Mago|Valquiria,Príncipe|P.E.K.K.A|Mago|Bárbaros,Mini P.E.K.K.A|Valquiria|Gigante|Ejército de Esqueletos|Príncipe|Mosquetera|Mago|Bárbaros,Valquiria|Mago|Bárbaros|Príncipe|Mosquetera|Mini P.E.K.K.A|P.E.K.K.A|Ejército de Esqueletos,JUGADOR_2,Valquiria,4,12,22,880,120,1,AREA,TROPAS_Y_ESTRUCTURAS,5
partida_3,99,TROPA_DESPLEGADA,JUGADOR_1,180,EstrategiaDefensiva,EstrategiaMenorCosto,2,3,Bárbaros|Ejército de Esqueletos|Mago|Mini P.E.K.K.A,Príncipe|P.E.K.K.A|Mago|Bárbaros,Mini P.E.K.K.A|Valquiria|Gigante|Ejército de Esqueletos|Príncipe|Mosquetera|Mago|Bárbaros,Valquiria|Mago|Bárbaros|Príncipe|Mosquetera|Mini P.E.K.K.A|P.E.K.K.A|Ejército de Esqueletos,JUGADOR_1,Valquiria,4,6,2,880,120,1,AREA,TROPAS_Y_ESTRUCTURAS,5
partida_3,105,TROPA_DESPLEGADA,JUGADOR_1,180,EstrategiaDefensiva,EstrategiaMenorCosto,4,0,Bárbaros|Ejército de Esqueletos|Mago|Mini P.E.K.K.A,P.E.K.K.A|Mago|Bárbaros|Ejército de Esqueletos,Mini P.E.K.K.A|Valquiria|Gigante|Ejército de Esqueletos|Príncipe|Mosquetera|Mago|Bárbaros,Valquiria|Mago|Bárbaros|Príncipe|Mosquetera|Mini P.E.K.K.A|P.E.K.K.A|Ejército de Esqueletos,JUGADOR_2,Príncipe,5,10,24,1100,220,1,INDIVIDUAL,TROPAS_Y_ESTRUCTURAS,5
partida_3,110,TROPA_DESPLEGADA,JUGADOR_1,180,EstrategiaDefensiva,EstrategiaMenorCosto,1,1,Bárbaros|Ejército de Esqueletos|Mago|Mosquetera,P.E.K.K.A|Mago|Bárbaros|Ejército de Esqueletos,Mini P.E.K.K.A|Valquiria|Gigante|Ejército de Esqueletos|Príncipe|Mosquetera|Mago|Bárbaros,Valquiria|Mago|Bárbaros|Príncipe|Mosquetera|Mini P.E.K.K.A|P.E.K.K.A|Ejército de Esqueletos,JUGADOR_1,Mini P.E.K.K.A,4,6,2,600,340,1,INDIVIDUAL,TROPAS_Y_ESTRUCTURAS,5
partida_3,114,TROPA_DESPLEGADA,JUGADOR_1,180,EstrategiaDefensiva,EstrategiaMenorCosto,3,0,Bárbaros|Ejército de Esqueletos|Mago|Mosquetera,P.E.K.K.A|Mago|Bárbaros|Mini P.E.K.K.A,Mini P.E.K.K.A|Valquiria|Gigante|Ejército de Esqueletos|Príncipe|Mosquetera|Mago|Bárbaros,Valquiria|Mago|Bárbaros|Príncipe|Mosquetera|Mini P.E.K.K.A|P.E.K.K.A|Ejército de Esqueletos,JUGADOR_2,Ejército de Esqueletos,3,3,28,51,51,1,INDIVIDUAL,TROPAS_Y_ESTRUCTURAS,5
partida_3,120,TROPA_DESPLEGADA,JUGADOR_1,180,EstrategiaDefensiva,EstrategiaMenorCosto,0,2,Bárbaros|Ejército de Esqueletos|Mosquetera|Gigante,P.E.K.K.A|Mago|Bárbaros|Mini P.E.K.K.A,Mini P.E.K.K.A|Valquiria|Gigante|Ejército de Esqueletos|Príncipe|Mosquetera|Mago|Bárbaros,Valquiria|Mago|Bárbaros|Príncipe|Mosquetera|Mini P.E.K.K.A|P.E.K.K.A|Ejército de Esqueletos,JUGADOR_1,Mago,5,6,2,340,130,5,AREA,TROPAS_Y_ESTRUCTURAS,5
partida_3,126,TROPA_DESPLEGADA,JUGADOR_1,180,EstrategiaDefensiva,EstrategiaMenorCosto,2,0,Bárbaros|Ejército de Esqueletos|Mosquetera|Gigante,P.E.K.K.A|Mago|Bárbaros|Mosquetera,Mini P.E.K.K.A|Valquiria|Gigante|Ejército de Esqueletos|Príncipe|Mosquetera|Mago|Bárbaros,Valquiria|Mago|Bárbaros|Príncipe|Mosquetera|Mini P.E.K.K.A|P.E.K.K.A|Ejército de Esqueletos,JUGADOR_2,Mini P.E.K.K.A,4,15,28,600,340,1,INDIVIDUAL,TROPAS_Y_ESTRUCTURAS,5
partida_3,136,TROPA_DESPLEGADA,JUGADOR_1,180,EstrategiaDefensiva,EstrategiaMenorCosto,0,3,Bárbaros|Ejército de Esqueletos|Mosquetera|Príncipe,P.E.K.K.A|Mago|Bárbaros|Mosquetera,Mini P.E.K.K.A|Valquiria|Gigante|Ejército de Esqueletos|Príncipe|Mosquetera|Mago|Bárbaros,Valquiria|Mago|Bárbaros|Príncipe|Mosquetera|Mini P.E.K.K.A|P.E.K.K.A|Ejército de Esqueletos,JUGADOR_1,Gigante,5,6,2,2000,120,1,INDIVIDUAL,ESTRUCTURAS,5
partida_3,138,TROPA_DESPLEGADA,JUGADOR_1,180,EstrategiaDefensiva,EstrategiaMenorCosto,1,0,Bárbaros|Ejército de Esqueletos|Mosquetera|Príncipe,P.E.K.K.A|Mago|Bárbaros|Valquiria,Mini P.E.K.K.A|Valquiria|Gigante|Ejército de Esqueletos|Príncipe|Mosquetera|Mago|Bárbaros,Valquiria|Mago|Bárbaros|Príncipe|Mosquetera|Mini P.E.K.K.A|P.E.K.K.A|Ejército de Esqueletos,JUGADOR_2,Mosquetera,4,2,31,340,100,6,INDIVIDUAL,TROPAS_Y_ESTRUCTURAS,5
partida_3,150,TROPA_DESPLEGADA,JUGADOR_1,180,EstrategiaDefensiva,EstrategiaMenorCosto,5,0,Bárbaros|Ejército de Esqueletos|Mosquetera|Príncipe,P.E.K.K.A|Mago|Bárbaros|Príncipe,Mini P.E.K.K.A|Valquiria|Gigante|Ejército de Esqueletos|Príncipe|Mosquetera|Mago|Bárbaros,Valquiria|Mago|Bárbaros|Príncipe|Mosquetera|Mini P.E.K.K.A|P.E.K.K.A|Ejército de Esqueletos,JUGADOR_2,Valquiria,4,1,22,880,120,1,AREA,TROPAS_Y_ESTRUCTURAS,5
partida_3,152,TROPA_DESPLEGADA,JUGADOR_1,180,EstrategiaDefensiva,EstrategiaMenorCosto,0,0,Bárbaros|Ejército de Esqueletos|Mosquetera|Valquiria,P.E.K.K.A|Mago|Bárbaros|Príncipe,Mini P.E.K.K.A|Valquiria|Gigante|Ejército de Esqueletos|Príncipe|Mosquetera|Mago|Bárbaros,Valquiria|Mago|Bárbaros|Príncipe|Mosquetera|Mini P.E.K.K.A|P.E.K.K.A|Ejército de Esqueletos,JUGADOR_1,Príncipe,5,6,2,1100,220,1,INDIVIDUAL,TROPAS_Y_ESTRUCTURAS,5
partida_3,165,TROPA_DESPLEGADA,JUGADOR_1,180,EstrategiaDefensiva,EstrategiaMenorCosto,1,5,Bárbaros|Ejército de Esqueletos|Mosquetera|Mini P.E.K.K.A,P.E.K.K.A|Mago|Bárbaros|Príncipe,Mini P.E.K.K.A|Valquiria|Gigante|Ejército de Esqueletos|Príncipe|Mosquetera|Mago|Bárbaros,Valquiria|Mago|Bárbaros|Príncipe|Mosquetera|Mini P.E.K.K.A|P.E.K.K.A|Ejército de Esqueletos,JUGADOR_1,Valquiria,4,6,2,880,120,1,AREA,TROPAS_Y_ESTRUCTURAS,5
partida_3,165,TROPA_DESPLEGADA,JUGADOR_1,180,EstrategiaDefensiva,EstrategiaMenorCosto,1,0,Bárbaros|Ejército de Esqueletos|Mosquetera|Mini P.E.K.K.A,P.E.K.K.A|Bárbaros|Príncipe|Ejército de Esqueletos,Mini P.E.K.K.A|Valquiria|Gigante|Ejército de Esqueletos|Príncipe|Mosquetera|Mago|Bárbaros,Valquiria|Mago|Bárbaros|Príncipe|Mosquetera|Mini P.E.K.K.A|P.E.K.K.A|Ejército de Esqueletos,JUGADOR_2,Mago,5,13,22,340,130,5,AREA,TROPAS_Y_ESTRUCTURAS,5
partida_3,174,TROPA_DESPLEGADA,JUGADOR_1,180,EstrategiaDefensiva,EstrategiaMenorCosto,4,0,Bárbaros|Ejército de Esqueletos|Mosquetera|Mini P.E.K.K.A,P.E.K.K.A|Bárbaros|Príncipe|Mini P.E.K.K.A,Mini P.E.K.K.A|Valquiria|Gigante|Ejército de Esqueletos|Príncipe|Mosquetera|Mago|Bárbaros,Valquiria|Mago|Bárbaros|Príncipe|Mosquetera|Mini P.E.K.K.A|P.E.K.K.A|Ejército de Esqueletos,JUGADOR_2,Ejército de Esqueletos,3,0,27,51,51,1,INDIVIDUAL,TROPAS_Y_ESTRUCTURAS,5
partida_3,177,TROPA_DESPLEGADA,JUGADOR_1,180,EstrategiaDefensiva,EstrategiaMenorCosto,1,1,Bárbaros|Ejército de Esqueletos|Mosquetera|Mago,P.E.K.K.A|Bárbaros|Príncipe|Mini P.E.K.K.A,Mini P.E.K.K.A|Valquiria|Gigante|Ejército de Esqueletos|Príncipe|Mosquetera|Mago|Bárbaros,Valquiria|Mago|Bárbaros|Príncipe|Mosquetera|Mini P.E.K.K.A|P.E.K.K.A|Ejército de Esqueletos,JUGADOR_1,Mini P.E.K.K.A,4,6,2,600,340,1,INDIVIDUAL,TROPAS_Y_ESTRUCTURAS,5
partida_3,180,PARTIDA_TERMINADA,JUGADOR_1,180,EstrategiaDefensiva,EstrategiaMenorCosto,2,2,Bárbaros|Ejército de Esqueletos|Mosquetera|Mago,P.E.K.K.A|Bárbaros|Príncipe|Mini P.E.K.K.A,Mini P.E.K.K.A|Valquiria|Gigante|Ejército de Esqueletos|Príncipe|Mosquetera|Mago|Bárbaros,Valquiria|Mago|Bárbaros|Príncipe|Mosquetera|Mini P.E.K.K.A|P.E.K.K.A|Ejército de Esqueletos,,,,,,,,,,,
partida_4,1,TROPA_DESPLEGADA,JUGADOR_1,180,EstrategiaDefensiva,EstrategiaDefensiva,0,5,Ejército de Esqueletos|Arqueras|Mago|Mago de Hielo,Valquiria|Ejército de Esqueletos|Bárbaros|Mago,P.E.K.K.A|Mago|Mago de Hielo|Gigante|Mini P.E.K.K.A|Príncipe|Ejército de Esqueletos|Arqueras,Caballero|Bárbaros|Ejército de Esqueletos|P.E.K.K.A|Mago de Hielo|Valquiria|Mago|Arqueras,JUGADOR_1,Gigante,5,6,2,2000,120,1,INDIVIDUAL,ESTRUCTURAS,5
partida_4,1,TROPA_DESPLEGADA,JUGADOR_1,180,EstrategiaDefensiva,EstrategiaDefensiva,0,1,Ejército de Esqueletos|Arqueras|Mago|Mago de Hielo,Ejército de Esqueletos|Bárbaros|Mago|Caballero,P.E.K.K.A|Mago|Mago de Hielo|Gigante|Mini P.E.K.K.A|Príncipe|Ejército de Esqueletos|Arqueras,Caballero|Bárbaros|Ejército de Esqueletos|P.E.K.K.A|Mago de Hielo|Valquiria|Mago|Arqueras,JUGADOR_2,Valquiria,4,6,28,880,120,1,AREA,TROPAS_Y_ESTRUCTURAS,5
partida_4,12,TROPA_DESPLEGADA,JUGADOR_1,180,EstrategiaDefensiva,EstrategiaDefensiva,4,2,Ejército de Esqueletos|Arqueras|Mago|Mago de Hielo,Ejército de Esqueletos|Bárbaros|Mago|P.E.K.K.A,P.E.K.K.A|Mago|Mago de Hielo|Gigante|Mini P.E.K.K.A|Príncipe|Ejército de Esqueletos|Arqueras,Caballero|Bárbaros|Ejército de Esqueletos|P.E.K.K.A|Mago de Hielo|Valquiria|Mago|Arqueras,JUGADOR_2,Caballero,3,6,28,660,75,1,INDIVIDUAL,TROPAS_Y_ESTRUCTURAS,5
partida_4,15,TROPA_DESPLEGADA,JUGADOR_1,180,EstrategiaDefensiva,EstrategiaDefensiva,2,3,Ejército de Esqueletos|Arqueras|Mago|Mini P.E.K.K.A,Ejército de Esqueletos|Bárbaros|Mago|P.E.K.K.A,P.E.K.K.A|Mago|Mago de Hielo|Gigante|Mini P.E.K.K.A|Príncipe|Ejército de Esqueletos|Arqueras,Caballero|Bárbaros|Ejército de Esqueletos|P.E.K.K.A|Mago de Hielo|Valquiria|Mago|Arqueras,JUGADOR_1,Mago de Hielo,3,6,2,590,63,5,AREA,TROPAS_Y_ESTRUCTURAS,5
partida_4,21,TROPA_DESPLEGADA,JUGADOR_1,180,EstrategiaDefensiva,EstrategiaDefensiva,4,0,Ejército de Esqueletos|Arqueras|Mago|Mini P.E.K.K.A,Ejército de Esqueletos|Bárbaros|P.E.K.K.A|Mago de Hielo,P.E.K.K.A|Mago|Mago de Hielo|Gigante|Mini P.E.K.K.A|Príncipe|Ejército de Esqueletos|Arqueras,Caballero|Bárbaros|Ejército de Esqueletos|P.E.K.K.A|Mago de Hielo|Valquiria|Mago|Arqueras,JUGADOR_2,Mago,5,6,28,340,130,5,AREA,TROPAS_Y_ESTRUCTURAS,5
partida_4,24,TROPA_DESPLEGADA,JUGADOR_1,180,EstrategiaDefensiva,EstrategiaDefensiva,1,1,Ejército de Esqueletos|Arqueras|Mago|Príncipe,Ejército de Esqueletos|Bárbaros|P.E.K.K.A|Mago de Hielo,P.E.K.K.A|Mago|Mago de Hielo|Gigante|Mini P.E.K.K.A|Príncipe|Ejército de Esqueletos|Arqueras,Caballero|Bárbaros|Ejército de Esqueletos|P.E.K.K.A|Mago de Hielo|Valquiria|Mago|Arqueras,JUGADOR_1,Mini P.E.K.K.A,4,6,2,600,340,1,INDIVIDUAL,TROPAS_Y_ESTRUCTURAS,5
partida_4,37,TROPA_DESPLEGADA,JUGADOR_1,180,EstrategiaDefensiva,EstrategiaDefensiva,0,5,Ejército de Esqueletos|Arqueras|Mago|P.E.K.K.A,Ejército de Esqueletos|Bárbaros|P.E.K.K.A|Mago de Hielo,P.E.K.K.A|Mago|Mago de Hielo|Gigante|Mini P.E.K.K.A|Príncipe|Ejército de Esqueletos|Arqueras,Caballero|Bárbaros|Ejército de Esqueletos|P.E.K.K.A|Mago de Hielo|Valquiria|Mago|Arqueras,JUGADOR_1,Príncipe,5,6,2,1100,220,1,INDIVIDUAL,TROPAS_Y_ESTRUCTURAS,5
partida_4,38,TROPA_DESPLEGADA,JUGADOR_1,180,EstrategiaDefensiva,EstrategiaDefensiva,0,2,Ejército de Esqueletos|Arqueras|Mago|P.E.K.K.A,Ejército de Esqueletos|Bárbaros|P.E.K.K.A|Arqueras,P.E.K.K.A|Mago|Mago de Hielo|Gigante|Mini P.E.K.K.A|Príncipe|Ejército de Esqueletos|Arqueras,Caballero|Bárbaros|Ejército de Esqueletos|P.E.K.K.A|Mago de Hielo|Valquiria|Mago|Arqueras,JUGADOR_2,Mago de Hielo,3,6,28,590,63,5,AREA,TROPAS_Y_ESTRUCTURAS,5
partida_4,46,TROPA_DESPLEGADA,JUGADOR_1,180,EstrategiaDefensiva,EstrategiaDefensiva,3,0,Ejército de Esqueletos|Arqueras|Mago|P.E.K.K.A,Ejército de Esqueletos|P.E.K.K.A|Arqueras|Valquiria,P.E.K.K.A|Mago|Mago de Hielo|Gigante|Mini P.E.K.K.A|Príncipe|Ejército de Esqueletos|Arqueras,Caballero|Bárbaros|Ejército de Esqueletos|P.E.K.K.A|Mago de Hielo|Valquiria|Mago|Arqueras,JUGADOR_2,Bárbaros,5,6,28,300,75,1,INDIVIDUAL,TROPAS_Y_ESTRUCTURAS,5
partida_4,51,TROPA_DESPLEGADA,JUGADOR_1,180,EstrategiaDefensiva,EstrategiaDefensiva,0,2,Ejército de Esqueletos|Arqueras|P.E.K.K.A|Gigante,Ejército de Esqueletos|P.E.K.K.A|Arqueras|Valquiria,P.E.K.K.A|Mago|Mago de Hielo|Gigante|Mini P.E.K.K.A|Príncipe|Ejército de Esqueletos|Arqueras,Caballero|Bárbaros|Ejército de Esqueletos|P.E.K.K.A|Mago de Hielo|Valquiria|Mago|Arqueras,JUGADOR_1,Mago,5,6,2,340,130,5,AREA,TROPAS_Y_ESTRUCTURAS,5
partida_4,60,TROPA_DESPLEGADA,JUGADOR_1,180,EstrategiaDefensiva,EstrategiaDefensiva,3,1,Ejército de Esqueletos|Arqueras|P.E.K.K.A|Gigante,Ejército de Esqueletos|P.E.K.K.A|Arqueras|Caballero,P.E.K.K.A|Mago|Mago de Hielo|Gigante|Mini P.E.K.K.A|Príncipe|Ejército de Esqueletos|Arqueras,Caballero|Bárbaros|Ejército de Esqueletos|P.E.K.K.A|Mago de Hielo|Valquiria|Mago|Arqueras,JUGADOR_2,Valquiria,4,6,28,880,120,1,AREA,TROPAS_Y_ESTRUCTURAS,5
partida_4,66,TROPA_DESPLEGADA,JUGADOR_1,180,EstrategiaDefensiva,EstrategiaDefensiva,0,3,Ejército de Esqueletos|Arqueras|P.E.K.K.A|Mago de Hielo,Ejército de Esqueletos|P.E.K.K.A|Arqueras|Caballero,P.E.K.K.A|Mago|Mago de Hielo|Gigante|Mini P.E.K.K.A|Príncipe|Ejército de Esqueletos|Arqueras,Caballero|Bárbaros|Ejército de Esqueletos|P.E.K.K.A|Mago de Hielo|Valquiria|Mago|Arqueras,JUGADOR_1,Gigante,5,6,2,2000,120,1,INDIVIDUAL,ESTRUCTURAS,5
partida_4,72,TROPA_DESPLEGADA,JUGADOR_1,180,EstrategiaDefensiva,EstrategiaDefensiva,2,2,Ejército de Esqueletos|Arqueras|P.E.K.K.A|Mago de Hielo,Ejército de Esqueletos|P.E.K.K.A|Arqueras|Mago,P.E.K.K.A|Mago|Mago de Hielo|Gigante|Mini P.E.K.K.A|Príncipe|Ejército de Esqueletos|Arqueras,Caballero|Bárbaros|Ejército de Esqueletos|P.E.K.K.A|Mago de Hielo|Valquiria|Mago|Arqueras,JUGADOR_2,Caballero,3,6,28,660,75,1,INDIVIDUAL,TROPAS_Y_ESTRUCTURAS,5
partida_4,81,TROPA_DESPLEGADA,JUGADOR_1,180,EstrategiaDefensiva,EstrategiaDefensiva,2,5,Ejército de Esqueletos|Arqueras|P.E.K.K.A|Mini P.E.K.K.A,Ejército de Esqueletos|P.E.K.K.A|Arqueras|Mago,P.E.K.K.A|Mago|Mago de Hielo|Gigante|Mini P.E.K.K.A|Príncipe|Ejército de Esqueletos|Arqueras,Caballero|Bárbaros|Ejército de Esqueletos|P.E.K.K.A|Mago de Hielo|Valquiria|Mago|Arqueras,JUGADOR_1,Mago de Hielo,3,6,2,590,63,5,AREA,TROPAS_Y_ESTRUCTURAS,5
partida_4,81,TROPA_DESPLEGADA,JUGADOR_1,180,EstrategiaDefensiva,EstrategiaDefensiva,2,0,Ejército de Esqueletos|Arqueras|P.E.K.K.A|Mini P.E.K.K.A,Ejército de Esqueletos|P.E.K.K.A|Arqueras|Mago de Hielo,P.E.K.K.A|Mago|Mago de Hielo|Gigante|Mini P.E.K.K.A|Príncipe|Ejército de Esqueletos|Arqueras,Caballero|Bárbaros|Ejército de Esqueletos|P.E.K.K.A|Mago de Hielo|Valquiria|Mago|Arqueras,JUGADOR_2,Mago,5,6,28,340,130,5,AREA,TROPAS_Y_ESTRUCTURAS,5
partida_4,90,TROPA_DESPLEGADA,JUGADOR_1,180,EstrategiaDefensiva,EstrategiaDefensiva,1,3,Ejército de Esqueletos|Arqueras|P.E.K.K.A|Príncipe,Ejército de Esqueletos|P.E.K.K.A|Arqueras|Mago de Hielo,P.E.K.K.A|Mago|Mago de Hielo|Gigante|Mini P.E.K.K.A|Príncipe|Ejército de Esqueletos|Arqueras,Caballero|Bárbaros|Ejército de Esqueletos|P.E.K.K.A|Mago de Hielo|Valquiria|Mago|Arqueras,JUGADOR_1,Mini P.E.K.K.A,4,6,2,600,340,1,INDIVIDUAL,TROPAS_Y_ESTRUCTURAS,5
partida_4,97,TROPA_DESPLEGADA,JUGADOR_1,180,EstrategiaDefensiva,EstrategiaDefensiva,3,2,Ejército de Esqueletos|Arqueras|P.E.K.K.A|Príncipe,Ejército de Esqueletos|P.E.K.K.A|Arqueras|Bárbaros,P.E.K.K.A|Mago|Mago de Hielo|Gigante|Mini P.E.K.K.A|Príncipe|Ejército de Esqueletos|Arqueras,Caballero|Bárbaros|Ejército de Esqueletos|P.E.K.K.A|Mago de Hielo|Valquiria|Mago|Arqueras,JUGADOR_2,Mago de Hielo,3,6,28,590,63,5,AREA,TROPAS_Y_ESTRUCTURAS,5
partida_4,103,TROPA_DESPLEGADA,JUGADOR_1,180,EstrategiaDefensiva,EstrategiaDefensiva,0,4,Ejército de Esqueletos|Arqueras|P.E.K.K.A|Mago,Ejército de Esqueletos|P.E.K.K.A|Arqueras|Bárbaros,P.E.K.K.A|Mago|Mago de Hielo|Gigante|Mini P.E.K.K.A|Príncipe|Ejército de Esqueletos|Arqueras,Caballero|Bárbaros|Ejército de Esqueletos|P.E.K.K.A|Mago de Hielo|Valquiria|Mago|Arqueras,JUGADOR_1,Príncipe,5,6,2,1100,220,1,INDIVIDUAL,TROPAS_Y_ESTRUCTURAS,5
partida_4,105,TROPA_DESPLEGADA,JUGADOR_1,180,EstrategiaDefensiva,EstrategiaDefensiva,1,0,Ejército de Esqueletos|Arqueras|P.E.K.K.A|Mago,Ejército de Esqueletos|P.E.K.K.A|Arqueras|Valquiria,P.E.K.K.A|Mago|Mago de Hielo|Gigante|Mini P.E.K.K.A|Príncipe|Ejército de Esqueletos|Arqueras,Caballero|Bárbaros|Ejército de Esqueletos|P.E.K.K.A|Mago de Hielo|Valquiria|Mago|Arqueras,JUGADOR_2,Bárbaros,5,6,28,300,75,1,INDIVIDUAL,TROPAS_Y_ESTRUCTURAS,5
partida_4,117,TROPA_DESPLEGADA,JUGADOR_1,180,EstrategiaDefensiva,EstrategiaDefensiva,0,4,Ejército de Esqueletos|Arqueras|P.E.K.K.A|Gigante,Ejército de Esqueletos|P.E.K.K.A|Arqueras|Valquiria,P.E.K.K.A|Mago|Mago de Hielo|Gigante|Mini P.E.K.K.A|Príncipe|Ejército de Esqueletos|Arqueras,Caballero|Bárbaros|Ejército de Esqueletos|P.E.K.K.A|Mago de Hielo|Valquiria|Mago|Arqueras,JUGADOR_1,Mago,5,6,2,340,130,5,AREA,TROPAS_Y_ESTRUCTURAS,5
partida_4,121,TROPA_DESPLEGADA,JUGADOR_1,180,EstrategiaDefensiva,EstrategiaDefensiva,1,1,Ejército de Esqueletos|Arqueras|P.E.K.K.A|Gigante,Ejército de Esqueletos|P.E.K.K.A|Arqueras|Caballero,P.E.K.K.A|Mago|Mago de Hielo|Gigante|Mini P.E.K.K.A|Príncipe|Ejército de Esqueletos|Arqueras,Caballero|Bárbaros|Ejército de Esqueletos|P.E.K.K.A|Mago de Hielo|Valquiria|Mago|Arqueras,JUGADOR_2,Valquiria,4,6,28,880,120,1,AREA,TROPAS_Y_ESTRUCTURAS,5
partida_4,132,TROPA_DESPLEGADA,JUGADOR_1,180,EstrategiaDefensiva,EstrategiaDefensiva,0,5,Ejército de Esqueletos|Arqueras|P.E.K.K.A|Mago de Hielo,Ejército de Esqueletos|P.E.K.K.A|Arqueras|Caballero,P.E.K.K.A|Mago|Mago de Hielo|Gigante|Mini P.E.K.K.A|Príncipe|Ejército de Esqueletos|Arqueras,Caballero|Bárbaros|Ejército de Esqueletos|P.E.K.K.A|Mago de Hielo|Valquiria|Mago|Arqueras,JUGADOR_1,Gigante,5,6,2,2000,120,1,INDIVIDUAL,ESTRUCTURAS,5
partida_4,133,TROPA_DESPLEGADA,JUGADOR_1,180,EstrategiaDefensiva,EstrategiaDefensiva,0,2,Ejército de Esqueletos|Arqueras|P.E.K.K.A|Mago de Hielo,Ejército de Esqueletos|P.E.K.K.A|Arqueras|Mago,P.E.K.K.A|Mago|Mago de Hielo|Gigante|Mini P.E.K.K.A|Príncipe|Ejército de Esqueletos|Arqueras,Caballero|Bárbaros|Ejército de Esqueletos|P.E.K.K.A|Mago de Hielo|Valquiria|Mago|Arqueras,JUGADOR_2,Caballero,3,6,28,660,75,1,INDIVIDUAL,TROPAS_Y_ESTRUCTURAS,5
partida_4,141,TROPA_DESPLEGADA,JUGADOR_1,180,EstrategiaDefensiva,EstrategiaDefensiva,3,0,Ejército de Esqueletos|Arqueras|P.E.K.K.A|Mago de Hielo,Ejército de Esqueletos|P.E.K.K.A|Arqueras|Mago de Hielo,P.E.K.K.A|Mago|Mago de Hielo|Gigante|Mini P.E.K.K.A|Príncipe|Ejército de Esqueletos|Arqueras,Caballero|Bárbaros|Ejército de Esqueletos|P.E.K.K.A|Mago de Hielo|Valquiria|Mago|Arqueras,JUGADOR_2,Mago,5,6,28,340,130,5,AREA,TROPAS_Y_ESTRUCTURAS,5
partida_4,148,TROPA_DESPLEGADA,JUGADOR_1,180,EstrategiaDefensiva,EstrategiaDefensiva,2,2,Ejército de Esqueletos|Arqueras|P.E.K.K.A|Mini P.E.K.K.A,Ejército de Esqueletos|P.E.K.K.A|Arqueras|Mago de Hielo,P.E.K.K.A|Mago|Mago de Hielo|Gigante|Mini P.E.K.K.A|Príncipe|Ejército de Esqueletos|Arqueras,Caballero|Bárbaros|Ejército de Esqueletos|P.E.K.K.A|Mago de Hielo|Valquiria|Mago|Arqueras,JUGADOR_1,Mago de Hielo,3,6,2,590,63,5,AREA,TROPAS_Y_ESTRUCTURAS,5
partida_4,156,TROPA_DESPLEGADA,JUGADOR_1,180,EstrategiaDefensiva,EstrategiaDefensiva,1,5,Ejército de Esqueletos|Arqueras|P.E.K.K.A|Príncipe,Ejército de Esqueletos|P.E.K.K.A|Arqueras|Mago de Hielo,P.E.K.K.A|Mago|Mago de Hielo|Gigante|Mini P.E.K.K.A|Príncipe|Ejército de Esqueletos|Arqueras,Caballero|Bárbaros|Ejército de Esqueletos|P.E.K.K.A|Mago de Hielo|Valquiria|Mago|Arqueras,JUGADOR_1,Mini P.E.K.K.A,4,6,2,600,340,1,INDIVIDUAL,TROPAS_Y_ESTRUCTURAS,5
partida_4,158,TROPA_DESPLEGADA,JUGADOR_1,180,EstrategiaDefensiva,EstrategiaDefensiva,1,2,Ejército de Esqueletos|Arqueras|P.E.K.K.A|Príncipe,Ejército de Esqueletos|P.E.K.K.A|Arqueras|Bárbaros,P.E.K.K.A|Mago|Mago de Hielo|Gigante|Mini P.E.K.K.A|Príncipe|Ejército de Esqueletos|Arqueras,Caballero|Bárbaros|Ejército de Esqueletos|P.E.K.K.A|Mago de Hielo|Valquiria|Mago|Arqueras,JUGADOR_2,Mago de Hielo,3,6,28,590,63,5,AREA,TROPAS_Y_ESTRUCTURAS,5
partida_4,166,TROPA_DESPLEGADA,JUGADOR_1,180,EstrategiaDefensiva,EstrategiaDefensiva,4,0,Ejército de Esqueletos|Arqueras|P.E.K.K.A|Príncipe,Ejército de Esqueletos|P.E.K.K.A|Arqueras|Valquiria,P.E.K.K.A|Mago|Mago de Hielo|Gigante|Mini P.E.K.K.A|Príncipe|Ejército de Esqueletos|Arqueras,Caballero|Bárbaros|Ejército de Esqueletos|P.E.K.K.A|Mago de Hielo|Valquiria|Mago|Arqueras,JUGADOR_2,Bárbaros,5,6,28,300,75,1,INDIVIDUAL,TROPAS_Y_ESTRUCTURAS,5
partida_4,172,TROPA_DESPLEGADA,JUGADOR_1,180,EstrategiaDefensiva,EstrategiaDefensiva,1,2,Ejército de Esqueletos|Arqueras|P.E.K.K.A|Mago,Ejército de Esqueletos|P.E.K.K.A|Arqueras|Valquiria,P.E.K.K.A|Mago|Mago de Hielo|Gigante|Mini P.E.K.K.A|Príncipe|Ejército de Esqueletos|Arqueras,Caballero|Bárbaros|Ejército de Esqueletos|P.E.K.K.A|Mago de Hielo|Valquiria|Mago|Arqueras,JUGADOR_1,Príncipe,5,6,2,1100,220,1,INDIVIDUAL,TROPAS_Y_ESTRUCTURAS,5
partida_4,180,TROPA_DESPLEGADA,JUGADOR_1,180,EstrategiaDefensiva,EstrategiaDefensiva,4,1,Ejército de Esqueletos|Arqueras|P.E.K.K.A|Mago,Ejército de Esqueletos|P.E.K.K.A|Arqueras|Caballero,P.E.K.K.A|Mago|Mago de Hielo|Gigante|Mini P.E.K.K.A|Príncipe|Ejército de Esqueletos|Arqueras,Caballero|Bárbaros|Ejército de Esqueletos|P.E.K.K.A|Mago de Hielo|Valquiria|Mago|Arqueras,JUGADOR_2,Valquiria,4,6,28,880,120,1,AREA,TROPAS_Y_ESTRUCTURAS,5
partida_4,180,PARTIDA_TERMINADA,JUGADOR_1,180,EstrategiaDefensiva,EstrategiaDefensiva,4,1,Ejército de Esqueletos|Arqueras|P.E.K.K.A|Mago,Ejército de Esqueletos|P.E.K.K.A|Arqueras|Caballero,P.E.K.K.A|Mago|Mago de Hielo|Gigante|Mini P.E.K.K.A|Príncipe|Ejército de Esqueletos|Arqueras,Caballero|Bárbaros|Ejército de Esqueletos|P.E.K.K.A|Mago de Hielo|Valquiria|Mago|Arqueras,,,,,,,,,,,
partida_5,1,TROPA_DESPLEGADA,JUGADOR_2,180,EstrategiaMenorCosto,EstrategiaMenorCosto,2,5,Bárbaros|Caballero|Mago|Mini P.E.K.K.A,Ejército de Esqueletos|Mosquetera|Caballero|Príncipe,Príncipe|Caballero|Bárbaros|Valquiria|Mago de Hielo|Mago|Mini P.E.K.K.A|Gigante,Gigante|Caballero|Valquiria|Ejército de Esqueletos|Mini P.E.K.K.A|Mago|Mosquetera|Príncipe,JUGADOR_1,Mago de Hielo,3,0,9,590,63,5,AREA,TROPAS_Y_ESTRUCTURAS,5
partida_5,1,TROPA_DESPLEGADA,JUGADOR_2,180,EstrategiaMenorCosto,EstrategiaMenorCosto,2,2,Bárbaros|Caballero|Mago|Mini P.E.K.K.A,Mosquetera|Caballero|Príncipe|Mini P.E.K.K.A,Príncipe|Caballero|Bárbaros|Valquiria|Mago de Hielo|Mago|Mini P.E.K.K.A|Gigante,Gigante|Caballero|Valquiria|Ejército de Esqueletos|Mini P.E.K.K.A|Mago|Mosquetera|Príncipe,JUGADOR_2,Ejército de Esqueletos,3,14,18,51,51,1,INDIVIDUAL,TROPAS_Y_ESTRUCTURAS,5
partida_5,3,TROPA_DESPLEGADA,JUGADOR_2,180,EstrategiaMenorCosto,EstrategiaMenorCosto,0,3,Bárbaros|Mago|Mini P.E.K.K.A|Valquiria,Mosquetera|Caballero|Príncipe|Mini P.E.K.K.A,Príncipe|Caballero|Bárbaros|Valquiria|Mago de Hielo|Mago|Mini P.E.K.K.A|Gigante,Gigante|Caballero|Valquiria|Ejército de Esqueletos|Mini P.E.K.K.A|Mago|Mosquetera|Príncipe,JUGADOR_1,Caballero,3,7,0,660,75,1,INDIVIDUAL,TROPAS_Y_ESTRUCTURAS,5
partida_5,3,TROPA_DESPLEGADA,JUGADOR_2,180,EstrategiaMenorCosto,EstrategiaMenorCosto,0,0,Bárbaros|Mago|Mini P.E.K.K.A|Valquiria,Mosquetera|Príncipe|Mini P.E.K.K.A|Mago,Príncipe|Caballero|Bárbaros|Valquiria|Mago de Hielo|Mago|Mini P.E.K.K.A|Gigante,Gigante|Caballero|Valquiria|Ejército de Esqueletos|Mini P.E.K.K.A|Mago|Mosquetera|Príncipe,JUGADOR_2,Caballero,3,4,18,660,75,1,INDIVIDUAL,TROPAS_Y_ESTRUCTURAS,5
partida_5,15,TROPA_DESPLEGADA,JUGADOR_2,180,EstrategiaMenorCosto,EstrategiaMenorCosto,0,4,Bárbaros|Mago|Valquiria|Gigante,Mosquetera|Príncipe|Mini P.E.K.K.A|Mago,Príncipe|Caballero|Bárbaros|Valquiria|Mago de Hielo|Mago|Mini P.E.K.K.A|Gigante,Gigante|Caballero|Valquiria|Ejército de Esqueletos|Mini P.E.K.K.A|Mago|Mosquetera|Príncipe,JUGADOR_1,Mini P.E.K.K.A,4,8,13,600,340,1,INDIVIDUAL,TROPAS_Y_ESTRUCTURAS,5
partida_5,15,TROPA_DESPLEGADA,JUGADOR_2,180,EstrategiaMenorCosto,EstrategiaMenorCosto,0,0,Bárbaros|Mago|Valquiria|Gigante,Príncipe|Mini P.E.K.K.A|Mago|Gigante,Príncipe|Caballero|Bárbaros|Valquiria|Mago de Hielo|Mago|Mini P.E.K.K.A|Gigante,Gigante|Caballero|Valquiria|Ejército de Esqueletos|Mini P.E.K.K.A|Mago|Mosquetera|Príncipe,JUGADOR_2,Mosquetera,4,9,19,340,100,6,INDIVIDUAL,TROPAS_Y_ESTRUCTURAS,5
partida_5,27,TROPA_DESPLEGADA,JUGADOR_2,180,EstrategiaMenorCosto,EstrategiaMenorCosto,0,4,Bárbaros|Mago|Gigante|Príncipe,Príncipe|Mini P.E.K.K.A|Mago|Gigante,Príncipe|Caballero|Bárbaros|Valquiria|Mago de Hielo|Mago|Mini P.E.K.K.A|Gigante,Gigante|Caballero|Valquiria|Ejército de Esqueletos|Mini P.E.K.K.A|Mago|Mosquetera|Príncipe,JUGADOR_1,Valquiria,4,10,9,880,120,1,AREA,TROPAS_Y_ESTRUCTURAS,5
partida_5,28,TROPA_DESPLEGADA,JUGADOR_2,180,EstrategiaMenorCosto,EstrategiaMenorCosto,0,0,Bárbaros|Mago|Gigante|Príncipe,Príncipe|Mago|Gigante|Valquiria,Príncipe|Caballero|Bárbaros|Valquiria|Mago de Hielo|Mago|Mini P.E.K.K.A|Gigante,Gigante|Caballero|Valquiria|Ejército de Esqueletos|Mini P.E.K.K.A|Mago|Mosquetera|Príncipe,JUGADOR_2,Mini P.E.K.K.A,4,16,25,600,340,1,INDIVIDUAL,TROPAS_Y_ESTRUCTURAS,5
partida_5,39,TROPA_DESPLEGADA,JUGADOR_2,180,EstrategiaMenorCosto,EstrategiaMenorCosto,4,0,Bárbaros|Mago|Gigante|Príncipe,Príncipe|Mago|Gigante|Ejército de Esqueletos,Príncipe|Caballero|Bárbaros|Valquiria|Mago de Hielo|Mago|Mini P.E.K.K.A|Gigante,Gigante|Caballero|Valquiria|Ejército de Esqueletos|Mini P.E.K.K.A|Mago|Mosquetera|Príncipe,JUGADOR_2,Valquiria,4,12,21,880,120,1,AREA,TROPAS_Y_ESTRUCTURAS,5
partida_5,42,TROPA_DESPLEGADA,JUGADOR_2,180,EstrategiaMenorCosto,EstrategiaMenorCosto,0,1,Mago|Gigante|Príncipe|Mago de Hielo,Príncipe|Mago|Gigante|Ejército de Esqueletos,Príncipe|Caballero|Bárbaros|Valquiria|Mago de Hielo|Mago|Mini P.E.K.K.A|Gigante,Gigante|Caballero|Valquiria|Ejército de Esqueletos|Mini P.E.K.K.A|Mago|Mosquetera|Príncipe,JUGADOR_1,Bárbaros,5,14,0,300,75,1,INDIVIDUAL,TROPAS_Y_ESTRUCTURAS,5
partida_5,50,TROPA_DESPLEGADA,JUGADOR_2,180,EstrategiaMenorCosto,EstrategiaMenorCosto,2,0,Mago|Gigante|Príncipe|Mago de Hielo,Príncipe|Mago|Gigante|Caballero,Príncipe|Caballero|Bárbaros|Valquiria|Mago de Hielo|Mago|Mini P.E.K.K.A|Gigante,Gigante|Caballero|Valquiria|Ejército de Esqueletos|Mini P.E.K.K.A|Mago|Mosquetera|Príncipe,JUGADOR_2,Ejército de Esqueletos,3,10,24,51,51,1,INDIVIDUAL,TROPAS_Y_ESTRUCTURAS,5
partida_5,52,TROPA_DESPLEGADA,JUGADOR_2,180,EstrategiaMenorCosto,EstrategiaMenorCosto,0,1,Mago|Gigante|Príncipe|Caballero,Príncipe|Mago|Gigante|Caballero,Príncipe|Caballero|Bárbaros|Valquiria|Mago de Hielo|Mago|Mini P.E.K.K.A|Gigante,Gigante|Caballero|Valquiria|Ejército de Esqueletos|Mini P.E.K.K.A|Mago|Mosquetera|Príncipe,JUGADOR_1,Mago de Hielo,3,1,6,590,63,5,AREA,TROPAS_Y_ESTRUCTURAS,5
partida_5,59,TROPA_DESPLEGADA,JUGADOR_2,180,EstrategiaMenorCosto,EstrategiaMenorCosto,2,0,Mago|Gigante|Príncipe|Caballero,Príncipe|Mago|Gigante|Mosquetera,Príncipe|Caballero|Bárbaros|Valquiria|Mago de Hielo|Mago|Mini P.E.K.K.A|Gigante,Gigante|Caballero|Valquiria|Ejército de Esqueletos|Mini P.E.K.K.A|Mago|Mosquetera|Príncipe,JUGADOR_2,Caballero,3,5,29,660,75,1,INDIVIDUAL,TROPAS_Y_ESTRUCTURAS,5
partida_5,60,TROPA_DESPLEGADA,JUGADOR_2,180,EstrategiaMenorCosto,EstrategiaMenorCosto,0,1,Mago|Gigante|Príncipe|Mini P.E.K.K.A,Príncipe|Mago|Gigante|Mosquetera,Príncipe|Caballero|Bárbaros|Valquiria|Mago de Hielo|Mago|Mini P.E.K.K.A|Gigante,Gigante|Caballero|Valquiria|Ejército de Esqueletos|Mini P.E.K.K.A|Mago|Mosquetera|Príncipe,JUGADOR_1,Caballero,3,11,8,660,75,1,INDIVIDUAL,TROPAS_Y_ESTRUCTURAS,5
partida_5,70,TROPA_DESPLEGADA,JUGADOR_2,180,EstrategiaMenorCosto,EstrategiaMenorCosto,3,0,Mago|Gigante|Príncipe|Mini P.E.K.K.A,Príncipe|Mago|Gigante|Mini P.E.K.K.A,Príncipe|Caballero|Bárbaros|Valquiria|Mago de Hielo|Mago|Mini P.E.K.K.A|Gigante,Gigante|Caballero|Valquiria|Ejército de Esqueletos|Mini P.E.K.K.A|Mago|Mosquetera|Príncipe,JUGADOR_2,Mosquetera,4,13,28,340,100,6,INDIVIDUAL,TROPAS_Y_ESTRUCTURAS,5
partida_5,72,TROPA_DESPLEGADA,JUGADOR_2,180,EstrategiaMenorCosto,EstrategiaMenorCosto,0,1,Mago|Gigante|Príncipe|Valquiria,Príncipe|Mago|Gigante|Mini P.E.K.K.A,Príncipe|Caballero|Bárbaros|Valquiria|Mago de Hielo|Mago|Mini P.E.K.K.A|Gigante,Gigante|Caballero|Valquiria|Ejército de Esqueletos|Mini P.E.K.K.A|Mago|Mosquetera|Príncipe,JUGADOR_1,Mini P.E.K.K.A,4,7,0,600,340,1,INDIVIDUAL,TROPAS_Y_ESTRUCTURAS,5
partida_5,81,TROPA_DESPLEGADA,JUGADOR_2,180,EstrategiaMenorCosto,EstrategiaMenorCosto,3,0,Mago|Gigante|Príncipe|Valquiria,Príncipe|Mago|Gigante|Valquiria,Príncipe|Caballero|Bárbaros|Valquiria|Mago de Hielo|Mago|Mini P.E.K.K.A|Gigante,Gigante|Caballero|Valquiria|Ejército de Esqueletos|Mini P.E.K.K.A|Mago|Mosquetera|Príncipe,JUGADOR_2,Mini P.E.K.K.A,4,2,19,600,340,1,INDIVIDUAL,TROPAS_Y_ESTRUCTURAS,5
partida_5,84,TROPA_DESPLEGADA,JUGADOR_2,180,EstrategiaMenorCosto,EstrategiaMenorCosto,0,1,Mago|Gigante|Príncipe|Bárbaros,Príncipe|Mago|Gigante|Valquiria,Príncipe|Caballero|Bárbaros|Valquiria|Mago de Hielo|Mago|Mini P.E.K.K.A|Gigante,Gigante|Caballero|Valquiria|Ejército de Esqueletos|Mini P.E.K.K.A|Mago|Mosquetera|Príncipe,JUGADOR_1,Valquiria,4,8,0,880,120,1,AREA,TROPAS_Y_ESTRUCTURAS,5
partida_5,93,TROPA_DESPLEGADA,JUGADOR_2,180,EstrategiaMenorCosto,EstrategiaMenorCosto,3,0,Mago|Gigante|Príncipe|Bárbaros,Príncipe|Mago|Gigante|Ejército de Esqueletos,Príncipe|Caballero|Bárbaros|Valquiria|Mago de Hielo|Mago|Mini P.E.K.K.A|Gigante,Gigante|Caballero|Valquiria|Ejército de Esqueletos|Mini P.E.K.K.A|Mago|Mosquetera|Príncipe,JUGADOR_2,Valquiria,4,14,27,880,120,1,AREA,TROPAS_Y_ESTRUCTURAS,5
partida_5,99,TROPA_DESPLEGADA,JUGADOR_2,180,EstrategiaMenorCosto,EstrategiaMenorCosto,0,2,Gigante|Príncipe|Bárbaros|Mago de Hielo,Príncipe|Mago|Gigante|Ejército de Esqueletos,Príncipe|Caballero|Bárbaros|Valquiria|Mago de Hielo|Mago|Mini P.E.K.K.A|Gigante,Gigante|Caballero|Valquiria|Ejército de Esqueletos|Mini P.E.K.K.A|Mago|Mosquetera|Príncipe,JUGADOR_1,Mago,5,1,6,340,130,5,AREA,TROPAS_Y_ESTRUCTURAS,5
partida_5,104,TROPA_DESPLEGADA,JUGADOR_2,180,EstrategiaMenorCosto,EstrategiaMenorCosto,1,0,Gigante|Príncipe|Bárbaros|Mago de Hielo,Príncipe|Mago|Gigante|Caballero,Príncipe|Caballero|Bárbaros|Valquiria|Mago de Hielo|Mago|Mini P.E.K.K.A|Gigante,Gigante|Caballero|Valquiria|Ejército de Esqueletos|Mini P.E.K.K.A|Mago|Mosquetera|Príncipe,JUGADOR_2,Ejército de Esqueletos,3,2,17,51,51,1,INDIVIDUAL,TROPAS_Y_ESTRUCTURAS,5
partida_5,108,TROPA_DESPLEGADA,JUGADOR_2,180,EstrategiaMenorCosto,EstrategiaMenorCosto,0,2,Gigante|Príncipe|Bárbaros|Caballero,Príncipe|Mago|Gigante|Caballero,Príncipe|Caballero|Bárbaros|Valquiria|Mago de Hielo|Mago|Mini P.E.K.K.A|Gigante,Gigante|Caballero|Valquiria|Ejército de Esqueletos|Mini P.E.K.K.A|Mago|Mosquetera|Príncipe,JUGADOR_1,Mago de Hielo,3,14,1,590,63,5,AREA,TROPAS_Y_ESTRUCTURAS,5
partida_5,112,TROPA_DESPLEGADA,JUGADOR_2,180,EstrategiaMenorCosto,EstrategiaMenorCosto,1,0,Gigante|Príncipe|Bárbaros|Caballero,Príncipe|Mago|Gigante|Mosquetera,Príncipe|Caballero|Bárbaros|Valquiria|Mago de Hielo|Mago|Mini P.E.K.K.A|Gigante,Gigante|Caballero|Valquiria|Ejército de Esqueletos|Mini P.E.K.K.A|Mago|Mosquetera|Príncipe,JUGADOR_2,Caballero,3,0,13,660,75,1,INDIVIDUAL,TROPAS_Y_ESTRUCTURAS,5
partida_5,118,TROPA_DESPLEGADA,JUGADOR_2,180,EstrategiaMenorCosto,EstrategiaMenorCosto,0,2,Gigante|Príncipe|Bárbaros|Mini P.E.K.K.A,Príncipe|Mago|Gigante|Mosquetera,Príncipe|Caballero|Bárbaros|Valquiria|Mago de Hielo|Mago|Mini P.E.K.K.A|Gigante,Gigante|Caballero|Valquiria|Ejército de Esqueletos|Mini P.E.K.K.A|Mago|Mosquetera|Príncipe,JUGADOR_1,Caballero,3,15,8,660,75,1,INDIVIDUAL,TROPAS_Y_ESTRUCTURAS,5
partida_5,123,TROPA_DESPLEGADA,JUGADOR_2,180,EstrategiaMenorCosto,EstrategiaMenorCosto,2,0,Gigante|Príncipe|Bárbaros|Mini P.E.K.K.A,Príncipe|Mago|Gigante|Mini P.E.K.K.A,Príncipe|Caballero|Bárbaros|Valquiria|Mago de Hielo|Mago|Mini P.E.K.K.A|Gigante,Gigante|Caballero|Valquiria|Ejército de Esqueletos|Mini P.E.K.K.A|Mago|Mosquetera|Príncipe,JUGADOR_2,Mosquetera,4,8,14,340,100,6,INDIVIDUAL,TROPAS_Y_ESTRUCTURAS,5
partida_5,129,TROPA_DESPLEGADA,JUGADOR_2,180,EstrategiaMenorCosto,EstrategiaMenorCosto,0,2,Gigante|Príncipe|Bárbaros|Valquiria,Príncipe|Mago|Gigante|Mini P.E.K.K.A,Príncipe|Caballero|Bárbaros|Valquiria|Mago de Hielo|Mago|Mini P.E.K.K.A|Gigante,Gigante|Caballero|Valquiria|Ejército de Esqueletos|Mini P.E.K.K.A|Mago|Mosquetera|Príncipe,JUGADOR_1,Mini P.E.K.K.A,4,11,3,600,340,1,INDIVIDUAL,TROPAS_Y_ESTRUCTURAS,5
partida_5,135,TROPA_DESPLEGADA,JUGADOR_2,180,EstrategiaMenorCosto,EstrategiaMenorCosto,2,0,Gigante|Príncipe|Bárbaros|Valquiria,Príncipe|Mago|Gigante|Valquiria,Príncipe|Caballero|Bárbaros|Valquiria|Mago de Hielo|Mago|Mini P.E.K.K.A|Gigante,Gigante|Caballero|Valquiria|Ejército de Esqueletos|Mini P.E.K.K.A|Mago|Mosquetera|Príncipe,JUGADOR_2,Mini P.E.K.K.A,4,14,20,600,340,1,INDIVIDUAL,TROPAS_Y_ESTRUCTURAS,5
partida_5,141,TROPA_DESPLEGADA,JUGADOR_2,180,EstrategiaMenorCosto,EstrategiaMenorCosto,0,2,Gigante|Príncipe|Bárbaros|Mago,Príncipe|Mago|Gigante|Valquiria,Príncipe|Caballero|Bárbaros|Valquiria|Mago de Hielo|Mago|Mini P.E.K.K.A|Gigante,Gigante|Caballero|Valquiria|Ejército de Esqueletos|Mini P.E.K.K.A|Mago|Mosquetera|Príncipe,JUGADOR_1,Valquiria,4,16,0,880,120,1,AREA,TROPAS_Y_ESTRUCTURAS,5
partida_5,147,TROPA_DESPLEGADA,JUGADOR_2,180,EstrategiaMenorCosto,EstrategiaMenorCosto,2,0,Gigante|Príncipe|Bárbaros|Mago,Príncipe|Mago|Gigante|Ejército de Esqueletos,Príncipe|Caballero|Bárbaros|Valquiria|Mago de Hielo|Mago|Mini P.E.K.K.A|Gigante,Gigante|Caballero|Valquiria|Ejército de Esqueletos|Mini P.E.K.K.A|Mago|Mosquetera|Príncipe,JUGADOR_2,Valquiria,4,0,29,880,120,1,AREA,TROPAS_Y_ESTRUCTURAS,5
partida_5,156,TROPA_DESPLEGADA,JUGADOR_2,180,EstrategiaMenorCosto,EstrategiaMenorCosto,0,3,Príncipe|Bárbaros|Mago|Mago de Hielo,Príncipe|Mago|Gigante|Ejército de Esqueletos,Príncipe|Caballero|Bárbaros|Valquiria|Mago de Hielo|Mago|Mini P.E.K.K.A|Gigante,Gigante|Caballero|Valquiria|Ejército de Esqueletos|Mini P.E.K.K.A|Mago|Mosquetera|Príncipe,JUGADOR_1,Gigante,5,11,7,2000,120,1,INDIVIDUAL,ESTRUCTURAS,5
partida_5,156,TROPA_DESPLEGADA,JUGADOR_2,180,EstrategiaMenorCosto,EstrategiaMenorCosto,0,0,Príncipe|Bárbaros|Mago|Mago de Hielo,Príncipe|Mago|Gigante|Caballero,Príncipe|Caballero|Bárbaros|Valquiria|Mago de Hielo|Mago|Mini P.E.K.K.A|Gigante,Gigante|Caballero|Valquiria|Ejército de Esqueletos|Mini P.E.K.K.A|Mago|Mosquetera|Príncipe,JUGADOR_2,Ejército de Esqueletos,3,16,28,51,51,1,INDIVIDUAL,TROPAS_Y_ESTRUCTURAS,5
partida_5,165,TROPA_DESPLEGADA,JUGADOR_2,180,EstrategiaMenorCosto,EstrategiaMenorCosto,0,3,Príncipe|Bárbaros|Mago|Caballero,Príncipe|Mago|Gigante|Caballero,Príncipe|Caballero|Bárbaros|Valquiria|Mago de Hielo|Mago|Mini P.E.K.K.A|Gigante,Gigante|Caballero|Valquiria|Ejército de Esqueletos|Mini P.E.K.K.A|Mago|Mosquetera|Príncipe,JUGADOR_1,Mago de Hielo,3,1,5,590,63,5,AREA,TROPAS_Y_ESTRUCTURAS,5
partida_5,165,TROPA_DESPLEGADA,JUGADOR_2,180,EstrategiaMenorCosto,EstrategiaMenorCosto,0,0,Príncipe|Bárbaros|Mago|Caballero,Príncipe|Mago|Gigante|Mosquetera,Príncipe|Caballero|Bárbaros|Valquiria|Mago de Hielo|Mago|Mini P.E.K.K.A|Gigante,Gigante|Caballero|Valquiria|Ejército de Esqueletos|Mini P.E.K.K.A|Mago|Mosquetera|Príncipe,JUGADOR_2,Caballero,3,16,26,660,75,1,INDIVIDUAL,TROPAS_Y_ESTRUCTURAS,5
partida_5,174,TROPA_DESPLEGADA,JUGADOR_2,180,EstrategiaMenorCosto,EstrategiaMenorCosto,0,3,Príncipe|Bárbaros|Mago|Mini P.E.K.K.A,Príncipe|Mago|Gigante|Mosquetera,Príncipe|Caballero|Bárbaros|Valquiria|Mago de Hielo|Mago|Mini P.E.K.K.A|Gigante,Gigante|Caballero|Valquiria|Ejército de Esqueletos|Mini P.E.K.K.A|Mago|Mosquetera|Príncipe,JUGADOR_1,Caballero,3,7,7,660,75,1,INDIVIDUAL,TROPAS_Y_ESTRUCTURAS,5
partida_5,177,TROPA_DESPLEGADA,JUGADOR_2,180,EstrategiaMenorCosto,EstrategiaMenorCosto,1,0,Príncipe|Bárbaros|Mago|Mini P.E.K.K.A,Príncipe|Mago|Gigante|Mini P.E.K.K.A,Príncipe|Caballero|Bárbaros|Valquiria|Mago de Hielo|Mago|Mini P.E.K.K.A|Gigante,Gigante|Caballero|Valquiria|Ejército de Esqueletos|Mini P.E.K.K.A|Mago|Mosquetera|Príncipe,JUGADOR_2,Mosquetera,4,11,31,340,100,6,INDIVIDUAL,TROPAS_Y_ESTRUCTURAS,5
partida_5,180,PARTIDA_TERMINADA,JUGADOR_2,180,EstrategiaMenorCosto,EstrategiaMenorCosto,2,1,Príncipe|Bárbaros|Mago|Mini P.E.K.K.A,Príncipe|Mago|Gigante|Mini P.E.K.K.A,Príncipe|Caballero|Bárbaros|Valquiria|Mago de Hielo|Mago|Mini P.E.K.K.A|Gigante,Gigante|Caballero|Valquiria|Ejército de Esqueletos|Mini P.E.K.K.A|Mago|Mosquetera|Príncipe,,,,,,,,,,,
partida_6,1,TROPA_DESPLEGADA,JUGADOR_1,115,EstrategiaAgresiva,EstrategiaDefensiva,1,5,Bárbaros|Ejército de Esqueletos|Gigante|Valquiria,Mago|Príncipe|Mosquetera|Caballero,Mini P.E.K.K.A|Mosquetera|Gigante|Bárbaros|Ejército de Esqueletos|Valquiria|Príncipe|Mago de Hielo,Mosquetera|Bárbaros|Mago|Príncipe|Caballero|Gigante|Arqueras|Mini P.E.K.K.A,JUGADOR_1,Mini P.E.K.K.A,4,0,14,600,340,1,INDIVIDUAL,TROPAS_Y_ESTRUCTURAS,5
partida_6,1,TROPA_DESPLEGADA,JUGADOR_1,115,EstrategiaAgresiva,EstrategiaDefensiva,1,0,Bárbaros|Ejército de Esqueletos|Gigante|Valquiria,Mago|Mosquetera|Caballero|Gigante,Mini P.E.K.K.A|Mosquetera|Gigante|Bárbaros|Ejército de Esqueletos|Valquiria|Príncipe|Mago de Hielo,Mosquetera|Bárbaros|Mago|Príncipe|Caballero|Gigante|Arqueras|Mini P.E.K.K.A,JUGADOR_2,Príncipe,5,6,28,1100,220,1,INDIVIDUAL,TROPAS_Y_ESTRUCTURAS,5
partida_6,6,TROPA_DESPLEGADA,JUGADOR_1,115,EstrategiaAgresiva,EstrategiaDefensiva,0,2,Bárbaros|Gigante|Valquiria|Mago de Hielo,Mago|Mosquetera|Caballero|Gigante,Mini P.E.K.K.A|Mosquetera|Gigante|Bárbaros|Ejército de Esqueletos|Valquiria|Príncipe|Mago de Hielo,Mosquetera|Bárbaros|Mago|Príncipe|Caballero|Gigante|Arqueras|Mini P.E.K.K.A,JUGADOR_1,Ejército de Esqueletos,3,0,14,51,51,1,INDIVIDUAL,TROPAS_Y_ESTRUCTURAS,5
partida_6,15,TROPA_DESPLEGADA,JUGADOR_1,115,EstrategiaAgresiva,EstrategiaDefensiva,0,5,Bárbaros|Gigante|Valquiria|Mosquetera,Mago|Mosquetera|Caballero|Gigante,Mini P.E.K.K.A|Mosquetera|Gigante|Bárbaros|Ejército de Esqueletos|Valquiria|Príncipe|Mago de Hielo,Mosquetera|Bárbaros|Mago|Príncipe|Caballero|Gigante|Arqueras|Mini P.E.K.K.A,JUGADOR_1,Mago de Hielo,3,0,14,590,63,5,AREA,TROPAS_Y_ESTRUCTURAS,5
partida_6,15,TROPA_DESPLEGADA,JUGADOR_1,115,EstrategiaAgresiva,EstrategiaDefensiva,0,0,Bárbaros|Gigante|Valquiria|Mosquetera,Mago|Mosquetera|Caballero|Mini P.E.K.K.A,Mini P.E.K.K.A|Mosquetera|Gigante|Bárbaros|Ejército de Esqueletos|Valquiria|Príncipe|Mago de Hielo,Mosquetera|Bárbaros|Mago|Príncipe|Caballero|Gigante|Arqueras|Mini P.E.K.K.A,JUGADOR_2,Gigante,5,6,28,2000,120,1,INDIVIDUAL,ESTRUCTURAS,5
partida_6,27,TROPA_DESPLEGADA,JUGADOR_1,115,EstrategiaAgresiva,EstrategiaDefensiva,0,4,Bárbaros|Gigante|Mosquetera|Príncipe,Mago|Mosquetera|Caballero|Mini P.E.K.K.A,Mini P.E.K.K.A|Mosquetera|Gigante|Bárbaros|Ejército de Esqueletos|Valquiria|Príncipe|Mago de Hielo,Mosquetera|Bárbaros|Mago|Príncipe|Caballero|Gigante|Arqueras|Mini P.E.K.K.A,JUGADOR_1,Valquiria,4,0,21,880,120,1,AREA,TROPAS_Y_ESTRUCTURAS,5
partida_6,30,TROPA_DESPLEGADA,JUGADOR_1,115,EstrategiaAgresiva,EstrategiaDefensiva,1,2,Bárbaros|Gigante|Mosquetera|Príncipe,Mago|Mosquetera|Mini P.E.K.K.A|Arqueras,Mini P.E.K.K.A|Mosquetera|Gigante|Bárbaros|Ejército de Esqueletos|Valquiria|Príncipe|Mago de Hielo,Mosquetera|Bárbaros|Mago|Príncipe|Caballero|Gigante|Arqueras|Mini P.E.K.K.A,JUGADOR_2,Caballero,3,6,28,660,75,1,INDIVIDUAL,TROPAS_Y_ESTRUCTURAS,5
partida_6,39,TROPA_DESPLEGADA,JUGADOR_1,115,EstrategiaAgresiva,EstrategiaDefensiva,0,5,Bárbaros|Gigante|Príncipe|Mini P.E.K.K.A,Mago|Mosquetera|Mini P.E.K.K.A|Arqueras,Mini P.E.K.K.A|Mosquetera|Gigante|Bárbaros|Ejército de Esqueletos|Valquiria|Príncipe|Mago de Hielo,Mosquetera|Bárbaros|Mago|Príncipe|Caballero|Gigante|Arqueras|Mini P.E.K.K.A,JUGADOR_1,Mosquetera,4,0,21,340,100,6,INDIVIDUAL,TROPAS_Y_ESTRUCTURAS,5
partida_6,41,TROPA_DESPLEGADA,JUGADOR_1,115,EstrategiaAgresiva,EstrategiaDefensiva,0,1,Bárbaros|Gigante|Príncipe|Mini P.E.K.K.A,Mago|Mosquetera|Arqueras|Bárbaros,Mini P.E.K.K.A|Mosquetera|Gigante|Bárbaros|Ejército de Esqueletos|Valquiria|Príncipe|Mago de Hielo,Mosquetera|Bárbaros|Mago|Príncipe|Caballero|Gigante|Arqueras|Mini P.E.K.K.A,JUGADOR_2,Mini P.E.K.K.A,4,6,28,600,340,1,INDIVIDUAL,TROPAS_Y_ESTRUCTURAS,5
partida_6,51,TROPA_DESPLEGADA,JUGADOR_1,115,EstrategiaAgresiva,EstrategiaDefensiva,0,5,Bárbaros|Gigante|Príncipe|Ejército de Esqueletos,Mago|Mosquetera|Arqueras|Bárbaros,Mini P.E.K.K.A|Mosquetera|Gigante|Bárbaros|Ejército de Esqueletos|Valquiria|Príncipe|Mago de Hielo,Mosquetera|Bárbaros|Mago|Príncipe|Caballero|Gigante|Arqueras|Mini P.E.K.K.A,JUGADOR_1,Mini P.E.K.K.A,4,0,21,600,340,1,INDIVIDUAL,TROPAS_Y_ESTRUCTURAS,5
partida_6,54,TROPA_DESPLEGADA,JUGADOR_1,115,EstrategiaAgresiva,EstrategiaDefensiva,1,1,Bárbaros|Gigante|Príncipe|Ejército de Esqueletos,Mosquetera|Arqueras|Bárbaros|Príncipe,Mini P.E.K.K.A|Mosquetera|Gigante|Bárbaros|Ejército de Esqueletos|Valquiria|Príncipe|Mago de Hielo,Mosquetera|Bárbaros|Mago|Príncipe|Caballero|Gigante|Arqueras|Mini P.E.K.K.A,JUGADOR_2,Mago,5,6,28,340,130,5,AREA,TROPAS_Y_ESTRUCTURAS,5
partida_6,61,TROPA_DESPLEGADA,JUGADOR_1,115,EstrategiaAgresiva,EstrategiaDefensiva,0,3,Bárbaros|Gigante|Príncipe|Mago de Hielo,Mosquetera|Arqueras|Bárbaros|Príncipe,Mini P.E.K.K.A|Mosquetera|Gigante|Bárbaros|Ejército de Esqueletos|Valquiria|Príncipe|Mago de Hielo,Mosquetera|Bárbaros|Mago|Príncipe|Caballero|Gigante|Arqueras|Mini P.E.K.K.A,JUGADOR_1,Ejército de Esqueletos,3,0,21,51,51,1,INDIVIDUAL,TROPAS_Y_ESTRUCTURAS,5
partida_6,67,TROPA_DESPLEGADA,JUGADOR_1,115,EstrategiaAgresiva,EstrategiaDefensiva,2,0,Bárbaros|Gigante|Príncipe|Mago de Hielo,Mosquetera|Arqueras|Bárbaros|Gigante,Mini P.E.K.K.A|Mosquetera|Gigante|Bárbaros|Ejército de Esqueletos|Valquiria|Príncipe|Mago de Hielo,Mosquetera|Bárbaros|Mago|Príncipe|Caballero|Gigante|Arqueras|Mini P.E.K.K.A,JUGADOR_2,Príncipe,5,6,28,1100,220,1,INDIVIDUAL,TROPAS_Y_ESTRUCTURAS,5
partida_6,69,TROPA_DESPLEGADA,JUGADOR_1,115,EstrategiaAgresiva,EstrategiaDefensiva,0,1,Bárbaros|Gigante|Príncipe|Valquiria,Mosquetera|Arqueras|Bárbaros|Gigante,Mini P.E.K.K.A|Mosquetera|Gigante|Bárbaros|Ejército de Esqueletos|Valquiria|Príncipe|Mago de Hielo,Mosquetera|Bárbaros|Mago|Príncipe|Caballero|Gigante|Arqueras|Mini P.E.K.K.A,JUGADOR_1,Mago de Hielo,3,0,21,590,63,5,AREA,TROPAS_Y_ESTRUCTURAS,5
partida_6,81,TROPA_DESPLEGADA,JUGADOR_1,115,EstrategiaAgresiva,EstrategiaDefensiva,0,5,Bárbaros|Gigante|Príncipe|Mosquetera,Mosquetera|Arqueras|Bárbaros|Gigante,Mini P.E.K.K.A|Mosquetera|Gigante|Bárbaros|Ejército de Esqueletos|Valquiria|Príncipe|Mago de Hielo,Mosquetera|Bárbaros|Mago|Príncipe|Caballero|Gigante|Arqueras|Mini P.E.K.K.A,JUGADOR_1,Valquiria,4,0,21,880,120,1,AREA,TROPAS_Y_ESTRUCTURAS,5
partida_6,81,TROPA_DESPLEGADA,JUGADOR_1,115,EstrategiaAgresiva,EstrategiaDefensiva,0,0,Bárbaros|Gigante|Príncipe|Mosquetera,Mosquetera|Arqueras|Bárbaros|Caballero,Mini P.E.K.K.A|Mosquetera|Gigante|Bárbaros|Ejército de Esqueletos|Valquiria|Príncipe|Mago de Hielo,Mosquetera|Bárbaros|Mago|Príncipe|Caballero|Gigante|Arqueras|Mini P.E.K.K.A,JUGADOR_2,Gigante,5,6,28,2000,120,1,INDIVIDUAL,ESTRUCTURAS,5
partida_6,93,TROPA_DESPLEGADA,JUGADOR_1,115,EstrategiaAgresiva,EstrategiaDefensiva,0,4,Bárbaros|Gigante|Príncipe|Mini P.E.K.K.A,Mosquetera|Arqueras|Bárbaros|Caballero,Mini P.E.K.K.A|Mosquetera|Gigante|Bárbaros|Ejército de Esqueletos|Valquiria|Príncipe|Mago de Hielo,Mosquetera|Bárbaros|Mago|Príncipe|Caballero|Gigante|Arqueras|Mini P.E.K.K.A,JUGADOR_1,Mosquetera,4,0,21,340,100,6,INDIVIDUAL,TROPAS_Y_ESTRUCTURAS,5
partida_6,97,TROPA_DESPLEGADA,JUGADOR_1,115,EstrategiaAgresiva,EstrategiaDefensiva,1,2,Bárbaros|Gigante|Príncipe|Mini P.E.K.K.A,Mosquetera|Arqueras|Bárbaros|Mini P.E.K.K.A,Mini P.E.K.K.A|Mosquetera|Gigante|Bárbaros|Ejército de Esqueletos|Valquiria|Príncipe|Mago de Hielo,Mosquetera|Bárbaros|Mago|Príncipe|Caballero|Gigante|Arqueras|Mini P.E.K.K.A,JUGADOR_2,Caballero,3,6,28,660,75,1,INDIVIDUAL,TROPAS_Y_ESTRUCTURAS,5
partida_6,105,TROPA_DESPLEGADA,JUGADOR_1,115,EstrategiaAgresiva,EstrategiaDefensiva,0,5,Bárbaros|Gigante|Príncipe|Ejército de Esqueletos,Mosquetera|Arqueras|Bárbaros|Mini P.E.K.K.A,Mini P.E.K.K.A|Mosquetera|Gigante|Bárbaros|Ejército de Esqueletos|Valquiria|Príncipe|Mago de Hielo,Mosquetera|Bárbaros|Mago|Príncipe|Caballero|Gigante|Arqueras|Mini P.E.K.K.A,JUGADOR_1,Mini P.E.K.K.A,4,0,21,600,340,1,INDIVIDUAL,TROPAS_Y_ESTRUCTURAS,5
partida_6,105,TROPA_DESPLEGADA,JUGADOR_1,115,EstrategiaAgresiva,EstrategiaDefensiva,0,1,Bárbaros|Gigante|Príncipe|Ejército de Esqueletos,Mosquetera|Arqueras|Bárbaros|Mago,Mini P.E.K.K.A|Mosquetera|Gigante|Bárbaros|Ejército de Esqueletos|Valquiria|Príncipe|Mago de Hielo,Mosquetera|Bárbaros|Mago|Príncipe|Caballero|Gigante|Arqueras|Mini P.E.K.K.A,JUGADOR_2,Mini P.E.K.K.A,4,6,28,600,340,1,INDIVIDUAL,TROPAS_Y_ESTRUCTURAS,5
partida_6,114,TROPA_DESPLEGADA,JUGADOR_1,115,EstrategiaAgresiva,EstrategiaDefensiva,0,4,Bárbaros|Gigante|Príncipe|Mago de Hielo,Mosquetera|Arqueras|Bárbaros|Mago,Mini P.E.K.K.A|Mosquetera|Gigante|Bárbaros|Ejército de Esqueletos|Valquiria|Príncipe|Mago de Hielo,Mosquetera|Bárbaros|Mago|Príncipe|Caballero|Gigante|Arqueras|Mini P.E.K.K.A,JUGADOR_1,Ejército de Esqueletos,3,0,21,51,51,1,INDIVIDUAL,TROPAS_Y_ESTRUCTURAS,5
partida_6,115,PARTIDA_TERMINADA,JUGADOR_1,115,EstrategiaAgresiva,EstrategiaDefensiva,0,4,Bárbaros|Gigante|Príncipe|Mago de Hielo,Mosquetera|Arqueras|Bárbaros|Mago,Mini P.E.K.K.A|Mosquetera|Gigante|Bárbaros|Ejército de Esqueletos|Valquiria|Príncipe|Mago de Hielo,Mosquetera|Bárbaros|Mago|Príncipe|Caballero|Gigante|Arqueras|Mini P.E.K.K.A,,,,,,,,,,,
partida_7,1,TROPA_DESPLEGADA,JUGADOR_2,151,EstrategiaMenorCosto,EstrategiaMenorCosto,2,5,Mago|Valquiria|Mosquetera|Caballero,Mago|Gigante|Ejército de Esqueletos|P.E.K.K.A,P.E.K.K.A|Caballero|Mosquetera|Mini P.E.K.K.A|Mago|Valquiria|Príncipe|Ejército de Esqueletos,Mini P.E.K.K.A|Mago|Mago de Hielo|Príncipe|Mosquetera|Gigante|P.E.K.K.A|Ejército de Esqueletos,JUGADOR_1,Ejército de Esqueletos,3,1,10,51,51,1,INDIVIDUAL,TROPAS_Y_ESTRUCTURAS,5
partida_7,1,TROPA_DESPLEGADA,JUGADOR_2,151,EstrategiaMenorCosto,EstrategiaMenorCosto,2,2,Mago|Valquiria|Mosquetera|Caballero,Mago|Gigante|P.E.K.K.A|Mini P.E.K.K.A,P.E.K.K.A|Caballero|Mosquetera|Mini P.E.K.K.A|Mago|Valquiria|Príncipe|Ejército de Esqueletos,Mini P.E.K.K.A|Mago|Mago de Hielo|Príncipe|Mosquetera|Gigante|P.E.K.K.A|Ejército de Esqueletos,JUGADOR_2,Ejército de Esqueletos,3,0,23,51,51,1,INDIVIDUAL,TROPAS_Y_ESTRUCTURAS,5
partida_7,3,TROPA_DESPLEGADA,JUGADOR_2,151,EstrategiaMenorCosto,EstrategiaMenorCosto,0,3,Mago|Valquiria|Mosquetera|Príncipe,Mago|Gigante|P.E.K.K.A|Mini P.E.K.K.A,P.E.K.K.A|Caballero|Mosquetera|Mini P.E.K.K.A|Mago|Valquiria|Príncipe|Ejército de Esqueletos,Mini P.E.K.K.A|Mago|Mago de Hielo|Príncipe|Mosquetera|Gigante|P.E.K.K.A|Ejército de Esqueletos,JUGADOR_1,Caballero,3,7,6,660,75,1,INDIVIDUAL,TROPAS_Y_ESTRUCTURAS,5
partida_7,6,TROPA_DESPLEGADA,JUGADOR_2,151,EstrategiaMenorCosto,EstrategiaMenorCosto,1,0,Mago|Valquiria|Mosquetera|Príncipe,Mago|Gigante|P.E.K.K.A|Príncipe,P.E.K.K.A|Caballero|Mosquetera|Mini P.E.K.K.A|Mago|Valquiria|Príncipe|Ejército de Esqueletos,Mini P.E.K.K.A|Mago|Mago de Hielo|Príncipe|Mosquetera|Gigante|P.E.K.K.A|Ejército de Esqueletos,JUGADOR_2,Mini P.E.K.K.A,4,5,17,600,340,1,INDIVIDUAL,TROPAS_Y_ESTRUCTURAS,5
partida_7,16,TROPA_DESPLEGADA,JUGADOR_2,151,EstrategiaMenorCosto,EstrategiaMenorCosto,0,3,Mago|Mosquetera|Príncipe|Mini P.E.K.K.A,Mago|Gigante|P.E.K.K.A|Príncipe,P.E.K.K.A|Caballero|Mosquetera|Mini P.E.K.K.A|Mago|Valquiria|Príncipe|Ejército de Esqueletos,Mini P.E.K.K.A|Mago|Mago de Hielo|Príncipe|Mosquetera|Gigante|P.E.K.K.A|Ejército de Esqueletos,JUGADOR_1,Valquiria,4,6,11,880,120,1,AREA,TROPAS_Y_ESTRUCTURAS,5
partida_7,21,TROPA_DESPLEGADA,JUGADOR_2,151,EstrategiaMenorCosto,EstrategiaMenorCosto,2,0,Mago|Mosquetera|Príncipe|Mini P.E.K.K.A,Gigante|P.E.K.K.A|Príncipe|Mago de Hielo,P.E.K.K.A|Caballero|Mosquetera|Mini P.E.K.K.A|Mago|Valquiria|Príncipe|Ejército de Esqueletos,Mini P.E.K.K.A|Mago|Mago de Hielo|Príncipe|Mosquetera|Gigante|P.E.K.K.A|Ejército de Esqueletos,JUGADOR_2,Mago,5,16,31,340,130,5,AREA,TROPAS_Y_ESTRUCTURAS,5
partida_7,27,TROPA_DESPLEGADA,JUGADOR_2,151,EstrategiaMenorCosto,EstrategiaMenorCosto,0,2,Mago|Príncipe|Mini P.E.K.K.A|P.E.K.K.A,Gigante|P.E.K.K.A|Príncipe|Mago de Hielo,P.E.K.K.A|Caballero|Mosquetera|Mini P.E.K.K.A|Mago|Valquiria|Príncipe|Ejército de Esqueletos,Mini P.E.K.K.A|Mago|Mago de Hielo|Príncipe|Mosquetera|Gigante|P.E.K.K.A|Ejército de Esqueletos,JUGADOR_1,Mosquetera,4,3,10,340,100,6,INDIVIDUAL,TROPAS_Y_ESTRUCTURAS,5
partida_7,30,TROPA_DESPLEGADA,JUGADOR_2,151,EstrategiaMenorCosto,EstrategiaMenorCosto,1,0,Mago|Príncipe|Mini P.E.K.K.A|P.E.K.K.A,Gigante|P.E.K.K.A|Príncipe|Mosquetera,P.E.K.K.A|Caballero|Mosquetera|Mini P.E.K.K.A|Mago|Valquiria|Príncipe|Ejército de Esqueletos,Mini P.E.K.K.A|Mago|Mago de Hielo|Príncipe|Mosquetera|Gigante|P.E.K.K.A|Ejército de Esqueletos,JUGADOR_2,Mago de Hielo,3,2,20,590,63,5,AREA,TROPAS_Y_ESTRUCTURAS,5
partida_7,39,TROPA_DESPLEGADA,JUGADOR_2,151,EstrategiaMenorCosto,EstrategiaMenorCosto,0,3,Mago|Príncipe|P.E.K.K.A|Ejército de Esqueletos,Gigante|P.E.K.K.A|Príncipe|Mosquetera,P.E.K.K.A|Caballero|Mosquetera|Mini P.E.K.K.A|Mago|Valquiria|Príncipe|Ejército de Esqueletos,Mini P.E.K.K.A|Mago|Mago de Hielo|Príncipe|Mosquetera|Gigante|P.E.K.K.A|Ejército de Esqueletos,JUGADOR_1,Mini P.E.K.K.A,4,8,8,600,340,1,INDIVIDUAL,TROPAS_Y_ESTRUCTURAS,5
partida_7,42,TROPA_DESPLEGADA,JUGADOR_2,151,EstrategiaMenorCosto,EstrategiaMenorCosto,1,0,Mago|Príncipe|P.E.K.K.A|Ejército de Esqueletos,Gigante|P.E.K.K.A|Príncipe|Ejército de Esqueletos,P.E.K.K.A|Caballero|Mosquetera|Mini P.E.K.K.A|Mago|Valquiria|Príncipe|Ejército de Esqueletos,Mini P.E.K.K.A|Mago|Mago de Hielo|Príncipe|Mosquetera|Gigante|P.E.K.K.A|Ejército de Esqueletos,JUGADOR_2,Mosquetera,4,16,19,340,100,6,INDIVIDUAL,TROPAS_Y_ESTRUCTURAS,5
partida_7,49,TROPA_DESPLEGADA,JUGADOR_2,151,EstrategiaMenorCosto,EstrategiaMenorCosto,0,2,Mago|Príncipe|P.E.K.K.A|Caballero,Gigante|P.E.K.K.A|Príncipe|Ejército de Esqueletos,P.E.K.K.A|Caballero|Mosquetera|Mini P.E.K.K.A|Mago|Valquiria|Príncipe|Ejército de Esqueletos,Mini P.E.K.K.A|Mago|Mago de Hielo|Príncipe|Mosquetera|Gigante|P.E.K.K.A|Ejército de Esqueletos,JUGADOR_1,Ejército de Esqueletos,3,12,7,51,51,1,INDIVIDUAL,TROPAS_Y_ESTRUCTURAS,5
partida_7,51,TROPA_DESPLEGADA,JUGADOR_2,151,EstrategiaMenorCosto,EstrategiaMenorCosto,1,0,Mago|Príncipe|P.E.K.K.A|Caballero,Gigante|P.E.K.K.A|Príncipe|Mini P.E.K.K.A,P.E.K.K.A|Caballero|Mosquetera|Mini P.E.K.K.A|Mago|Valquiria|Príncipe|Ejército de Esqueletos,Mini P.E.K.K.A|Mago|Mago de Hielo|Príncipe|Mosquetera|Gigante|P.E.K.K.A|Ejército de Esqueletos,JUGADOR_2,Ejército de Esqueletos,3,14,29,51,51,1,INDIVIDUAL,TROPAS_Y_ESTRUCTURAS,5
partida_7,57,TROPA_DESPLEGADA,JUGADOR_2,151,EstrategiaMenorCosto,EstrategiaMenorCosto,0,2,Mago|Príncipe|P.E.K.K.A|Valquiria,Gigante|P.E.K.K.A|Príncipe|Mini P.E.K.K.A,P.E.K.K.A|Caballero|Mosquetera|Mini P.E.K.K.A|Mago|Valquiria|Príncipe|Ejército de Esqueletos,Mini P.E.K.K.A|Mago|Mago de Hielo|Príncipe|Mosquetera|Gigante|P.E.K.K.A|Ejército de Esqueletos,JUGADOR_1,Caballero,3,8,0,660,75,1,INDIVIDUAL,TROPAS_Y_ESTRUCTURAS,5
partida_7,63,TROPA_DESPLEGADA,JUGADOR_2,151,EstrategiaMenorCosto,EstrategiaMenorCosto,2,0,Mago|Príncipe|P.E.K.K.A|Valquiria,Gigante|P.E.K.K.A|Príncipe|Mago,P.E.K.K.A|Caballero|Mosquetera|Mini P.E.K.K.A|Mago|Valquiria|Príncipe|Ejército de Esqueletos,Mini P.E.K.K.A|Mago|Mago de Hielo|Príncipe|Mosquetera|Gigante|P.E.K.K.A|Ejército de Esqueletos,JUGADOR_2,Mini P.E.K.K.A,4,9,19,600,340,1,INDIVIDUAL,TROPAS_Y_ESTRUCTURAS,5
partida_7,70,TROPA_DESPLEGADA,JUGADOR_2,151,EstrategiaMenorCosto,EstrategiaMenorCosto,0,2,Mago|Príncipe|P.E.K.K.A|Mosquetera,Gigante|P.E.K.K.A|Príncipe|Mago,P.E.K.K.A|Caballero|Mosquetera|Mini P.E.K.K.A|Mago|Valquiria|Príncipe|Ejército de Esqueletos,Mini P.E.K.K.A|Mago|Mago de Hielo|Príncipe|Mosquetera|Gigante|P.E.K.K.A|Ejército de Esqueletos,JUGADOR_1,Valquiria,4,1,21,880,120,1,AREA,TROPAS_Y_ESTRUCTURAS,5
partida_7,78,TROPA_DESPLEGADA,JUGADOR_2,151,EstrategiaMenorCosto,EstrategiaMenorCosto,3,0,Mago|Príncipe|P.E.K.K.A|Mosquetera,P.E.K.K.A|Príncipe|Mago|Mago de Hielo,P.E.K.K.A|Caballero|Mosquetera|Mini P.E.K.K.A|Mago|Valquiria|Príncipe|Ejército de Esqueletos,Mini P.E.K.K.A|Mago|Mago de Hielo|Príncipe|Mosquetera|Gigante|P.E.K.K.A|Ejército de Esqueletos,JUGADOR_2,Gigante,5,11,18,2000,120,1,INDIVIDUAL,ESTRUCTURAS,5
partida_7,81,TROPA_DESPLEGADA,JUGADOR_2,151,EstrategiaMenorCosto,EstrategiaMenorCosto,0,1,Mago|Príncipe|P.E.K.K.A|Mini P.E.K.K.A,P.E.K.K.A|Príncipe|Mago|Mago de Hielo,P.E.K.K.A|Caballero|Mosquetera|Mini P.E.K.K.A|Mago|Valquiria|Príncipe|Ejército de Esqueletos,Mini P.E.K.K.A|Mago|Mago de Hielo|Príncipe|Mosquetera|Gigante|P.E.K.K.A|Ejército de Esqueletos,JUGADOR_1,Mosquetera,4,1,20,340,100,6,INDIVIDUAL,TROPAS_Y_ESTRUCTURAS,5
partida_7,87,TROPA_DESPLEGADA,JUGADOR_2,151,EstrategiaMenorCosto,EstrategiaMenorCosto,2,0,Mago|Príncipe|P.E.K.K.A|Mini P.E.K.K.A,P.E.K.K.A|Príncipe|Mago|Mosquetera,P.E.K.K.A|Caballero|Mosquetera|Mini P.E.K.K.A|Mago|Valquiria|Príncipe|Ejército de Esqueletos,Mini P.E.K.K.A|Mago|Mago de Hielo|Príncipe|Mosquetera|Gigante|P.E.K.K.A|Ejército de Esqueletos,JUGADOR_2,Mago de Hielo,3,12,24,590,63,5,AREA,TROPAS_Y_ESTRUCTURAS,5
partida_7,93,TROPA_DESPLEGADA,JUGADOR_2,151,EstrategiaMenorCosto,EstrategiaMenorCosto,0,2,Mago|Príncipe|P.E.K.K.A|Ejército de Esqueletos,P.E.K.K.A|Príncipe|Mago|Mosquetera,P.E.K.K.A|Caballero|Mosquetera|Mini P.E.K.K.A|Mago|Valquiria|Príncipe|Ejército de Esqueletos,Mini P.E.K.K.A|Mago|Mago de Hielo|Príncipe|Mosquetera|Gigante|P.E.K.K.A|Ejército de Esqueletos,JUGADOR_1,Mini P.E.K.K.A,4,6,14,600,340,1,INDIVIDUAL,TROPAS_Y_ESTRUCTURAS,5
partida_7,100,TROPA_DESPLEGADA,JUGADOR_2,151,EstrategiaMenorCosto,EstrategiaMenorCosto,2,0,Mago|Príncipe|P.E.K.K.A|Ejército de Esqueletos,P.E.K.K.A|Príncipe|Mago|Ejército de Esqueletos,P.E.K.K.A|Caballero|Mosquetera|Mini P.E.K.K.A|Mago|Valquiria|Príncipe|Ejército de Esqueletos,Mini P.E.K.K.A|Mago|Mago de Hielo|Príncipe|Mosquetera|Gigante|P.E.K.K.A|Ejército de Esqueletos,JUGADOR_2,Mosquetera,4,15,19,340,100,6,INDIVIDUAL,TROPAS_Y_ESTRUCTURAS,5
partida_7,102,TROPA_DESPLEGADA,JUGADOR_2,151,EstrategiaMenorCosto,EstrategiaMenorCosto,0,1,Mago|Príncipe|P.E.K.K.A|Caballero,P.E.K.K.A|Príncipe|Mago|Ejército de Esqueletos,P.E.K.K.A|Caballero|Mosquetera|Mini P.E.K.K.A|Mago|Valquiria|Príncipe|Ejército de Esqueletos,Mini P.E.K.K.A|Mago|Mago de Hielo|Príncipe|Mosquetera|Gigante|P.E.K.K.A|Ejército de Esqueletos,JUGADOR_1,Ejército de Esqueletos,3,12,12,51,51,1,INDIVIDUAL,TROPAS_Y_ESTRUCTURAS,5
partida_7,108,TROPA_DESPLEGADA,JUGADOR_2,151,EstrategiaMenorCosto,EstrategiaMenorCosto,2,0,Mago|Príncipe|P.E.K.K.A|Caballero,P.E.K.K.A|Príncipe|Mago|Mini P.E.K.K.A,P.E.K.K.A|Caballero|Mosquetera|Mini P.E.K.K.A|Mago|Valquiria|Príncipe|Ejército de Esqueletos,Mini P.E.K.K.A|Mago|Mago de Hielo|Príncipe|Mosquetera|Gigante|P.E.K.K.A|Ejército de Esqueletos,JUGADOR_2,Ejército de Esqueletos,3,12,24,51,51,1,INDIVIDUAL,TROPAS_Y_ESTRUCTURAS,5
partida_7,111,TROPA_DESPLEGADA,JUGADOR_2,151,EstrategiaMenorCosto,EstrategiaMenorCosto,0,1,Mago|Príncipe|P.E.K.K.A|Valquiria,P.E.K.K.A|Príncipe|Mago|Mini P.E.K.K.A,P.E.K.K.A|Caballero|Mosquetera|Mini P.E.K.K.A|Mago|Valquiria|Príncipe|Ejército de Esqueletos,Mini P.E.K.K.A|Mago|Mago de Hielo|Príncipe|Mosquetera|Gigante|P.E.K.K.A|Ejército de Esqueletos,JUGADOR_1,Caballero,3,5,1,660,75,1,INDIVIDUAL,TROPAS_Y_ESTRUCTURAS,5
partida_7,120,TROPA_DESPLEGADA,JUGADOR_2,151,EstrategiaMenorCosto,EstrategiaMenorCosto,3,0,Mago|Príncipe|P.E.K.K.A|Valquiria,P.E.K.K.A|Príncipe|Mago|Gigante,P.E.K.K.A|Caballero|Mosquetera|Mini P.E.K.K.A|Mago|Valquiria|Príncipe|Ejército de Esqueletos,Mini P.E.K.K.A|Mago|Mago de Hielo|Príncipe|Mosquetera|Gigante|P.E.K.K.A|Ejército de Esqueletos,JUGADOR_2,Mini P.E.K.K.A,4,12,28,600,340,1,INDIVIDUAL,TROPAS_Y_ESTRUCTURAS,5
partida_7,123,TROPA_DESPLEGADA,JUGADOR_2,151,EstrategiaMenorCosto,EstrategiaMenorCosto,0,1,Mago|Príncipe|P.E.K.K.A|Mosquetera,P.E.K.K.A|Príncipe|Mago|Gigante,P.E.K.K.A|Caballero|Mosquetera|Mini P.E.K.K.A|Mago|Valquiria|Príncipe|Ejército de Esqueletos,Mini P.E.K.K.A|Mago|Mago de Hielo|Príncipe|Mosquetera|Gigante|P.E.K.K.A|Ejército de Esqueletos,JUGADOR_1,Valquiria,4,1,10,880,120,1,AREA,TROPAS_Y_ESTRUCTURAS,5
partida_7,135,TROPA_DESPLEGADA,JUGADOR_2,151,EstrategiaMenorCosto,EstrategiaMenorCosto,0,5,Mago|Príncipe|P.E.K.K.A|Mini P.E.K.K.A,P.E.K.K.A|Príncipe|Mago|Gigante,P.E.K.K.A|Caballero|Mosquetera|Mini P.E.K.K.A|Mago|Valquiria|Príncipe|Ejército de Esqueletos,Mini P.E.K.K.A|Mago|Mago de Hielo|Príncipe|Mosquetera|Gigante|P.E.K.K.A|Ejército de Esqueletos,JUGADOR_1,Mosquetera,4,2,17,340,100,6,INDIVIDUAL,TROPAS_Y_ESTRUCTURAS,5
partida_7,135,TROPA_DESPLEGADA,JUGADOR_2,151,EstrategiaMenorCosto,EstrategiaMenorCosto,0,0,Mago|Príncipe|P.E.K.K.A|Mini P.E.K.K.A,P.E.K.K.A|Mago|Gigante|Mago de Hielo,P.E.K.K.A|Caballero|Mosquetera|Mini P.E.K.K.A|Mago|Valquiria|Príncipe|Ejército de Esqueletos,Mini P.E.K.K.A|Mago|Mago de Hielo|Príncipe|Mosquetera|Gigante|P.E.K.K.A|Ejército de Esqueletos,JUGADOR_2,Príncipe,5,11,12,1100,220,1,INDIVIDUAL,TROPAS_Y_ESTRUCTURAS,5
partida_7,144,TROPA_DESPLEGADA,JUGADOR_2,151,EstrategiaMenorCosto,EstrategiaMenorCosto,3,0,Mago|Príncipe|P.E.K.K.A|Mini P.E.K.K.A,P.E.K.K.A|Mago|Gigante|Mosquetera,P.E.K.K.A|Caballero|Mosquetera|Mini P.E.K.K.A|Mago|Valquiria|Príncipe|Ejército de Esqueletos,Mini P.E.K.K.A|Mago|Mago de Hielo|Príncipe|Mosquetera|Gigante|P.E.K.K.A|Ejército de Esqueletos,JUGADOR_2,Mago de Hielo,3,7,31,590,63,5,AREA,TROPAS_Y_ESTRUCTURAS,5
partida_7,147,TROPA_DESPLEGADA,JUGADOR_2,151,EstrategiaMenorCosto,EstrategiaMenorCosto,0,1,Mago|Príncipe|P.E.K.K.A|Ejército de Esqueletos,P.E.K.K.A|Mago|Gigante|Mosquetera,P.E.K.K.A|Caballero|Mosquetera|Mini P.E.K.K.A|Mago|Valquiria|Príncipe|Ejército de Esqueletos,Mini P.E.K.K.A|Mago|Mago de Hielo|Príncipe|Mosquetera|Gigante|P.E.K.K.A|Ejército de Esqueletos,JUGADOR_1,Mini P.E.K.K.A,4,13,2,600,340,1,INDIVIDUAL,TROPAS_Y_ESTRUCTURAS,5
partida_7,151,PARTIDA_TERMINADA,JUGADOR_2,151,EstrategiaMenorCosto,EstrategiaMenorCosto,1,2,Mago|Príncipe|P.E.K.K.A|Ejército de Esqueletos,P.E.K.K.A|Mago|Gigante|Mosquetera,P.E.K.K.A|Caballero|Mosquetera|Mini P.E.K.K.A|Mago|Valquiria|Príncipe|Ejército de Esqueletos,Mini P.E.K.K.A|Mago|Mago de Hielo|Príncipe|Mosquetera|Gigante|P.E.K.K.A|Ejército de Esqueletos,,,,,,,,,,,
partida_8,2,TROPA_DESPLEGADA,JUGADOR_1,177,EstrategiaDefensiva,EstrategiaMenorCosto,5,2,Valquiria|Príncipe|Caballero|Mago,Mago|P.E.K.K.A|Príncipe|Caballero,Caballero|Príncipe|Valquiria|Mago de Hielo|Mago|Gigante|Arqueras|Ejército de Esqueletos,Mini P.E.K.K.A|Mago|P.E.K.K.A|Bárbaros|Gigante|Mago de Hielo|Caballero|Príncipe,JUGADOR_2,Mago de Hielo,3,10,18,590,63,5,AREA,TROPAS_Y_ESTRUCTURAS,5
partida_8,3,TROPA_DESPLEGADA,JUGADOR_1,177,EstrategiaDefensiva,EstrategiaMenorCosto,6,0,Valquiria|Príncipe|Caballero|Mago,Mago|P.E.K.K.A|Príncipe|Mini P.E.K.K.A,Caballero|Príncipe|Valquiria|Mago de Hielo|Mago|Gigante|Arqueras|Ejército de Esqueletos,Mini P.E.K.K.A|Mago|P.E.K.K.A|Bárbaros|Gigante|Mago de Hielo|Caballero|Príncipe,JUGADOR_2,Caballero,3,14,27,660,75,1,INDIVIDUAL,TROPAS_Y_ESTRUCTURAS,5
partida_8,10,TROPA_DESPLEGADA,JUGADOR_1,177,EstrategiaDefensiva,EstrategiaMenorCosto,3,2,Valquiria|Caballero|Mago|Ejército de Esqueletos,Mago|P.E.K.K.A|Príncipe|Mini P.E.K.K.A,Caballero|Príncipe|Valquiria|Mago de Hielo|Mago|Gigante|Arqueras|Ejército de Esqueletos,Mini P.E.K.K.A|Mago|P.E.K.K.A|Bárbaros|Gigante|Mago de Hielo|Caballero|Príncipe,JUGADOR_1,Príncipe,5,6,2,1100,220,1,INDIVIDUAL,TROPAS_Y_ESTRUCTURAS,5
partida_8,15,TROPA_DESPLEGADA,JUGADOR_1,177,EstrategiaDefensiva,EstrategiaMenorCosto,5,0,Valquiria|Caballero|Mago|Ejército de Esqueletos,Mago|P.E.K.K.A|Príncipe|Bárbaros,Caballero|Príncipe|Valquiria|Mago de Hielo|Mago|Gigante|Arqueras|Ejército de Esqueletos,Mini P.E.K.K.A|Mago|P.E.K.K.A|Bárbaros|Gigante|Mago de Hielo|Caballero|Príncipe,JUGADOR_2,Mini P.E.K.K.A,4,5,23,600,340,1,INDIVIDUAL,TROPAS_Y_ESTRUCTURAS,5
partida_8,16,TROPA_DESPLEGADA,JUGADOR_1,177,EstrategiaDefensiva,EstrategiaMenorCosto,1,0,Caballero|Mago|Ejército de Esqueletos|Mago de Hielo,Mago|P.E.K.K.A|Príncipe|Bárbaros,Caballero|Príncipe|Valquiria|Mago de Hielo|Mago|Gigante|Arqueras|Ejército de Esqueletos,Mini P.E.K.K.A|Mago|P.E.K.K.A|Bárbaros|Gigante|Mago de Hielo|Caballero|Príncipe,JUGADOR_1,Valquiria,4,6,2,880,120,1,AREA,TROPAS_Y_ESTRUCTURAS,5
partida_8,29,TROPA_DESPLEGADA,JUGADOR_1,177,EstrategiaDefensiva,EstrategiaMenorCosto,2,4,Mago|Ejército de Esqueletos|Mago de Hielo|Gigante,Mago|P.E.K.K.A|Príncipe|Bárbaros,Caballero|Príncipe|Valquiria|Mago de Hielo|Mago|Gigante|Arqueras|Ejército de Esqueletos,Mini P.E.K.K.A|Mago|P.E.K.K.A|Bárbaros|Gigante|Mago de Hielo|Caballero|Príncipe,JUGADOR_1,Caballero,3,6,2,660,75,1,INDIVIDUAL,TROPAS_Y_ESTRUCTURAS,5
partida_8,30,TROPA_DESPLEGADA,JUGADOR_1,177,EstrategiaDefensiva,EstrategiaMenorCosto,3,0,Mago|Ejército de Esqueletos|Mago de Hielo|Gigante,P.E.K.K.A|Príncipe|Bárbaros|Gigante,Caballero|Príncipe|Valquiria|Mago de Hielo|Mago|Gigante|Arqueras|Ejército de Esqueletos,Mini P.E.K.K.A|Mago|P.E.K.K.A|Bárbaros|Gigante|Mago de Hielo|Caballero|Príncipe,JUGADOR_2,Mago,5,12,19,340,130,5,AREA,TROPAS_Y_ESTRUCTURAS,5
partida_8,36,TROPA_DESPLEGADA,JUGADOR_1,177,EstrategiaDefensiva,EstrategiaMenorCosto,0,2,Mago|Ejército de Esqueletos|Mago de Hielo|Arqueras,P.E.K.K.A|Príncipe|Bárbaros|Gigante,Caballero|Príncipe|Valquiria|Mago de Hielo|Mago|Gigante|Arqueras|Ejército de Esqueletos,Mini P.E.K.K.A|Mago|P.E.K.K.A|Bárbaros|Gigante|Mago de Hielo|Caballero|Príncipe,JUGADOR_1,Gigante,5,6,2,2000,120,1,INDIVIDUAL,ESTRUCTURAS,5
partida_8,45,TROPA_DESPLEGADA,JUGADOR_1,177,EstrategiaDefensiva,EstrategiaMenorCosto,3,0,Mago|Ejército de Esqueletos|Mago de Hielo|Arqueras,P.E.K.K.A|Bárbaros|Gigante|Mago de Hielo,Caballero|Príncipe|Valquiria|Mago de Hielo|Mago|Gigante|Arqueras|Ejército de Esqueletos,Mini P.E.K.K.A|Mago|P.E.K.K.A|Bárbaros|Gigante|Mago de Hielo|Caballero|Príncipe,JUGADOR_2,Príncipe,5,3,17,1100,220,1,INDIVIDUAL,TROPAS_Y_ESTRUCTURAS,5
partida_8,52,TROPA_DESPLEGADA,JUGADOR_1,177,EstrategiaDefensiva,EstrategiaMenorCosto,2,2,Mago|Ejército de Esqueletos|Arqueras|Príncipe,P.E.K.K.A|Bárbaros|Gigante|Mago de Hielo,Caballero|Príncipe|Valquiria|Mago de Hielo|Mago|Gigante|Arqueras|Ejército de Esqueletos,Mini P.E.K.K.A|Mago|P.E.K.K.A|Bárbaros|Gigante|Mago de Hielo|Caballero|Príncipe,JUGADOR_1,Mago de Hielo,3,6,2,590,63,5,AREA,TROPAS_Y_ESTRUCTURAS,5
partida_8,54,TROPA_DESPLEGADA,JUGADOR_1,177,EstrategiaDefensiva,EstrategiaMenorCosto,3,0,Mago|Ejército de Esqueletos|Arqueras|Príncipe,P.E.K.K.A|Bárbaros|Gigante|Caballero,Caballero|Príncipe|Valquiria|Mago de Hielo|Mago|Gigante|Arqueras|Ejército de Esqueletos,Mini P.E.K.K.A|Mago|P.E.K.K.A|Bárbaros|Gigante|Mago de Hielo|Caballero|Príncipe,JUGADOR_2,Mago de Hielo,3,5,25,590,63,5,AREA,TROPAS_Y_ESTRUCTURAS,5
partida_8,60,TROPA_DESPLEGADA,JUGADOR_1,177,EstrategiaDefensiva,EstrategiaMenorCosto,0,2,Mago|Ejército de Esqueletos|Arqueras|Valquiria,P.E.K.K.A|Bárbaros|Gigante|Caballero,Caballero|Príncipe|Valquiria|Mago de Hielo|Mago|Gigante|Arqueras|Ejército de Esqueletos,Mini P.E.K.K.A|Mago|P.E.K.K.A|Bárbaros|Gigante|Mago de Hielo|Caballero|Príncipe,JUGADOR_1,Príncipe,5,6,2,1100,220,1,INDIVIDUAL,TROPAS_Y_ESTRUCTURAS,5
partida_8,63,TROPA_DESPLEGADA,JUGADOR_1,177,EstrategiaDefensiva,EstrategiaMenorCosto,1,0,Mago|Ejército de Esqueletos|Arqueras|Valquiria,P.E.K.K.A|Bárbaros|Gigante|Mini P.E.K.K.A,Caballero|Príncipe|Valquiria|Mago de Hielo|Mago|Gigante|Arqueras|Ejército de Esqueletos,Mini P.E.K.K.A|Mago|P.E.K.K.A|Bárbaros|Gigante|Mago de Hielo|Caballero|Príncipe,JUGADOR_2,Caballero,3,3,22,660,75,1,INDIVIDUAL,TROPAS_Y_ESTRUCTURAS,5
partida_8,75,TROPA_DESPLEGADA,JUGADOR_1,177,EstrategiaDefensiva,EstrategiaMenorCosto,5,0,Mago|Ejército de Esqueletos|Arqueras|Valquiria,P.E.K.K.A|Bárbaros|Gigante|Mago,Caballero|Príncipe|Valquiria|Mago de Hielo|Mago|Gigante|Arqueras|Ejército de Esqueletos,Mini P.E.K.K.A|Mago|P.E.K.K.A|Bárbaros|Gigante|Mago de Hielo|Caballero|Príncipe,JUGADOR_2,Mini P.E.K.K.A,4,16,23,600,340,1,INDIVIDUAL,TROPAS_Y_ESTRUCTURAS,5
partida_8,79,TROPA_DESPLEGADA,JUGADOR_1,177,EstrategiaDefensiva,EstrategiaMenorCosto,2,1,Mago|Ejército de Esqueletos|Arqueras|Caballero,P.E.K.K.A|Bárbaros|Gigante|Mago,Caballero|Príncipe|Valquiria|Mago de Hielo|Mago|Gigante|Arqueras|Ejército de Esqueletos,Mini P.E.K.K.A|Mago|P.E.K.K.A|Bárbaros|Gigante|Mago de Hielo|Caballero|Príncipe,JUGADOR_1,Valquiria,4,6,2,880,120,1,AREA,TROPAS_Y_ESTRUCTURAS,5
partida_8,87,TROPA_DESPLEGADA,JUGADOR_1,177,EstrategiaDefensiva,EstrategiaMenorCosto,2,4,Mago|Ejército de Esqueletos|Arqueras|Gigante,P.E.K.K.A|Bárbaros|Gigante|Mago,Caballero|Príncipe|Valquiria|Mago de Hielo|Mago|Gigante|Arqueras|Ejército de Esqueletos,Mini P.E.K.K.A|Mago|P.E.K.K.A|Bárbaros|Gigante|Mago de Hielo|Caballero|Príncipe,JUGADOR_1,Caballero,3,6,2,660,75,1,INDIVIDUAL,TROPAS_Y_ESTRUCTURAS,5
partida_8,90,TROPA_DESPLEGADA,JUGADOR_1,177,EstrategiaDefensiva,EstrategiaMenorCosto,3,0,Mago|Ejército de Esqueletos|Arqueras|Gigante,P.E.K.K.A|Gigante|Mago|Príncipe,Caballero|Príncipe|Valquiria|Mago de Hielo|Mago|Gigante|Arqueras|Ejército de Esqueletos,Mini P.E.K.K.A|Mago|P.E.K.K.A|Bárbaros|Gigante|Mago de Hielo|Caballero|Príncipe,JUGADOR_2,Bárbaros,5,6,10,300,75,1,INDIVIDUAL,TROPAS_Y_ESTRUCTURAS,5
partida_8,97,TROPA_DESPLEGADA,JUGADOR_1,177,EstrategiaDefensiva,EstrategiaMenorCosto,0,2,Mago|Ejército de Esqueletos|Arqueras|Mago de Hielo,P.E.K.K.A|Gigante|Mago|Príncipe,Caballero|Príncipe|Valquiria|Mago de Hielo|Mago|Gigante|Arqueras|Ejército de Esqueletos,Mini P.E.K.K.A|Mago|P.E.K.K.A|Bárbaros|Gigante|Mago de Hielo|Caballero|Príncipe,JUGADOR_1,Gigante,5,6,2,2000,120,1,INDIVIDUAL,ESTRUCTURAS,5
partida_8,105,TROPA_DESPLEGADA,JUGADOR_1,177,EstrategiaDefensiva,EstrategiaMenorCosto,3,0,Mago|Ejército de Esqueletos|Arqueras|Mago de Hielo,P.E.K.K.A|Mago|Príncipe|Mago de Hielo,Caballero|Príncipe|Valquiria|Mago de Hielo|Mago|Gigante|Arqueras|Ejército de Esqueletos,Mini P.E.K.K.A|Mago|P.E.K.K.A|Bárbaros|Gigante|Mago de Hielo|Caballero|Príncipe,JUGADOR_2,Gigante,5,6,21,2000,120,1,INDIVIDUAL,ESTRUCTURAS,5
partida_8,111,TROPA_DESPLEGADA,JUGADOR_1,177,EstrategiaDefensiva,EstrategiaMenorCosto,2,2,Mago|Ejército de Esqueletos|Arqueras|Príncipe,P.E.K.K.A|Mago|Príncipe|Mago de Hielo,Caballero|Príncipe|Valquiria|Mago de Hielo|Mago|Gigante|Arqueras|Ejército de Esqueletos,Mini P.E.K.K.A|Mago|P.E.K.K.A|Bárbaros|Gigante|Mago de Hielo|Caballero|Príncipe,JUGADOR_1,Mago de Hielo,3,6,2,590,63,5,AREA,TROPAS_Y_ESTRUCTURAS,5
partida_8,116,TROPA_DESPLEGADA,JUGADOR_1,177,EstrategiaDefensiva,EstrategiaMenorCosto,3,0,Mago|Ejército de Esqueletos|Arqueras|Príncipe,P.E.K.K.A|Mago|Príncipe|Caballero,Caballero|Príncipe|Valquiria|Mago de Hielo|Mago|Gigante|Arqueras|Ejército de Esqueletos,Mini P.E.K.K.A|Mago|P.E.K.K.A|Bárbaros|Gigante|Mago de Hielo|Caballero|Príncipe,JUGADOR_2,Mago de Hielo,3,3,29,590,63,5,AREA,TROPAS_Y_ESTRUCTURAS,5
partida_8,120,TROPA_DESPLEGADA,JUGADOR_1,177,EstrategiaDefensiva,EstrategiaMenorCosto,0,2,Mago|Ejército de Esqueletos|Arqueras|Valquiria,P.E.K.K.A|Mago|Príncipe|Caballero,Caballero|Príncipe|Valquiria|Mago de Hielo|Mago|Gigante|Arqueras|Ejército de Esqueletos,Mini P.E.K.K.A|Mago|P.E.K.K.A|Bárbaros|Gigante|Mago de Hielo|Caballero|Príncipe,JUGADOR_1,Príncipe,5,6,2,1100,220,1,INDIVIDUAL,TROPAS_Y_ESTRUCTURAS,5
partida_8,123,TROPA_DESPLEGADA,JUGADOR_1,177,EstrategiaDefensiva,EstrategiaMenorCosto,1,0,Mago|Ejército de Esqueletos|Arqueras|Valquiria,P.E.K.K.A|Mago|Príncipe|Mini P.E.K.K.A,Caballero|Príncipe|Valquiria|Mago de Hielo|Mago|Gigante|Arqueras|Ejército de Esqueletos,Mini P.E.K.K.A|Mago|P.E.K.K.A|Bárbaros|Gigante|Mago de Hielo|Caballero|Príncipe,JUGADOR_2,Caballero,3,15,10,660,75,1,INDIVIDUAL,TROPAS_Y_ESTRUCTURAS,5
partida_8,135,TROPA_DESPLEGADA,JUGADOR_1,177,EstrategiaDefensiva,EstrategiaMenorCosto,1,4,Mago|Ejército de Esqueletos|Arqueras|Caballero,P.E.K.K.A|Mago|Príncipe|Mini P.E.K.K.A,Caballero|Príncipe|Valquiria|Mago de Hielo|Mago|Gigante|Arqueras|Ejército de Esqueletos,Mini P.E.K.K.A|Mago|P.E.K.K.A|Bárbaros|Gigante|Mago de Hielo|Caballero|Príncipe,JUGADOR_1,Valquiria,4,6,2,880,120,1,AREA,TROPAS_Y_ESTRUCTURAS,5
partida_8,135,TROPA_DESPLEGADA,JUGADOR_1,177,EstrategiaDefensiva,EstrategiaMenorCosto,1,0,Mago|Ejército de Esqueletos|Arqueras|Caballero,P.E.K.K.A|Mago|Príncipe|Bárbaros,Caballero|Príncipe|Valquiria|Mago de Hielo|Mago|Gigante|Arqueras|Ejército de Esqueletos,Mini P.E.K.K.A|Mago|P.E.K.K.A|Bárbaros|Gigante|Mago de Hielo|Caballero|Príncipe,JUGADOR_2,Mini P.E.K.K.A,4,1,21,600,340,1,INDIVIDUAL,TROPAS_Y_ESTRUCTURAS,5
partida_8,149,TROPA_DESPLEGADA,JUGADOR_1,177,EstrategiaDefensiva,EstrategiaMenorCosto,2,4,Mago|Ejército de Esqueletos|Arqueras|Gigante,P.E.K.K.A|Mago|Príncipe|Bárbaros,Caballero|Príncipe|Valquiria|Mago de Hielo|Mago|Gigante|Arqueras|Ejército de Esqueletos,Mini P.E.K.K.A|Mago|P.E.K.K.A|Bárbaros|Gigante|Mago de Hielo|Caballero|Príncipe,JUGADOR_1,Caballero,3,6,2,660,75,1,INDIVIDUAL,TROPAS_Y_ESTRUCTURAS,5
partida_8,150,TROPA_DESPLEGADA,JUGADOR_1,177,EstrategiaDefensiva,EstrategiaMenorCosto,3,0,Mago|Ejército de Esqueletos|Arqueras|Gigante,P.E.K.K.A|Príncipe|Bárbaros|Gigante,Caballero|Príncipe|Valquiria|Mago de Hielo|Mago|Gigante|Arqueras|Ejército de Esqueletos,Mini P.E.K.K.A|Mago|P.E.K.K.A|Bárbaros|Gigante|Mago de Hielo|Caballero|Príncipe,JUGADOR_2,Mago,5,14,15,340,130,5,AREA,TROPAS_Y_ESTRUCTURAS,5
partida_8,156,TROPA_DESPLEGADA,JUGADOR_1,177,EstrategiaDefensiva,EstrategiaMenorCosto,0,2,Mago|Ejército de Esqueletos|Arqueras|Mago de Hielo,P.E.K.K.A|Príncipe|Bárbaros|Gigante,Caballero|Príncipe|Valquiria|Mago de Hielo|Mago|Gigante|Arqueras|Ejército de Esqueletos,Mini P.E.K.K.A|Mago|P.E.K.K.A|Bárbaros|Gigante|Mago de Hielo|Caballero|Príncipe,JUGADOR_1,Gigante,5,6,2,2000,120,1,INDIVIDUAL,ESTRUCTURAS,5
partida_8,165,TROPA_DESPLEGADA,JUGADOR_1,177,EstrategiaDefensiva,EstrategiaMenorCosto,3,0,Mago|Ejército de Esqueletos|Arqueras|Mago de Hielo,P.E.K.K.A|Bárbaros|Gigante|Mago de Hielo,Caballero|Príncipe|Valquiria|Mago de Hielo|Mago|Gigante|Arqueras|Ejército de Esqueletos,Mini P.E.K.K.A|Mago|P.E.K.K.A|Bárbaros|Gigante|Mago de Hielo|Caballero|Príncipe,JUGADOR_2,Príncipe,5,13,13,1100,220,1,INDIVIDUAL,TROPAS_Y_ESTRUCTURAS,5
partida_8,174,TROPA_DESPLEGADA,JUGADOR_1,177,EstrategiaDefensiva,EstrategiaMenorCosto,6,0,Mago|Ejército de Esqueletos|Arqueras|Mago de Hielo,P.E.K.K.A|Bárbaros|Gigante|Caballero,Caballero|Príncipe|Valquiria|Mago de Hielo|Mago|Gigante|Arqueras|Ejército de Esqueletos,Mini P.E.K.K.A|Mago|P.E.K.K.A|Bárbaros|Gigante|Mago de Hielo|Caballero|Príncipe,JUGADOR_2,Mago de Hielo,3,0,10,590,63,5,AREA,TROPAS_Y_ESTRUCTURAS,5
partida_8,177,TROPA_DESPLEGADA,JUGADOR_1,177,EstrategiaDefensiva,EstrategiaMenorCosto,4,1,Mago|Ejército de Esqueletos|Arqueras|Príncipe,P.E.K.K.A|Bárbaros|Gigante|Caballero,Caballero|Príncipe|Valquiria|Mago de Hielo|Mago|Gigante|Arqueras|Ejército de Esqueletos,Mini P.E.K.K.A|Mago|P.E.K.K.A|Bárbaros|Gigante|Mago de Hielo|Caballero|Príncipe,JUGADOR_1,Mago de Hielo,3,6,2,590,63,5,AREA,TROPAS_Y_ESTRUCTURAS,5
partida_8,177,PARTIDA_TERMINADA,JUGADOR_1,177,EstrategiaDefensiva,EstrategiaMenorCosto,4,1,Mago|Ejército de Esqueletos|Arqueras|Príncipe,P.E.K.K.A|Bárbaros|Gigante|Caballero,Caballero|Príncipe|Valquiria|Mago de Hielo|Mago|Gigante|Arqueras|Ejército de Esqueletos,Mini P.E.K.K.A|Mago|P.E.K.K.A|Bárbaros|Gigante|Mago de Hielo|Caballero|Príncipe,,,,,,,,,,,
partida_9,1,TROPA_DESPLEGADA,JUGADOR_2,128,EstrategiaMenorCosto,EstrategiaAleatoria,2,5,P.E.K.K.A|Gigante|Príncipe|Ejército de Esqueletos,Mosquetera|Caballero|Príncipe|P.E.K.K.A,Ejército de Esqueletos|Valquiria|Caballero|Gigante|Mini P.E.K.K.A|Mago de Hielo|P.E.K.K.A|Príncipe,P.E.K.K.A|Arqueras|Mini P.E.K.K.A|Caballero|Príncipe|Gigante|Mosquetera|Bárbaros,JUGADOR_1,Caballero,3,8,9,660,75,1,INDIVIDUAL,TROPAS_Y_ESTRUCTURAS,5
partida_9,1,TROPA_DESPLEGADA,JUGADOR_2,128,EstrategiaMenorCosto,EstrategiaAleatoria,2,1,P.E.K.K.A|Gigante|Príncipe|Ejército de Esqueletos,Caballero|Príncipe|P.E.K.K.A|Mini P.E.K.K.A,Ejército de Esqueletos|Valquiria|Caballero|Gigante|Mini P.E.K.K.A|Mago de Hielo|P.E.K.K.A|Príncipe,P.E.K.K.A|Arqueras|Mini P.E.K.K.A|Caballero|Príncipe|Gigante|Mosquetera|Bárbaros,JUGADOR_2,Mosquetera,4,0,29,340,100,6,INDIVIDUAL,TROPAS_Y_ESTRUCTURAS,5
partida_9,4,TROPA_DESPLEGADA,JUGADOR_2,128,EstrategiaMenorCosto,EstrategiaAleatoria,0,2,P.E.K.K.A|Gigante|Príncipe|Mago de Hielo,Caballero|Príncipe|P.E.K.K.A|Mini P.E.K.K.A,Ejército de Esqueletos|Valquiria|Caballero|Gigante|Mini P.E.K.K.A|Mago de Hielo|P.E.K.K.A|Príncipe,P.E.K.K.A|Arqueras|Mini P.E.K.K.A|Caballero|Príncipe|Gigante|Mosquetera|Bárbaros,JUGADOR_1,Ejército de Esqueletos,3,14,2,51,51,1,INDIVIDUAL,TROPAS_Y_ESTRUCTURAS,5
partida_9,7,TROPA_DESPLEGADA,JUGADOR_2,128,EstrategiaMenorCosto,EstrategiaAleatoria,1,0,P.E.K.K.A|Gigante|Príncipe|Mago de Hielo,Príncipe|P.E.K.K.A|Mini P.E.K.K.A|Arqueras,Ejército de Esqueletos|Valquiria|Caballero|Gigante|Mini P.E.K.K.A|Mago de Hielo|P.E.K.K.A|Príncipe,P.E.K.K.A|Arqueras|Mini P.E.K.K.A|Caballero|Príncipe|Gigante|Mosquetera|Bárbaros,JUGADOR_2,Caballero,3,12,29,660,75,1,INDIVIDUAL,TROPAS_Y_ESTRUCTURAS,5
partida_9,12,TROPA_DESPLEGADA,JUGADOR_2,128,EstrategiaMenorCosto,EstrategiaAleatoria,0,2,P.E.K.K.A|Gigante|Príncipe|Mini P.E.K.K.A,Príncipe|P.E.K.K.A|Mini P.E.K.K.A|Arqueras,Ejército de Esqueletos|Valquiria|Caballero|Gigante|Mini P.E.K.K.A|Mago de Hielo|P.E.K.K.A|Príncipe,P.E.K.K.A|Arqueras|Mini P.E.K.K.A|Caballero|Príncipe|Gigante|Mosquetera|Bárbaros,JUGADOR_1,Mago de Hielo,3,9,14,590,63,5,AREA,TROPAS_Y_ESTRUCTURAS,5
partida_9,15,TROPA_DESPLEGADA,JUGADOR_2,128,EstrategiaMenorCosto,EstrategiaAleatoria,1,0,P.E.K.K.A|Gigante|Príncipe|Mini P.E.K.K.A,Príncipe|P.E.K.K.A|Mini P.E.K.K.A|Bárbaros,Ejército de Esqueletos|Valquiria|Caballero|Gigante|Mini P.E.K.K.A|Mago de Hielo|P.E.K.K.A|Príncipe,P.E.K.K.A|Arqueras|Mini P.E.K.K.A|Caballero|Príncipe|Gigante|Mosquetera|Bárbaros,JUGADOR_2,Arqueras,3,12,29,125,33,5,INDIVIDUAL,TROPAS_Y_ESTRUCTURAS,5
partida_9,24,TROPA_DESPLEGADA,JUGADOR_2,128,EstrategiaMenorCosto,EstrategiaAleatoria,0,3,P.E.K.K.A|Gigante|Príncipe|Valquiria,Príncipe|P.E.K.K.A|Mini P.E.K.K.A|Bárbaros,Ejército de Esqueletos|Valquiria|Caballero|Gigante|Mini P.E.K.K.A|Mago de Hielo|P.E.K.K.A|Príncipe,P.E.K.K.A|Arqueras|Mini P.E.K.K.A|Caballero|Príncipe|Gigante|Mosquetera|Bárbaros,JUGADOR_1,Mini P.E.K.K.A,4,17,2,600,340,1,INDIVIDUAL,TROPAS_Y_ESTRUCTURAS,5
partida_9,30,TROPA_DESPLEGADA,JUGADOR_2,128,EstrategiaMenorCosto,EstrategiaAleatoria,2,1,P.E.K.K.A|Gigante|Príncipe|Valquiria,Príncipe|P.E.K.K.A|Bárbaros|Gigante,Ejército de Esqueletos|Valquiria|Caballero|Gigante|Mini P.E.K.K.A|Mago de Hielo|P.E.K.K.A|Príncipe,P.E.K.K.A|Arqueras|Mini P.E.K.K.A|Caballero|Príncipe|Gigante|Mosquetera|Bárbaros,JUGADOR_2,Mini P.E.K.K.A,4,7,26,600,340,1,INDIVIDUAL,TROPAS_Y_ESTRUCTURAS,5
partida_9,36,TROPA_DESPLEGADA,JUGADOR_2,128,EstrategiaMenorCosto,EstrategiaAleatoria,0,3,P.E.K.K.A|Gigante|Príncipe|Caballero,Príncipe|P.E.K.K.A|Bárbaros|Gigante,Ejército de Esqueletos|Valquiria|Caballero|Gigante|Mini P.E.K.K.A|Mago de Hielo|P.E.K.K.A|Príncipe,P.E.K.K.A|Arqueras|Mini P.E.K.K.A|Caballero|Príncipe|Gigante|Mosquetera|Bárbaros,JUGADOR_1,Valquiria,4,12,10,880,120,1,AREA,TROPAS_Y_ESTRUCTURAS,5
partida_9,43,TROPA_DESPLEGADA,JUGADOR_2,128,EstrategiaMenorCosto,EstrategiaAleatoria,2,0,P.E.K.K.A|Gigante|Príncipe|Caballero,Príncipe|P.E.K.K.A|Bárbaros|Mosquetera,Ejército de Esqueletos|Valquiria|Caballero|Gigante|Mini P.E.K.K.A|Mago de Hielo|P.E.K.K.A|Príncipe,P.E.K.K.A|Arqueras|Mini P.E.K.K.A|Caballero|Príncipe|Gigante|Mosquetera|Bárbaros,JUGADOR_2,Gigante,5,16,26,2000,120,1,INDIVIDUAL,ESTRUCTURAS,5
partida_9,45,TROPA_DESPLEGADA,JUGADOR_2,128,EstrategiaMenorCosto,EstrategiaAleatoria,0,1,P.E.K.K.A|Gigante|Príncipe|Ejército de Esqueletos,Príncipe|P.E.K.K.A|Bárbaros|Mosquetera,Ejército de Esqueletos|Valquiria|Caballero|Gigante|Mini P.E.K.K.A|Mago de Hielo|P.E.K.K.A|Príncipe,P.E.K.K.A|Arqueras|Mini P.E.K.K.A|Caballero|Príncipe|Gigante|Mosquetera|Bárbaros,JUGADOR_1,Caballero,3,10,10,660,75,1,INDIVIDUAL,TROPAS_Y_ESTRUCTURAS,5
partida_9,54,TROPA_DESPLEGADA,JUGADOR_2,128,EstrategiaMenorCosto,EstrategiaAleatoria,0,4,P.E.K.K.A|Gigante|Príncipe|Mago de Hielo,Príncipe|P.E.K.K.A|Bárbaros|Mosquetera,Ejército de Esqueletos|Valquiria|Caballero|Gigante|Mini P.E.K.K.A|Mago de Hielo|P.E.K.K.A|Príncipe,P.E.K.K.A|Arqueras|Mini P.E.K.K.A|Caballero|Príncipe|Gigante|Mosquetera|Bárbaros,JUGADOR_1,Ejército de Esqueletos,3,15,1,51,51,1,INDIVIDUAL,TROPAS_Y_ESTRUCTURAS,5
partida_9,54,TROPA_DESPLEGADA,JUGADOR_2,128,EstrategiaMenorCosto,EstrategiaAleatoria,0,0,P.E.K.K.A|Gigante|Príncipe|Mago de Hielo,Príncipe|P.E.K.K.A|Bárbaros|Caballero,Ejército de Esqueletos|Valquiria|Caballero|Gigante|Mini P.E.K.K.A|Mago de Hielo|P.E.K.K.A|Príncipe,P.E.K.K.A|Arqueras|Mini P.E.K.K.A|Caballero|Príncipe|Gigante|Mosquetera|Bárbaros,JUGADOR_2,Mosquetera,4,6,25,340,100,6,INDIVIDUAL,TROPAS_Y_ESTRUCTURAS,5
partida_9,64,TROPA_DESPLEGADA,JUGADOR_2,128,EstrategiaMenorCosto,EstrategiaAleatoria,0,3,P.E.K.K.A|Gigante|Príncipe|Mini P.E.K.K.A,Príncipe|P.E.K.K.A|Bárbaros|Caballero,Ejército de Esqueletos|Valquiria|Caballero|Gigante|Mini P.E.K.K.A|Mago de Hielo|P.E.K.K.A|Príncipe,P.E.K.K.A|Arqueras|Mini P.E.K.K.A|Caballero|Príncipe|Gigante|Mosquetera|Bárbaros,JUGADOR_1,Mago de Hielo,3,6,5,590,63,5,AREA,TROPAS_Y_ESTRUCTURAS,5
partida_9,66,TROPA_DESPLEGADA,JUGADOR_2,128,EstrategiaMenorCosto,EstrategiaAleatoria,1,1,P.E.K.K.A|Gigante|Príncipe|Mini P.E.K.K.A,Príncipe|P.E.K.K.A|Bárbaros|Arqueras,Ejército de Esqueletos|Valquiria|Caballero|Gigante|Mini P.E.K.K.A|Mago de Hielo|P.E.K.K.A|Príncipe,P.E.K.K.A|Arqueras|Mini P.E.K.K.A|Caballero|Príncipe|Gigante|Mosquetera|Bárbaros,JUGADOR_2,Caballero,3,17,20,660,75,1,INDIVIDUAL,TROPAS_Y_ESTRUCTURAS,5
partida_9,72,TROPA_DESPLEGADA,JUGADOR_2,128,EstrategiaMenorCosto,EstrategiaAleatoria,3,0,P.E.K.K.A|Gigante|Príncipe|Mini P.E.K.K.A,Príncipe|P.E.K.K.A|Bárbaros|Mini P.E.K.K.A,Ejército de Esqueletos|Valquiria|Caballero|Gigante|Mini P.E.K.K.A|Mago de Hielo|P.E.K.K.A|Príncipe,P.E.K.K.A|Arqueras|Mini P.E.K.K.A|Caballero|Príncipe|Gigante|Mosquetera|Bárbaros,JUGADOR_2,Arqueras,3,16,28,125,33,5,INDIVIDUAL,TROPAS_Y_ESTRUCTURAS,5
partida_9,75,TROPA_DESPLEGADA,JUGADOR_2,128,EstrategiaMenorCosto,EstrategiaAleatoria,0,1,P.E.K.K.A|Gigante|Príncipe|Valquiria,Príncipe|P.E.K.K.A|Bárbaros|Mini P.E.K.K.A,Ejército de Esqueletos|Valquiria|Caballero|Gigante|Mini P.E.K.K.A|Mago de Hielo|P.E.K.K.A|Príncipe,P.E.K.K.A|Arqueras|Mini P.E.K.K.A|Caballero|Príncipe|Gigante|Mosquetera|Bárbaros,JUGADOR_1,Mini P.E.K.K.A,4,0,19,600,340,1,INDIVIDUAL,TROPAS_Y_ESTRUCTURAS,5
partida_9,85,TROPA_DESPLEGADA,JUGADOR_2,128,EstrategiaMenorCosto,EstrategiaAleatoria,3,0,P.E.K.K.A|Gigante|Príncipe|Valquiria,Príncipe|P.E.K.K.A|Bárbaros|Gigante,Ejército de Esqueletos|Valquiria|Caballero|Gigante|Mini P.E.K.K.A|Mago de Hielo|P.E.K.K.A|Príncipe,P.E.K.K.A|Arqueras|Mini P.E.K.K.A|Caballero|Príncipe|Gigante|Mosquetera|Bárbaros,JUGADOR_2,Mini P.E.K.K.A,4,17,20,600,340,1,INDIVIDUAL,TROPAS_Y_ESTRUCTURAS,5
partida_9,88,TROPA_DESPLEGADA,JUGADOR_2,128,EstrategiaMenorCosto,EstrategiaAleatoria,0,1,P.E.K.K.A|Gigante|Príncipe|Caballero,Príncipe|P.E.K.K.A|Bárbaros|Gigante,Ejército de Esqueletos|Valquiria|Caballero|Gigante|Mini P.E.K.K.A|Mago de Hielo|P.E.K.K.A|Príncipe,P.E.K.K.A|Arqueras|Mini P.E.K.K.A|Caballero|Príncipe|Gigante|Mosquetera|Bárbaros,JUGADOR_1,Valquiria,4,2,21,880,120,1,AREA,TROPAS_Y_ESTRUCTURAS,5
partida_9,96,TROPA_DESPLEGADA,JUGADOR_2,128,EstrategiaMenorCosto,EstrategiaAleatoria,0,4,P.E.K.K.A|Gigante|Príncipe|Ejército de Esqueletos,Príncipe|P.E.K.K.A|Bárbaros|Gigante,Ejército de Esqueletos|Valquiria|Caballero|Gigante|Mini P.E.K.K.A|Mago de Hielo|P.E.K.K.A|Príncipe,P.E.K.K.A|Arqueras|Mini P.E.K.K.A|Caballero|Príncipe|Gigante|Mosquetera|Bárbaros,JUGADOR_1,Caballero,3,0,12,660,75,1,INDIVIDUAL,TROPAS_Y_ESTRUCTURAS,5
partida_9,99,TROPA_DESPLEGADA,JUGADOR_2,128,EstrategiaMenorCosto,EstrategiaAleatoria,1,0,P.E.K.K.A|Gigante|Príncipe|Ejército de Esqueletos,Príncipe|P.E.K.K.A|Bárbaros|Mosquetera,Ejército de Esqueletos|Valquiria|Caballero|Gigante|Mini P.E.K.K.A|Mago de Hielo|P.E.K.K.A|Príncipe,P.E.K.K.A|Arqueras|Mini P.E.K.K.A|Caballero|Príncipe|Gigante|Mosquetera|Bárbaros,JUGADOR_2,Gigante,5,15,11,2000,120,1,INDIVIDUAL,ESTRUCTURAS,5
partida_9,106,TROPA_DESPLEGADA,JUGADOR_2,128,EstrategiaMenorCosto,EstrategiaAleatoria,0,2,P.E.K.K.A|Gigante|Príncipe|Mago de Hielo,Príncipe|P.E.K.K.A|Bárbaros|Mosquetera,Ejército de Esqueletos|Valquiria|Caballero|Gigante|Mini P.E.K.K.A|Mago de Hielo|P.E.K.K.A|Príncipe,P.E.K.K.A|Arqueras|Mini P.E.K.K.A|Caballero|Príncipe|Gigante|Mosquetera|Bárbaros,JUGADOR_1,Ejército de Esqueletos,3,2,4,51,51,1,INDIVIDUAL,TROPAS_Y_ESTRUCTURAS,5
partida_9,114,TROPA_DESPLEGADA,JUGADOR_2,128,EstrategiaMenorCosto,EstrategiaAleatoria,0,5,P.E.K.K.A|Gigante|Príncipe|Mini P.E.K.K.A,Príncipe|P.E.K.K.A|Bárbaros|Mosquetera,Ejército de Esqueletos|Valquiria|Caballero|Gigante|Mini P.E.K.K.A|Mago de Hielo|P.E.K.K.A|Príncipe,P.E.K.K.A|Arqueras|Mini P.E.K.K.A|Caballero|Príncipe|Gigante|Mosquetera|Bárbaros,JUGADOR_1,Mago de Hielo,3,3,3,590,63,5,AREA,TROPAS_Y_ESTRUCTURAS,5
partida_9,116,TROPA_DESPLEGADA,JUGADOR_2,128,EstrategiaMenorCosto,EstrategiaAleatoria,0,0,P.E.K.K.A|Gigante|Príncipe|Mini P.E.K.K.A,P.E.K.K.A|Bárbaros|Mosquetera|Caballero,Ejército de Esqueletos|Valquiria|Caballero|Gigante|Mini P.E.K.K.A|Mago de Hielo|P.E.K.K.A|Príncipe,P.E.K.K.A|Arqueras|Mini P.E.K.K.A|Caballero|Príncipe|Gigante|Mosquetera|Bárbaros,JUGADOR_2,Príncipe,5,9,31,1100,220,1,INDIVIDUAL,TROPAS_Y_ESTRUCTURAS,5
partida_9,123,TROPA_DESPLEGADA,JUGADOR_2,128,EstrategiaMenorCosto,EstrategiaAleatoria,3,0,P.E.K.K.A|Gigante|Príncipe|Mini P.E.K.K.A,P.E.K.K.A|Bárbaros|Mosquetera|Arqueras,Ejército de Esqueletos|Valquiria|Caballero|Gigante|Mini P.E.K.K.A|Mago de Hielo|P.E.K.K.A|Príncipe,P.E.K.K.A|Arqueras|Mini P.E.K.K.A|Caballero|Príncipe|Gigante|Mosquetera|Bárbaros,JUGADOR_2,Caballero,3,5,28,660,75,1,INDIVIDUAL,TROPAS_Y_ESTRUCTURAS,5
partida_9,126,TROPA_DESPLEGADA,JUGADOR_2,128,EstrategiaMenorCosto,EstrategiaAleatoria,0,1,P.E.K.K.A|Gigante|Príncipe|Valquiria,P.E.K.K.A|Bárbaros|Mosquetera|Arqueras,Ejército de Esqueletos|Valquiria|Caballero|Gigante|Mini P.E.K.K.A|Mago de Hielo|P.E.K.K.A|Príncipe,P.E.K.K.A|Arqueras|Mini P.E.K.K.A|Caballero|Príncipe|Gigante|Mosquetera|Bárbaros,JUGADOR_1,Mini P.E.K.K.A,4,12,3,600,340,1,INDIVIDUAL,TROPAS_Y_ESTRUCTURAS,5
partida_9,128,PARTIDA_TERMINADA,JUGADOR_2,128,EstrategiaMenorCosto,EstrategiaAleatoria,0,1,P.E.K.K.A|Gigante|Príncipe|Valquiria,P.E.K.K.A|Bárbaros|Mosquetera|Arqueras,Ejército de Esqueletos|Valquiria|Caballero|Gigante|Mini P.E.K.K.A|Mago de Hielo|P.E.K.K.A|Príncipe,P.E.K.K.A|Arqueras|Mini P.E.K.K.A|Caballero|Príncipe|Gigante|Mosquetera|Bárbaros,,,,,,,,,,,
